symbol	log2FC_median_diff	p_raw	p_adj_BH
PTRF	-2.2333549999999995	6.370650998520695e-08	2.387870153104538e-06
TRIOBP	-0.9215549999999997	1.0178292416827634e-07	2.387870153104538e-06
FAM208B	1.4820799999999998	7.560133493719071e-08	2.387870153104538e-06
SPTBN1	-1.8634499999999985	3.9598276360981405e-08	2.387870153104538e-06
PTS	1.4410299999999996	1.0178292416827634e-07	2.387870153104538e-06
ACCS	-2.25136	7.244033317864525e-08	2.387870153104538e-06
MFN1	1.30316	5.363389002065944e-08	2.387870153104538e-06
NUSAP1	5.992145000000001	8.590669561502434e-08	2.387870153104538e-06
PSMA3	1.4600399999999993	8.590669561502434e-08	2.387870153104538e-06
IPO7	1.3829799999999999	8.963473978473013e-08	2.387870153104538e-06
C21orf2	-1.7162000000000006	3.9598276360981405e-08	2.387870153104538e-06
BLOC1S2	1.8754149999999994	9.756640768979482e-08	2.387870153104538e-06
ODF2	2.614375	6.649785180689392e-08	2.387870153104538e-06
USP14	1.9297199999999997	5.599675058697613e-08	2.387870153104538e-06
ARHGEF28	-2.4867799999999995	6.370650998520695e-08	2.387870153104538e-06
SLC35A2	1.8228849999999985	4.711064882744393e-08	2.387870153104538e-06
NME6	1.8669899999999995	9.351920256909737e-08	2.387870153104538e-06
ROBO4	-3.36538	5.363389002065944e-08	2.387870153104538e-06
FAM210A	1.8593650000000004	6.940751414273362e-08	2.387870153104538e-06
LOC728903	-2.3565299999999993	6.370650998520695e-08	2.387870153104538e-06
SYF2	-1.1797500000000003	6.370650998520695e-08	2.387870153104538e-06
UBE2D2	1.1161299999999983	4.319640194601818e-08	2.387870153104538e-06
PLEKHB2	2.8965200000000006	7.244033317864525e-08	2.387870153104538e-06
SLC27A1	-2.211295	7.244033317864525e-08	2.387870153104538e-06
FCGR1CP	4.02467	8.963473978473013e-08	2.387870153104538e-06
SMC1A	1.5276200000000006	9.756334181289771e-08	2.387870153104538e-06
CNOT6	1.5277749999999992	5.1367784127282434e-08	2.387870153104538e-06
ARID5A	-2.310299999999999	5.363389002065944e-08	2.387870153104538e-06
CDK5	2.2859749999999996	9.756640768979482e-08	2.387870153104538e-06
EXOSC3	1.5806499999999994	7.88957423970528e-08	2.387870153104538e-06
EFR3A	1.6959399999999984	6.102685825274409e-08	2.387870153104538e-06
FABP4	-8.156095	6.940751414273362e-08	2.387870153104538e-06
HNRNPAB	1.7174499999999995	4.135941632754769e-08	2.387870153104538e-06
SUMO3	1.11557	9.756027601941518e-08	2.387870153104538e-06
POLR2K	2.4423399999999997	6.370650998520695e-08	2.387870153104538e-06
PLAC9	-5.905645000000001	5.363389002065944e-08	2.387870153104538e-06
KDELR2	2.5655599999999996	6.370650998520695e-08	2.387870153104538e-06
MTHFD2	2.7868899999999996	5.363213800565502e-08	2.387870153104538e-06
CEBPA-AS1	-0.9841100000000003	9.351920256909737e-08	2.387870153104538e-06
CCT6A	1.268979999999999	6.649785180689392e-08	2.387870153104538e-06
FAXDC2	-2.6202250000000014	5.1367784127282434e-08	2.387870153104538e-06
TMEM50A	1.4431100000000008	7.889322842537061e-08	2.387870153104538e-06
OPHN1	-3.1542499999999993	3.9598276360981405e-08	2.387870153104538e-06
CAPN3	-2.985965	5.363389002065944e-08	2.387870153104538e-06
IL11RA	-2.010985	7.88957423970528e-08	2.387870153104538e-06
CBWD7	2.0355299999999996	5.845845210463038e-08	2.387870153104538e-06
COPA	1.7539800000000003	4.711064882744393e-08	2.387870153104538e-06
TMCO1	1.9669899999999991	7.243801206318243e-08	2.387870153104538e-06
TFG	1.1876999999999995	5.846035131499223e-08	2.387870153104538e-06
METTL2A	3.068184999999999	4.319640194601818e-08	2.387870153104538e-06
CNIH4	2.69374	5.8456552947957335e-08	2.387870153104538e-06
BAZ1A	1.861604999999999	7.560133493719071e-08	2.387870153104538e-06
UBAP2L	1.6841250000000008	7.244033317864525e-08	2.387870153104538e-06
VDAC1	1.2808600000000006	4.511238637289703e-08	2.387870153104538e-06
SIK2	-2.2068249999999994	6.649570927691236e-08	2.387870153104538e-06
IGFBP6	-3.94574	4.319640194601818e-08	2.387870153104538e-06
ENAH	1.8638200000000005	8.963473978473013e-08	2.387870153104538e-06
SNX33	-1.6174050000000006	3.9598276360981405e-08	2.387870153104538e-06
NUTF2P4	2.826250000000001	7.88957423970528e-08	2.387870153104538e-06
SMS	2.2581299999999995	6.102883545406029e-08	2.387870153104538e-06
MAD2L1	4.920425	7.244033317864525e-08	2.387870153104538e-06
KDM1B	1.6732949999999995	8.590669561502434e-08	2.387870153104538e-06
TRIM59	4.063795	3.9598276360981405e-08	2.387870153104538e-06
PPP2CA	1.5580300000000005	5.1367784127282434e-08	2.387870153104538e-06
H2AFV	2.5951500000000003	3.9598276360981405e-08	2.387870153104538e-06
DCUN1D1	3.0154749999999995	9.351920256909737e-08	2.387870153104538e-06
PRKCI	2.8984200000000007	4.9194599415238936e-08	2.387870153104538e-06
UBE2H	2.93968	6.940751414273362e-08	2.387870153104538e-06
USP21	2.647735	7.889322842537061e-08	2.387870153104538e-06
RILP	-1.3600399999999997	6.102883545406029e-08	2.387870153104538e-06
PPM1F	-2.285545000000001	5.599675058697613e-08	2.387870153104538e-06
MIR6787	4.71402	6.649785180689392e-08	2.387870153104538e-06
TRPM7	1.5914399999999995	7.88957423970528e-08	2.387870153104538e-06
PPP1CA	1.1931399999999996	6.370445171602843e-08	2.387870153104538e-06
POLR2J	1.075610000000001	7.55989192436422e-08	2.387870153104538e-06
LOC286437	-2.318254999999999	3.9598276360981405e-08	2.387870153104538e-06
MRPS12	2.3926299999999996	6.649785180689392e-08	2.387870153104538e-06
SMC4	2.79012	3.959695786504435e-08	2.387870153104538e-06
RPL23AP32	-1.793825	8.232898286588938e-08	2.387870153104538e-06
AKT1S1	3.95642	7.560133493719071e-08	2.387870153104538e-06
FRG1BP	-1.958169999999999	4.5110896500928674e-08	2.387870153104538e-06
XPOT	1.3140999999999998	4.3193541003458137e-08	2.387870153104538e-06
MIR6716	-2.1208899999999993	4.9194599415238936e-08	2.387870153104538e-06
UBE2M	3.7980549999999993	5.599675058697613e-08	2.387870153104538e-06
SLC25A32	2.8832150000000007	5.1367784127282434e-08	2.387870153104538e-06
G3BP1	1.1756599999999988	6.940751414273362e-08	2.387870153104538e-06
COX7A1	-3.4317399999999996	6.370650998520695e-08	2.387870153104538e-06
ITCH	2.0725	4.9194599415238936e-08	2.387870153104538e-06
INTS7	2.48628	4.319640194601818e-08	2.387870153104538e-06
C1orf56	2.2523799999999996	7.244033317864525e-08	2.387870153104538e-06
NUDCD1	2.7007399999999997	4.711064882744393e-08	2.387870153104538e-06
PSMD14	1.603299999999999	6.649785180689392e-08	2.387870153104538e-06
LOC101060399	1.7844300000000004	5.363389002065944e-08	2.387870153104538e-06
ADNP	1.8245500000000003	5.363389002065944e-08	2.387870153104538e-06
SPDYE2B	-2.5985700000000005	7.88957423970528e-08	2.387870153104538e-06
UBE2W	2.028150000000001	6.370650998520695e-08	2.387870153104538e-06
TIMELESS	2.283830000000001	1.0178292416827634e-07	2.387870153104538e-06
MRPL44	2.8333749999999998	6.370650998520695e-08	2.387870153104538e-06
MINK1	-1.1834600000000002	1.0178292416827634e-07	2.387870153104538e-06
CCNB1	5.53595	4.511238637289703e-08	2.387870153104538e-06
AREL1	2.7700950000000004	6.102883545406029e-08	2.387870153104538e-06
PHF1	-1.6823350000000001	6.370650998520695e-08	2.387870153104538e-06
CDKN1C	-3.9153900000000004	7.88957423970528e-08	2.387870153104538e-06
ZNF207	2.7294599999999996	5.1367784127282434e-08	2.387870153104538e-06
SYDE1	-0.8944600000000005	4.31949714540698e-08	2.387870153104538e-06
RNPEPL1	-1.1194750000000004	9.756334181289771e-08	2.387870153104538e-06
SS18	1.7236400000000005	6.102883545406029e-08	2.387870153104538e-06
SCRN2	-2.9807449999999998	7.88957423970528e-08	2.387870153104538e-06
PSMD11	2.0103899999999992	9.756640768979482e-08	2.387870153104538e-06
MAPKAPK5	2.1245000000000003	7.244033317864525e-08	2.387870153104538e-06
PPP2R5E	1.4109400000000019	5.845845210463038e-08	2.387870153104538e-06
TCTN2	-2.7901500000000006	4.511238637289703e-08	2.387870153104538e-06
SLF2	1.5213400000000004	7.244033317864525e-08	2.387870153104538e-06
SKIL	1.8295600000000007	3.959695786504435e-08	2.387870153104538e-06
ROBO3	-2.6259499999999996	5.363213800565502e-08	2.387870153104538e-06
RRM2	5.799004999999999	1.0178292416827634e-07	2.387870153104538e-06
TNRC6B	-1.1613100000000003	8.590669561502434e-08	2.387870153104538e-06
PPP1R15B	1.8607449999999996	4.511238637289703e-08	2.387870153104538e-06
PPP4C	2.26584	3.9598276360981405e-08	2.387870153104538e-06
ATAD2	3.6894350000000005	4.511238637289703e-08	2.387870153104538e-06
TGIF2-C20orf24	1.4959500000000006	8.590397342901661e-08	2.387870153104538e-06
PLA2R1	-3.0781600000000005	4.511238637289703e-08	2.387870153104538e-06
TINAGL1	-1.9181849999999994	5.1367784127282434e-08	2.387870153104538e-06
CSNK1A1	1.0540000000000003	1.0178292416827634e-07	2.387870153104538e-06
LIMS2	-3.28829	4.135941632754769e-08	2.387870153104538e-06
MMP11	6.362419999999999	6.102685825274409e-08	2.387870153104538e-06
NAALADL1	-1.17633	9.756640768979482e-08	2.387870153104538e-06
PNPT1	2.1703899999999985	3.9598276360981405e-08	2.387870153104538e-06
CDC42	2.5637399999999992	8.590397342901661e-08	2.387870153104538e-06
STAT5A	-2.877585	8.963473978473013e-08	2.387870153104538e-06
HOXA5	-5.705654999999999	1.0178292416827634e-07	2.387870153104538e-06
DNAH1	-0.5895200000000003	7.244033317864525e-08	2.387870153104538e-06
PARP9	2.7292499999999995	1.0177973473232468e-07	2.387870153104538e-06
ATP6V1G1	1.9467499999999998	7.560133493719071e-08	2.387870153104538e-06
EDNRB	-4.718655	7.560133493719071e-08	2.387870153104538e-06
SLIT3	-2.47417	4.31949714540698e-08	2.387870153104538e-06
AMT	-2.96812	6.649785180689392e-08	2.387870153104538e-06
LARP4B	4.094134999999999	4.711064882744393e-08	2.387870153104538e-06
FAM208A	1.5703950000000004	7.88957423970528e-08	2.387870153104538e-06
MTX2	1.697940000000001	9.756640768979482e-08	2.387870153104538e-06
CYP1A2	-1.3801350000000001	7.244033317864525e-08	2.387870153104538e-06
MTMR9LP	-1.7737700000000007	3.9598276360981405e-08	2.387870153104538e-06
VPS51	-2.117060000000002	4.135941632754769e-08	2.387870153104538e-06
RAD23B	1.7993299999999994	4.511238637289703e-08	2.387870153104538e-06
LMOD1	-4.730755	3.959695786504435e-08	2.387870153104538e-06
DPM1	1.5967500000000001	1.0177973473232468e-07	2.387870153104538e-06
LINC00482	-0.8280200000000004	1.0178292416827634e-07	2.387870153104538e-06
SLC25A27	-3.3684100000000003	1.0178292416827634e-07	2.387870153104538e-06
H2AFY	1.5273500000000002	4.1356669577966593e-08	2.387870153104538e-06
MFSD14B	1.6231950000000008	1.0178292416827634e-07	2.387870153104538e-06
DNAJA1	1.749950000000002	3.9598276360981405e-08	2.387870153104538e-06
FAM120A	1.485050000000001	6.649142439693209e-08	2.387870153104538e-06
BTNL9	-5.232074999999999	4.511238637289703e-08	2.387870153104538e-06
ZWINT	4.862985	6.370650998520695e-08	2.387870153104538e-06
ADIPOR1	1.816180000000001	3.9598276360981405e-08	2.387870153104538e-06
SUMO4	1.2275150000000004	4.711064882744393e-08	2.387870153104538e-06
LOC101930064	-1.8197149999999995	4.511238637289703e-08	2.387870153104538e-06
CAPRIN1	2.0002700000000004	7.243801206318243e-08	2.387870153104538e-06
COLCA1	-3.1182500000000015	3.9598276360981405e-08	2.387870153104538e-06
SEMA3G	-5.201725	5.599675058697613e-08	2.387870153104538e-06
LOC100288911	-4.2857899999999995	6.649785180689392e-08	2.387870153104538e-06
MIR21	4.457200000000001	5.846035131499223e-08	2.387870153104538e-06
VMP1	5.628744999999999	6.649785180689392e-08	2.387870153104538e-06
PMS2P2	2.9013400000000003	7.88957423970528e-08	2.387870153104538e-06
CHRDL1	-6.66213	6.102883545406029e-08	2.387870153104538e-06
EGFL7	-1.936234999999999	9.351920256909737e-08	2.387870153104538e-06
UBE2D3	1.1771499999999993	8.963190737116129e-08	2.387870153104538e-06
ANKRD53	-1.3314050000000002	9.351920256909737e-08	2.387870153104538e-06
CSE1L	1.598650000000001	6.370650998520695e-08	2.387870153104538e-06
TSEN15	1.8150749999999984	6.102685825274409e-08	2.387870153104538e-06
NPFF	-1.4997200000000008	6.940751414273362e-08	2.387870153104538e-06
CIRBP	-2.058399999999999	6.370445171602843e-08	2.387870153104538e-06
AK2	1.7163649999999997	7.244033317864525e-08	2.387870153104538e-06
CLDN11	-4.522170000000001	9.756640768979482e-08	2.387870153104538e-06
YDJC	1.5725349999999993	6.102883545406029e-08	2.387870153104538e-06
ALDH1L1	-2.257345000000001	4.319640194601818e-08	2.387870153104538e-06
FAM91A1	1.4969200000000003	6.102685825274409e-08	2.387870153104538e-06
UNC93B1	1.9718249999999995	5.363389002065944e-08	2.387870153104538e-06
FAM96A	1.7791500000000013	3.9598276360981405e-08	2.387870153104538e-06
MRPL3	1.8060799999999997	4.511238637289703e-08	2.387870153104538e-06
COA6	1.633725000000001	4.511238637289703e-08	2.387870153104538e-06
NPR1	-1.9001350000000006	4.319640194601818e-08	2.387870153104538e-06
ECSCR	-1.7783500000000005	8.963473978473013e-08	2.387870153104538e-06
PRPF18	1.8759049999999986	9.756640768979482e-08	2.387870153104538e-06
P4HA1	2.2220249999999986	8.232898286588938e-08	2.387870153104538e-06
G0S2	-5.1316	1.0178292416827634e-07	2.387870153104538e-06
DAP3	1.1176500000000011	5.599492640267585e-08	2.387870153104538e-06
ACACB	-5.813295000000001	5.599675058697613e-08	2.387870153104538e-06
PARP1	2.0291249999999996	3.9598276360981405e-08	2.387870153104538e-06
AOC3	-4.7023150000000005	9.756640768979482e-08	2.387870153104538e-06
FOXO4	-1.336945	5.363389002065944e-08	2.387870153104538e-06
RAB11A	1.2007999999999992	4.5110896500928674e-08	2.387870153104538e-06
TBC1D13	-1.0538800000000004	8.232898286588938e-08	2.387870153104538e-06
UBE2C	5.810899999999999	9.351920256909737e-08	2.387870153104538e-06
C1orf27	1.866600000000001	7.244033317864525e-08	2.387870153104538e-06
C1orf131	1.992774999999999	6.102883545406029e-08	2.387870153104538e-06
RITA1	1.5236549999999998	5.846035131499223e-08	2.387870153104538e-06
ADSS	2.2955200000000016	5.599675058697613e-08	2.387870153104538e-06
TNS1	-3.0594	3.9598276360981405e-08	2.387870153104538e-06
LOC101927673	1.502485	8.232636677777171e-08	2.387870153104538e-06
ILF2	1.91878	6.370650998520695e-08	2.387870153104538e-06
WDTC1	-1.5176550000000004	6.102883545406029e-08	2.387870153104538e-06
MIR4723	3.1145250000000004	9.756640768979482e-08	2.387870153104538e-06
ZNF747	-1.4218849999999996	4.319640194601818e-08	2.387870153104538e-06
IFI30	2.51131	7.244033317864525e-08	2.387870153104538e-06
SEC61A2	1.5746700000000002	5.363389002065944e-08	2.387870153104538e-06
HIST2H2AA4	3.812000000000001	8.590669561502434e-08	2.387870153104538e-06
CTBP1-AS2	-1.936985	8.590669561502434e-08	2.387870153104538e-06
MGAT2	1.3481900000000007	9.351920256909737e-08	2.387870153104538e-06
KRAS	1.7012000000000018	4.919298358236081e-08	2.387870153104538e-06
ARMC10	2.2825549999999994	7.560133493719071e-08	2.387870153104538e-06
PCNA	2.6528100000000006	4.9194599415238936e-08	2.387870153104538e-06
JAM2	-4.053565	7.560133493719071e-08	2.387870153104538e-06
FLVCR1	1.8483799999999988	9.351920256909737e-08	2.387870153104538e-06
LTBP4	-2.882275	5.846035131499223e-08	2.387870153104538e-06
SFPQ	1.3252500000000005	4.711064882744393e-08	2.387870153104538e-06
TMEM14A	1.8771250000000004	4.319640194601818e-08	2.387870153104538e-06
FTSJ1	1.4534099999999999	6.940751414273362e-08	2.387870153104538e-06
UBE2G1	3.3116700000000012	6.102883545406029e-08	2.387870153104538e-06
CLDN19	-1.2595299999999998	6.370650998520695e-08	2.387870153104538e-06
KANK3	-3.026909999999999	3.9598276360981405e-08	2.387870153104538e-06
PRELID3B	2.169854999999999	4.319640194601818e-08	2.387870153104538e-06
MARCKSL1	2.1582100000000004	8.232898286588938e-08	2.387870153104538e-06
PDCD10	1.4529499999999995	5.599492640267585e-08	2.387870153104538e-06
GRSF1	1.6095950000000006	5.1367784127282434e-08	2.387870153104538e-06
HSPE1	1.6932299999999998	4.9194599415238936e-08	2.387870153104538e-06
PPP5C	2.47687	6.649785180689392e-08	2.387870153104538e-06
TMEFF2	-4.501405	6.940751414273362e-08	2.387870153104538e-06
CLDN5	-3.7487999999999992	5.846035131499223e-08	2.387870153104538e-06
COPB2	1.546949999999999	3.9598276360981405e-08	2.387870153104538e-06
XRN2	1.636095	9.756640768979482e-08	2.387870153104538e-06
TMEM206	4.443054999999999	7.88957423970528e-08	2.387870153104538e-06
EBF1	-3.862355000000001	5.1367784127282434e-08	2.387870153104538e-06
SGPL1	2.7112750000000005	3.9598276360981405e-08	2.387870153104538e-06
ZNF217	1.9504799999999989	6.102685825274409e-08	2.387870153104538e-06
STX3	2.3215000000000003	8.232898286588938e-08	2.387870153104538e-06
SMC6	2.8720549999999996	5.1367784127282434e-08	2.387870153104538e-06
HMGCR	2.2470550000000014	7.88957423970528e-08	2.387870153104538e-06
RPS11	-2.9229450000000003	5.846035131499223e-08	2.387870153104538e-06
RBMS3	-3.726119999999999	5.599675058697613e-08	2.387870153104538e-06
PDIA4	1.782029999999999	4.511238637289703e-08	2.387870153104538e-06
SLC25A39	2.3302500000000013	4.9194599415238936e-08	2.387870153104538e-06
LRIF1	3.140125000000001	6.649785180689392e-08	2.387870153104538e-06
FYTTD1	1.5234200000000016	1.0178292416827634e-07	2.387870153104538e-06
GORAB	1.7945849999999997	4.511238637289703e-08	2.387870153104538e-06
ZWILCH	2.787890000000001	4.9194599415238936e-08	2.387870153104538e-06
SRP19	1.223155000000002	5.1367784127282434e-08	2.387870153104538e-06
CCDC117	1.3294499999999996	7.244033317864525e-08	2.387870153104538e-06
PLAUR	4.772569999999999	4.711064882744393e-08	2.387870153104538e-06
TP53RK	2.807224999999999	5.363389002065944e-08	2.387870153104538e-06
AP3B1	2.582815	6.102883545406029e-08	2.387870153104538e-06
PIP5K1A	1.8643699999999992	9.351920256909737e-08	2.387870153104538e-06
VWF	-3.33375	4.9194599415238936e-08	2.387870153104538e-06
SPTSSA	2.9987000000000004	6.649785180689392e-08	2.387870153104538e-06
MYD88	1.1802600000000005	4.9194599415238936e-08	2.387870153104538e-06
LOC100506538	3.1514500000000005	4.711064882744393e-08	2.387870153104538e-06
AKIRIN1	2.6176650000000006	9.351920256909737e-08	2.387870153104538e-06
CKAP5	3.28782	4.9194599415238936e-08	2.387870153104538e-06
SRPX	-3.62153	8.963473978473013e-08	2.387870153104538e-06
UBE2S	4.901225	6.102883545406029e-08	2.387870153104538e-06
DNAJC21	1.5048800000000009	8.590669561502434e-08	2.387870153104538e-06
MED8	1.6747249999999996	8.590669561502434e-08	2.387870153104538e-06
SLC20A1	2.22706	4.511238637289703e-08	2.387870153104538e-06
EDEM3	1.4703499999999998	5.599675058697613e-08	2.387870153104538e-06
TMPPE	1.5654999999999992	7.560133493719071e-08	2.387870153104538e-06
STAM	1.975130000000001	5.1367784127282434e-08	2.387870153104538e-06
FBXO45	1.78444	7.560133493719071e-08	2.387870153104538e-06
NIPA2	1.1413849999999996	7.560133493719071e-08	2.387870153104538e-06
OAZ2	2.163154999999999	4.511238637289703e-08	2.387870153104538e-06
INTS8	1.2156099999999999	5.1367784127282434e-08	2.387870153104538e-06
PRCC	2.4305200000000005	3.9598276360981405e-08	2.387870153104538e-06
RBM12B	2.36278	6.370650998520695e-08	2.387870153104538e-06
CHKB	-1.1887000000000008	1.0178292416827634e-07	2.387870153104538e-06
MRPL42	4.521934999999999	3.9598276360981405e-08	2.387870153104538e-06
HIST1H2BC	2.7610449999999993	8.963190737116129e-08	2.387870153104538e-06
MAP4	-1.677450000000002	7.244033317864525e-08	2.387870153104538e-06
TPM4	3.0032049999999995	4.319640194601818e-08	2.387870153104538e-06
STAMBP	1.2342150000000007	6.940751414273362e-08	2.387870153104538e-06
ASCC3	2.1705450000000006	7.88957423970528e-08	2.387870153104538e-06
LOC101930655	1.747935	4.511238637289703e-08	2.387870153104538e-06
ENOPH1	1.7664299999999997	4.135941632754769e-08	2.387870153104538e-06
SORBS3	-1.4727750000000004	5.1367784127282434e-08	2.387870153104538e-06
POLR1B	1.8951350000000007	6.940751414273362e-08	2.387870153104538e-06
MRPL35	1.5394499999999995	5.599675058697613e-08	2.387870153104538e-06
DONSON	3.509804999999999	6.649785180689392e-08	2.387870153104538e-06
MIR6741	1.5790399999999982	1.0178292416827634e-07	2.387870153104538e-06
APH1A	2.803630000000001	6.649785180689392e-08	2.387870153104538e-06
PSMD10	2.214759999999999	6.370239350466868e-08	2.387870153104538e-06
IPO9	1.3706899999999997	5.363213800565502e-08	2.387870153104538e-06
CUL2	2.2550049999999997	4.511238637289703e-08	2.387870153104538e-06
RBM12	1.8197899999999994	4.319640194601818e-08	2.387870153104538e-06
TMTC3	1.9130800000000008	6.649785180689392e-08	2.387870153104538e-06
LAGE3	2.6536300000000006	1.0178292416827634e-07	2.387870153104538e-06
UCHL5	2.8432950000000003	7.88957423970528e-08	2.387870153104538e-06
CPSF6	1.3344049999999985	3.9598276360981405e-08	2.387870153104538e-06
TMEM248	1.4810799999999986	4.711064882744393e-08	2.387870153104538e-06
MIA3	1.697445	8.232898286588938e-08	2.387870153104538e-06
NUFIP2	1.5022599999999997	7.88957423970528e-08	2.387870153104538e-06
RIT1	3.73585	5.599675058697613e-08	2.387870153104538e-06
PAFAH1B3	1.8255749999999997	7.88957423970528e-08	2.387870153104538e-06
RPAP3	1.6298899999999996	4.319640194601818e-08	2.387870153104538e-06
NAA15	1.7471699999999988	7.244033317864525e-08	2.387870153104538e-06
MSH2	2.1609550000000013	7.88957423970528e-08	2.387870153104538e-06
TMEM167A	2.6133300000000004	4.135941632754769e-08	2.387870153104538e-06
C3orf38	1.4366850000000007	5.599675058697613e-08	2.387870153104538e-06
PRPF4	1.3911950000000006	1.0178292416827634e-07	2.387870153104538e-06
PRRC1	1.8556100000000004	1.0177973473232468e-07	2.387870153104538e-06
PPP1R11	1.5418649999999996	1.0178292416827634e-07	2.387870153104538e-06
UBXN1	-1.310410000000001	4.511238637289703e-08	2.387870153104538e-06
DMXL2	1.6510300000000004	1.0178292416827634e-07	2.387870153104538e-06
POLE3	2.3286749999999996	8.232636677777171e-08	2.387870153104538e-06
COL10A1	7.8903	6.649356680692567e-08	2.387870153104538e-06
CASP3	1.409114999999999	6.370650998520695e-08	2.387870153104538e-06
SAP30	2.338425	5.846035131499223e-08	2.387870153104538e-06
UHRF1BP1	1.4934000000000012	9.756640768979482e-08	2.387870153104538e-06
ALYREF	6.014635	4.319640194601818e-08	2.387870153104538e-06
SELT	3.0275800000000004	3.9598276360981405e-08	2.387870153104538e-06
DNAJC3	3.6875199999999992	4.9194599415238936e-08	2.387870153104538e-06
SLC50A1	1.9728899999999996	5.1367784127282434e-08	2.387870153104538e-06
TOP2A	6.921500000000001	6.102883545406029e-08	2.387870153104538e-06
RPUSD4	-1.2790400000000002	8.963473978473013e-08	2.387870153104538e-06
ALDH18A1	1.3154700000000012	9.351920256909737e-08	2.387870153104538e-06
AGO2	2.9560700000000004	6.370650998520695e-08	2.387870153104538e-06
COPZ1	2.6080300000000003	4.319640194601818e-08	2.387870153104538e-06
FAM219B	-1.424505	1.0178292416827634e-07	2.387870153104538e-06
TAF4	1.732450000000001	8.590669561502434e-08	2.387870153104538e-06
ATF6	1.7135649999999991	4.135941632754769e-08	2.387870153104538e-06
EZH1	-2.320684999999999	6.370650998520695e-08	2.387870153104538e-06
ARV1	2.093679999999999	1.0178292416827634e-07	2.387870153104538e-06
DNMT1	1.783990000000001	4.9194599415238936e-08	2.387870153104538e-06
ORMDL2	2.0792100000000007	4.319640194601818e-08	2.387870153104538e-06
TOR1A	2.7630500000000007	6.649785180689392e-08	2.387870153104538e-06
YWHAH	3.655005000000001	3.9598276360981405e-08	2.387870153104538e-06
COQ10B	1.8411100000000005	9.756334181289771e-08	2.387870153104538e-06
RBBP4	1.6862499999999994	4.7109097205341e-08	2.387870153104538e-06
RMI1	2.8430799999999987	4.711064882744393e-08	2.387870153104538e-06
HN1L	1.777470000000001	5.599675058697613e-08	2.387870153104538e-06
ZMPSTE24	1.4520700000000009	8.590669561502434e-08	2.387870153104538e-06
PEX13	1.8143399999999996	3.9598276360981405e-08	2.387870153104538e-06
CENPF	5.3671299999999995	5.1367784127282434e-08	2.387870153104538e-06
GON7	2.505964999999999	6.370650998520695e-08	2.387870153104538e-06
COG5	2.653384999999999	5.599675058697613e-08	2.387870153104538e-06
CPSF2	2.24334	4.511238637289703e-08	2.387870153104538e-06
PRC1	6.01478	6.649785180689392e-08	2.387870153104538e-06
PPP4R2	2.0653500000000005	3.959695786504435e-08	2.387870153104538e-06
HIST1H2BE	3.170065000000001	5.846035131499223e-08	2.387870153104538e-06
FLAD1	2.0543749999999985	5.846035131499223e-08	2.387870153104538e-06
PUM2	1.1828699999999994	1.0178292416827634e-07	2.387870153104538e-06
LOC105379426	-2.861464999999999	6.370650998520695e-08	2.387870153104538e-06
VPS72	1.8477050000000013	6.940751414273362e-08	2.387870153104538e-06
CKS2	4.904600000000001	4.9194599415238936e-08	2.387870153104538e-06
UBE2K	1.182739999999999	5.1367784127282434e-08	2.387870153104538e-06
SPAG1	3.8285000000000005	5.363389002065944e-08	2.387870153104538e-06
GSPT1	1.6484100000000002	3.9598276360981405e-08	2.387870153104538e-06
DCAF13	2.1017899999999994	4.7109097205341e-08	2.387870153104538e-06
ATP2A2	2.393720000000002	3.959695786504435e-08	2.387870153104538e-06
PAICS	1.8609100000000005	1.0177973473232468e-07	2.387870153104538e-06
SRD5A3	3.0254399999999997	6.940751414273362e-08	2.387870153104538e-06
COL11A1	8.282000000000002	8.963190737116129e-08	2.387870153104538e-06
TK1	4.4707	9.756640768979482e-08	2.387870153104538e-06
UBE2N	1.2188499999999998	4.9194599415238936e-08	2.387870153104538e-06
ECT2	4.70224	3.9598276360981405e-08	2.387870153104538e-06
EPT1	3.5973250000000005	7.560133493719071e-08	2.387870153104538e-06
RECK	-2.77825	3.9598276360981405e-08	2.387870153104538e-06
GSN	-1.982099999999999	4.135941632754769e-08	2.387870153104538e-06
SLC35B1	2.217055	6.940751414273362e-08	2.387870153104538e-06
HPRT1	2.446785	6.370650998520695e-08	2.387870153104538e-06
ATP6V1A	0.9353400000000018	1.0178292416827634e-07	2.387870153104538e-06
OSTC	2.594760000000001	4.31949714540698e-08	2.387870153104538e-06
ZBTB4	-1.9049999999999994	4.319640194601818e-08	2.387870153104538e-06
KCTD5	3.545865	4.135941632754769e-08	2.387870153104538e-06
GABPB1	1.1956450000000007	8.232898286588938e-08	2.387870153104538e-06
SLBP	1.8990500000000008	1.0178292416827634e-07	2.387870153104538e-06
TAF12	2.5427850000000003	6.508558587446868e-08	2.387870153104538e-06
BRI3BP	2.35712	4.511238637289703e-08	2.387870153104538e-06
TCF7L2	-2.2428500000000007	4.711064882744393e-08	2.387870153104538e-06
ISG20L2	2.2303599999999992	4.9194599415238936e-08	2.387870153104538e-06
RAP2B	3.96887	7.88957423970528e-08	2.387870153104538e-06
SNRNP25	1.8277949999999983	5.599675058697613e-08	2.387870153104538e-06
EHD2	-2.2561099999999996	8.590669561502434e-08	2.387870153104538e-06
HAT1	1.5756099999999993	4.511238637289703e-08	2.387870153104538e-06
GLIDR	-1.475885	8.963473978473013e-08	2.387870153104538e-06
KIZ	-1.4757599999999993	4.511238637289703e-08	2.387870153104538e-06
TMEM70	2.392970000000002	4.510791688574607e-08	2.387870153104538e-06
LRR1	3.30337	1.0178292416827634e-07	2.387870153104538e-06
DPY30	1.7200999999999986	7.560133493719071e-08	2.387870153104538e-06
POLR3K	3.77222	3.9598276360981405e-08	2.387870153104538e-06
UHRF1	4.184170000000001	9.351920256909737e-08	2.387870153104538e-06
TMEM165	1.7880500000000001	4.7109097205341e-08	2.387870153104538e-06
SULF1	4.643369999999999	1.0177973473232468e-07	2.387870153104538e-06
GATC	1.023489999999999	4.7109097205341e-08	2.387870153104538e-06
DDA1	3.574525	4.511238637289703e-08	2.387870153104538e-06
PCNX1	-2.1563800000000004	6.102883545406029e-08	2.387870153104538e-06
SF3B4	1.5456350000000016	9.351920256909737e-08	2.387870153104538e-06
NCBP1	2.83899	5.599675058697613e-08	2.387870153104538e-06
CWF19L2	-2.4398750000000007	4.135941632754769e-08	2.387870153104538e-06
FBXO22	1.5857899999999994	8.963473978473013e-08	2.387870153104538e-06
MAPRE1	1.377460000000001	5.846035131499223e-08	2.387870153104538e-06
MCM4	2.77804	5.363389002065944e-08	2.387870153104538e-06
ABHD12	3.0895399999999995	5.1367784127282434e-08	2.387870153104538e-06
SCD5	-4.504165	3.9598276360981405e-08	2.387870153104538e-06
PBK	4.787415	1.0178292416827634e-07	2.387870153104538e-06
TIGAR	3.460630000000001	5.599675058697613e-08	2.387870153104538e-06
MPDU1	2.395105	6.102883545406029e-08	2.387870153104538e-06
GSK3B	1.7699949999999998	6.940751414273362e-08	2.387870153104538e-06
ARPC4-TTLL3	4.29428	5.846035131499223e-08	2.387870153104538e-06
KNTC1	2.7066749999999997	6.940751414273362e-08	2.387870153104538e-06
DYRK2	3.326319999999999	6.102883545406029e-08	2.387870153104538e-06
POLR2J4	1.5851949999999997	8.232636677777171e-08	2.387870153104538e-06
ATP6V0B	2.1599900000000005	4.135804293285173e-08	2.387870153104538e-06
NAGK	1.1735100000000003	1.0178292416827634e-07	2.387870153104538e-06
EZH2	4.639935000000001	5.363389002065944e-08	2.387870153104538e-06
ABRACL	3.0850800000000005	7.244033317864525e-08	2.387870153104538e-06
PSENEN	4.359315	4.135941632754769e-08	2.387870153104538e-06
KIF2A	2.702445	4.135941632754769e-08	2.387870153104538e-06
SQLE	4.366219999999999	3.9598276360981405e-08	2.387870153104538e-06
DNAH3	-3.3577500000000002	3.9598276360981405e-08	2.387870153104538e-06
H2BFS	4.678640000000001	5.1367784127282434e-08	2.387870153104538e-06
UBE2T	5.802019999999999	3.9598276360981405e-08	2.387870153104538e-06
CFD	-5.618789999999999	3.9598276360981405e-08	2.387870153104538e-06
TM9SF1	1.984350000000001	8.590669561502434e-08	2.387870153104538e-06
HSPA9	1.4627	6.370650998520695e-08	2.387870153104538e-06
HIST1H2BH	3.2770149999999987	3.9598276360981405e-08	2.387870153104538e-06
DPP3	2.2239000000000004	7.88957423970528e-08	2.387870153104538e-06
HIST1H2BD	3.1824400000000006	4.9194599415238936e-08	2.387870153104538e-06
WDR26	1.6981099999999998	4.7109097205341e-08	2.387870153104538e-06
ADAMTS5	-3.4863049999999998	4.135941632754769e-08	2.387870153104538e-06
LLPH	2.5200999999999993	7.244033317864525e-08	2.387870153104538e-06
TFDP1	1.6902600000000003	7.88957423970528e-08	2.387870153104538e-06
PLEKHM1	-1.023295000000001	1.0178292416827634e-07	2.387870153104538e-06
MELK	4.5958450000000015	9.756640768979482e-08	2.387870153104538e-06
NAA20	1.4784500000000005	6.649785180689392e-08	2.387870153104538e-06
RAB8A	1.6659550000000003	6.102883545406029e-08	2.387870153104538e-06
B4GAT1	-1.5349649999999997	8.590669561502434e-08	2.387870153104538e-06
RGS19	1.4186699999999997	4.711064882744393e-08	2.387870153104538e-06
ADAM33	-1.8359100000000002	4.711064882744393e-08	2.387870153104538e-06
ACP1	2.0205199999999994	5.363389002065944e-08	2.387870153104538e-06
ANKIB1	1.3968600000000002	7.243801206318243e-08	2.387870153104538e-06
ACBD3	1.3274799999999995	6.370445171602843e-08	2.387870153104538e-06
GOLGA8N	-1.4776999999999987	3.959695786504435e-08	2.387870153104538e-06
LEO1	2.0497449999999997	7.88957423970528e-08	2.387870153104538e-06
RABIF	2.7717	4.511238637289703e-08	2.387870153104538e-06
PNP	5.43816	3.9598276360981405e-08	2.387870153104538e-06
ZDHHC9	2.1383850000000004	6.370650998520695e-08	2.387870153104538e-06
ACTL6A	2.0724800000000005	5.1367784127282434e-08	2.387870153104538e-06
EIF2AK1	1.7321100000000005	4.319640194601818e-08	2.387870153104538e-06
TOP1	1.3903900000000018	4.7109097205341e-08	2.387870153104538e-06
FARP2	1.6135799999999998	7.88957423970528e-08	2.387870153104538e-06
IFI6	3.247849999999999	9.351920256909737e-08	2.387870153104538e-06
B4GALT4	1.2576999999999998	8.590669561502434e-08	2.387870153104538e-06
JADE1	-2.0809750000000005	1.0178292416827634e-07	2.387870153104538e-06
LPL	-5.806889999999999	8.590669561502434e-08	2.387870153104538e-06
SIAH2	2.576710000000001	4.319640194601818e-08	2.387870153104538e-06
GORASP2	1.13321	7.88957423970528e-08	2.387870153104538e-06
HMOX2	1.51356	5.1367784127282434e-08	2.387870153104538e-06
DHTKD1	3.170235000000001	9.351920256909737e-08	2.387870153104538e-06
UBE2I	1.151530000000001	1.0178292416827634e-07	2.387870153104538e-06
WDR77	1.2815450000000004	6.940751414273362e-08	2.387870153104538e-06
HSPE1-MOB4	1.8139800000000008	3.959695786504435e-08	2.387870153104538e-06
ELAVL1	2.16324	4.135804293285173e-08	2.387870153104538e-06
NISCH	-1.9516599999999986	4.511238637289703e-08	2.387870153104538e-06
CERS2	2.2117400000000007	4.711064882744393e-08	2.387870153104538e-06
HNRNPF	2.755984999999998	5.363389002065944e-08	2.387870153104538e-06
MIR3658	3.055865	6.102883545406029e-08	2.387870153104538e-06
NVL	1.5421500000000004	6.649785180689392e-08	2.387870153104538e-06
PPP1R14A	-5.335920000000001	5.599675058697613e-08	2.387870153104538e-06
PPP2R1A	1.2006350000000001	7.244033317864525e-08	2.387870153104538e-06
OXTR	-6.512249999999999	4.511238637289703e-08	2.387870153104538e-06
TGIF1	2.1681349999999995	8.963473978473013e-08	2.387870153104538e-06
RFC5	1.7899699999999994	7.88957423970528e-08	2.387870153104538e-06
ARL6IP1	1.5382999999999996	4.9194599415238936e-08	2.387870153104538e-06
ADGRD2	-1.7349849999999996	7.560133493719071e-08	2.387870153104538e-06
MCTP2	-1.3286999999999995	5.846035131499223e-08	2.387870153104538e-06
ACTR3	1.8636499999999998	4.135804293285173e-08	2.387870153104538e-06
NRIP2	-1.1880450000000002	7.244033317864525e-08	2.387870153104538e-06
LOC441666	-5.35954	3.9598276360981405e-08	2.387870153104538e-06
HOXD9	-1.7589699999999997	6.102883545406029e-08	2.387870153104538e-06
TP53AIP1	-2.54001	9.351920256909737e-08	2.387870153104538e-06
HSPB2	-3.4362949999999994	4.9194599415238936e-08	2.387870153104538e-06
MFAP2	4.349845000000001	6.940751414273362e-08	2.387870153104538e-06
CIDEC	-6.507265	6.370650998520695e-08	2.387870153104538e-06
MRPL13	2.8195549999999994	4.9194599415238936e-08	2.387870153104538e-06
PRDX1	1.6361500000000007	5.599675058697613e-08	2.387870153104538e-06
MUC3A	-1.7065349999999997	4.319640194601818e-08	2.387870153104538e-06
H3F3AP4	0.609	7.55989192436422e-08	2.387870153104538e-06
HNRNPR	0.8931499999999986	9.351920256909737e-08	2.387870153104538e-06
LOC101927345	-3.89738	7.244033317864525e-08	2.387870153104538e-06
SNRPG	1.0909999999999993	4.135941632754769e-08	2.387870153104538e-06
HM13	1.1784599999999994	8.232898286588938e-08	2.387870153104538e-06
HABP4	-0.7170949999999996	8.232898286588938e-08	2.387870153104538e-06
TMEM183B	2.0787050000000002	4.319640194601818e-08	2.387870153104538e-06
TIMP4	-6.30124	8.590397342901661e-08	2.387870153104538e-06
EIF2AK3	1.4661799999999996	8.590669561502434e-08	2.387870153104538e-06
ATP1A2	-4.624700000000001	6.649785180689392e-08	2.387870153104538e-06
FXYD1	-4.750310000000001	4.9194599415238936e-08	2.387870153104538e-06
CA4	-2.83324	4.5110896500928674e-08	2.387870153104538e-06
COPG2IT1	-4.068175	5.599675058697613e-08	2.387870153104538e-06
XPO1	0.9568500000000011	1.0178292416827634e-07	2.387870153104538e-06
HNRNPU	1.1361500000000007	5.721198062971107e-08	2.387870153104538e-06
TNAP	-1.2575500000000002	1.0178292416827634e-07	2.387870153104538e-06
ADIPOQ	-9.95717	6.649785180689392e-08	2.387870153104538e-06
SH3GL3	-6.12745	3.959563940744597e-08	2.387870153104538e-06
TUSC5	-5.324269999999999	4.319640194601818e-08	2.387870153104538e-06
GPIHBP1	-4.851889999999999	4.319640194601818e-08	2.387870153104538e-06
LOC100507311	-4.01838	5.846035131499223e-08	2.387870153104538e-06
TFB2M	1.5197899999999995	7.88957423970528e-08	2.387870153104538e-06
KPNA2	2.3870400000000007	8.590669561502434e-08	2.387870153104538e-06
ATP6V1C1	3.43734	4.711064882744393e-08	2.387870153104538e-06
PDE2A	-3.4172299999999995	4.511238637289703e-08	2.387870153104538e-06
SCN3A	-3.5118150000000004	5.846035131499223e-08	2.387870153104538e-06
CTHRC1	4.603149999999999	6.102488110714493e-08	2.387870153104538e-06
RPS28	-0.6851000000000003	9.351920256909737e-08	2.387870153104538e-06
ARPC3	0.9215499999999999	9.756640768979482e-08	2.387870153104538e-06
LOC101930100	-1.9769799999999997	5.846035131499223e-08	2.387870153104538e-06
MCMBP	1.905355000000001	8.963473978473013e-08	2.387870153104538e-06
TSTA3	2.135045	6.102883545406029e-08	2.387870153104538e-06
MRS2	1.749995000000001	4.711064882744393e-08	2.387870153104538e-06
INMT	-4.491865	7.244033317864525e-08	2.387870153104538e-06
ANKRD20A12P	-4.596465	5.363389002065944e-08	2.387870153104538e-06
ARHGEF15	-2.5753450000000004	5.1367784127282434e-08	2.387870153104538e-06
RPL34	-0.8306500000000003	5.845845210463038e-08	2.387870153104538e-06
SCN4B	-5.255715	4.135941632754769e-08	2.387870153104538e-06
SYAP1	1.7220000000000004	6.649785180689392e-08	2.387870153104538e-06
ATOH8	-2.9752050000000003	5.845465384497179e-08	2.387870153104538e-06
RNPEP	1.4974750000000014	1.0178292416827634e-07	2.387870153104538e-06
LRRN4CL	-4.9441250000000005	1.0178292416827634e-07	2.387870153104538e-06
RELN	-5.21683	8.590669561502434e-08	2.387870153104538e-06
SERP2	-1.1288100000000005	5.1367784127282434e-08	2.387870153104538e-06
GPBP1L1	1.4010700000000007	8.232898286588938e-08	2.387870153104538e-06
ZNF287	-0.9857100000000001	9.756640768979482e-08	2.387870153104538e-06
COL6A6	-5.738615	5.846035131499223e-08	2.387870153104538e-06
RNF115	2.33322	6.370650998520695e-08	2.387870153104538e-06
NUP153	1.6927049999999992	1.0178292416827634e-07	2.387870153104538e-06
CA3	-1.5966999999999998	7.560133493719071e-08	2.387870153104538e-06
LRRC59	2.4939349999999987	4.319640194601818e-08	2.387870153104538e-06
STIP1	1.9891400000000008	4.711064882744393e-08	2.387870153104538e-06
EIF3L	-1.312800000000001	7.244033317864525e-08	2.387870153104538e-06
KDELR3	3.127839999999999	8.963473978473013e-08	2.387870153104538e-06
NRG2	-1.8284500000000001	6.370650998520695e-08	2.387870153104538e-06
HSPA5	1.2521500000000003	6.102685825274409e-08	2.387870153104538e-06
PGM5	-3.7738549999999993	5.846035131499223e-08	2.387870153104538e-06
FBXL6	2.3366399999999996	5.363389002065944e-08	2.387870153104538e-06
PIGR	-10.137284999999999	9.756640768979482e-08	2.387870153104538e-06
PGK1	1.8434999999999988	6.940528403881827e-08	2.387870153104538e-06
CD9	2.4766999999999992	5.846035131499223e-08	2.387870153104538e-06
RAB1A	1.3277999999999999	6.102883545406029e-08	2.387870153104538e-06
PLIN1	-7.008189999999999	1.0178292416827634e-07	2.387870153104538e-06
DSPP	-1.4904100000000007	8.963473978473013e-08	2.387870153104538e-06
CLTC	1.3523499999999995	8.963473978473013e-08	2.387870153104538e-06
HOXA4	-1.9180949999999997	7.560133493719071e-08	2.387870153104538e-06
CPS1	-2.23693	7.88957423970528e-08	2.387870153104538e-06
ARPC2	1.3899500000000007	1.0177654538286932e-07	2.387870153104538e-06
SNORD23	-1.735850000000001	4.319640194601818e-08	2.387870153104538e-06
POGK	3.332130000000001	5.599675058697613e-08	2.387870153104538e-06
CDK1	4.281540000000001	4.511238637289703e-08	2.387870153104538e-06
SIDT2	-1.8846699999999998	5.846035131499223e-08	2.387870153104538e-06
GNB2	1.201039999999999	1.0178292416827634e-07	2.387870153104538e-06
H2AFZ	1.7767500000000016	3.9598276360981405e-08	2.387870153104538e-06
GPR146	-4.1970600000000005	8.590669561502434e-08	2.387870153104538e-06
HNRNPK	1.0551499999999994	4.5110896500928674e-08	2.387870153104538e-06
ZSCAN16-AS1	-1.0161799999999999	6.102883545406029e-08	2.387870153104538e-06
ITIH5	-3.9029299999999996	5.363389002065944e-08	2.387870153104538e-06
LEP	-8.052985	7.560133493719071e-08	2.387870153104538e-06
GPD1	-1.6306700000000003	4.511238637289703e-08	2.387870153104538e-06
ADH1C	-3.8787649999999996	9.756334181289771e-08	2.387870153104538e-06
WDR86	-2.29108	4.9194599415238936e-08	2.387870153104538e-06
RAB11B-AS1	-2.20409	6.649785180689392e-08	2.387870153104538e-06
CENPU	5.088989999999999	4.511238637289703e-08	2.387870153104538e-06
ADAMTS9-AS2	-4.230565	6.940751414273362e-08	2.387870153104538e-06
CHMP1B	2.1672700000000003	8.232898286588938e-08	2.387870153104538e-06
CFAP157	-1.6816649999999997	9.756640768979482e-08	2.387870153104538e-06
ACADS	-2.0606349999999996	9.351920256909737e-08	2.387870153104538e-06
FAM189A2	-5.60029	8.963473978473013e-08	2.387870153104538e-06
RBP4	-7.830555	7.889322842537061e-08	2.387870153104538e-06
C2orf40	-7.5527750000000005	9.351920256909737e-08	2.387870153104538e-06
ARL1	2.100529999999999	4.135941632754769e-08	2.387870153104538e-06
ACVR1C	-2.639385	4.711064882744393e-08	2.387870153104538e-06
PEAR1	-3.97738	5.846035131499223e-08	2.387870153104538e-06
FN1	3.286850000000001	6.370650998520695e-08	2.387870153104538e-06
CFL1	0.6708499999999997	4.5110896500928674e-08	2.387870153104538e-06
JTB	1.0006000000000004	3.959695786504435e-08	2.387870153104538e-06
MIR3620	1.7335999999999991	3.9598276360981405e-08	2.387870153104538e-06
SAMD5	-4.222965	8.232898286588938e-08	2.387870153104538e-06
SCYL2	2.0795449999999995	4.7109097205341e-08	2.387870153104538e-06
COPE	1.229075	5.846035131499223e-08	2.387870153104538e-06
FKSG49	-1.4948050000000013	6.940751414273362e-08	2.387870153104538e-06
ABCA8	-7.223285000000001	8.232898286588938e-08	2.387870153104538e-06
PAMR1	-4.80767	4.135941632754769e-08	2.387870153104538e-06
RAPGEF3	-4.676	3.9598276360981405e-08	2.387870153104538e-06
ANKRD20A4	-5.072945000000001	3.9598276360981405e-08	2.387870153104538e-06
TNXB	-7.179575000000001	4.135941632754769e-08	2.387870153104538e-06
SCARA5	-6.987300000000001	3.9598276360981405e-08	2.387870153104538e-06
TXN	1.4865999999999993	6.370650998520695e-08	2.387870153104538e-06
SRP9	1.9398499999999999	4.7109097205341e-08	2.387870153104538e-06
ARF4	1.4766500000000011	7.560133493719071e-08	2.387870153104538e-06
TPM3	1.9499999999999993	3.959695786504435e-08	2.387870153104538e-06
SDPR	-4.973185	9.756334181289771e-08	2.387870153104538e-06
DNAJC2	1.101004999999999	7.560133493719071e-08	2.387870153104538e-06
HNRNPA2B1	1.287749999999999	3.959695786504435e-08	2.387870153104538e-06
POU6F1	-2.6026200000000004	3.9598276360981405e-08	2.387870153104538e-06
PIR-FIGF	-5.587885	5.363389002065944e-08	2.387870153104538e-06
C4orf46	-1.4940999999999995	5.846035131499223e-08	2.387870153104538e-06
LINC00408	-4.863845	3.958904769449729e-08	2.387870153104538e-06
INIP	1.7960599999999998	8.963473978473013e-08	2.387870153104538e-06
KIAA0101	6.71514	4.9194599415238936e-08	2.387870153104538e-06
ANAPC4	-1.2112600000000011	8.963473978473013e-08	2.387870153104538e-06
GSTM5	-4.26937	7.244033317864525e-08	2.387870153104538e-06
PPP1R2	3.0838850000000004	4.511238637289703e-08	2.387870153104538e-06
ACTR2	2.0594	4.511238637289703e-08	2.387870153104538e-06
RAN	1.65775	5.599492640267585e-08	2.387870153104538e-06
ACTB	0.6507999999999985	5.363389002065944e-08	2.387870153104538e-06
TESC	-4.298325	7.88957423970528e-08	2.387870153104538e-06
ITGA7	-4.27707	5.1367784127282434e-08	2.387870153104538e-06
MLXIPL	-3.0929999999999995	7.560133493719071e-08	2.387870153104538e-06
WASF2	-1.5189749999999993	3.9598276360981405e-08	2.387870153104538e-06
TMEM132C	-2.08681	6.102883545406029e-08	2.387870153104538e-06
ERH	1.1597000000000008	6.102488110714493e-08	2.387870153104538e-06
PLIN4	-7.135335	6.940751414273362e-08	2.387870153104538e-06
SPTAN1	-1.6249800000000008	9.351920256909737e-08	2.387870153104538e-06
SNORD89	1.2741700000000007	1.061755754063172e-07	2.4016849003902464e-06
TBCC	1.9866800000000007	1.061755754063172e-07	2.4016849003902464e-06
VKORC1	0.984099999999998	1.061755754063172e-07	2.4016849003902464e-06
DNAJC9	2.0253700000000014	1.061755754063172e-07	2.4016849003902464e-06
BCORL1	-0.967175000000001	1.061755754063172e-07	2.4016849003902464e-06
GEMIN6	1.1387799999999997	1.061755754063172e-07	2.4016849003902464e-06
UBE2Q1	1.6503899999999998	1.061755754063172e-07	2.4016849003902464e-06
ERO1A	3.1040800000000006	1.061755754063172e-07	2.4016849003902464e-06
DDX39A	2.6706899999999987	1.061755754063172e-07	2.4016849003902464e-06
TNFRSF12A	4.399074999999999	1.061755754063172e-07	2.4016849003902464e-06
ANKRD65	-1.5737249999999996	1.0617225763470159e-07	2.4016849003902464e-06
SNX21	-2.26121	1.061755754063172e-07	2.4016849003902464e-06
TYMS	3.8641299999999994	1.061755754063172e-07	2.4016849003902464e-06
GYG2	-5.2388200000000005	1.061755754063172e-07	2.4016849003902464e-06
TNMD	-2.7363700000000004	1.0617225763470159e-07	2.4016849003902464e-06
ADCY4	-3.0331199999999985	1.061755754063172e-07	2.4016849003902464e-06
INHBA	4.751119999999999	1.0617225763470159e-07	2.4016849003902464e-06
TSEN34	1.1353350000000004	1.061755754063172e-07	2.4016849003902464e-06
GFPT1	2.1868749999999997	1.061755754063172e-07	2.4016849003902464e-06
SOBP	-3.537585	1.061755754063172e-07	2.4016849003902464e-06
PASK	1.9265650000000005	1.061755754063172e-07	2.4016849003902464e-06
DRAP1	1.0321750000000005	1.061755754063172e-07	2.4016849003902464e-06
CARMN	-3.582509999999999	1.061755754063172e-07	2.4016849003902464e-06
PSMD12	2.530879999999999	1.1075144858503485e-07	2.429505341921263e-06
LOC100506558	-4.8788	1.1075144858503485e-07	2.429505341921263e-06
TMEM198B	-1.8559949999999992	1.1075144858503485e-07	2.429505341921263e-06
FHL1	-4.32015	1.1075144858503485e-07	2.429505341921263e-06
ANGPTL1	-2.96387	1.1075144858503485e-07	2.429505341921263e-06
HLTF	1.450095000000001	1.1075144858503485e-07	2.429505341921263e-06
HSBP1	1.005110000000002	1.1074109568385434e-07	2.429505341921263e-06
LOC102725108	-0.6838199999999999	1.1075144858503485e-07	2.429505341921263e-06
TPI1	1.3801500000000004	1.1075144858503485e-07	2.429505341921263e-06
SUPT4H1	1.526164999999998	1.1075144858503485e-07	2.429505341921263e-06
KIF11	4.4651700000000005	1.1075144858503485e-07	2.429505341921263e-06
ILF3	1.0825999999999993	1.1075144858503485e-07	2.429505341921263e-06
GJB2	5.579255	1.1075144858503485e-07	2.429505341921263e-06
ENPP7	-1.3328199999999994	1.1075144858503485e-07	2.429505341921263e-06
CDC73	1.8108450000000005	1.1075144858503485e-07	2.429505341921263e-06
ASNA1	2.455169999999999	1.1075144858503485e-07	2.429505341921263e-06
LMBR1	2.80456	1.1075144858503485e-07	2.429505341921263e-06
BANF1	1.1882099999999998	1.1074454655792795e-07	2.429505341921263e-06
HIVEP1	1.7508150000000002	1.1075144858503485e-07	2.429505341921263e-06
DPT	-3.6176899999999996	1.1075144858503485e-07	2.429505341921263e-06
SNRPB	1.9065899999999996	1.1551431490932747e-07	2.445409632060533e-06
CKAP2	3.46753	1.1551790439288841e-07	2.445409632060533e-06
WDFY2	-1.5247549999999999	1.1551790439288841e-07	2.445409632060533e-06
C10orf54	-2.206229999999999	1.1551790439288841e-07	2.445409632060533e-06
ACVRL1	-2.122515	1.1551790439288841e-07	2.445409632060533e-06
OSTF1	1.6448250000000009	1.1551790439288841e-07	2.445409632060533e-06
TEX35	-0.8782649999999999	1.1551790439288841e-07	2.445409632060533e-06
ZNF627	3.1494	1.1551790439288841e-07	2.445409632060533e-06
SEC23IP	2.2740099999999988	1.1551790439288841e-07	2.445409632060533e-06
VAMP8	1.2394499999999997	1.1551790439288841e-07	2.445409632060533e-06
PDE7B	-1.3084149999999992	1.1551431490932747e-07	2.445409632060533e-06
BLCAP	-1.5565149999999992	1.1551790439288841e-07	2.445409632060533e-06
ALG2	1.2610700000000001	1.1551790439288841e-07	2.445409632060533e-06
KIAA1147	2.0226049999999995	1.1551431490932747e-07	2.445409632060533e-06
CSTF2	1.36435	1.1551790439288841e-07	2.445409632060533e-06
LOC101060363	0.6422500000000007	1.1551431490932747e-07	2.445409632060533e-06
CYB5R4	3.4118500000000003	1.1551790439288841e-07	2.445409632060533e-06
PSMA2	1.1583999999999985	1.1551431490932747e-07	2.445409632060533e-06
GOT2	1.1524650000000012	1.1551790439288841e-07	2.445409632060533e-06
RNF180	-1.8025950000000002	1.1551790439288841e-07	2.445409632060533e-06
MED14	1.2789350000000006	1.1551790439288841e-07	2.445409632060533e-06
SLC12A1	-1.3167599999999995	1.1551790439288841e-07	2.445409632060533e-06
AP1AR	2.424035000000001	1.1551790439288841e-07	2.445409632060533e-06
MMP28	-1.2532800000000002	1.1551790439288841e-07	2.445409632060533e-06
ARFRP1	2.4646	1.2048258709343741e-07	2.4504875767099414e-06
RHNO1	1.556145	1.2048258709343741e-07	2.4504875767099414e-06
GGPS1	1.5266199999999994	1.2048258709343741e-07	2.4504875767099414e-06
CCT5	1.5915700000000008	1.2047885386261436e-07	2.4504875767099414e-06
CDC123	1.2126550000000016	1.2048258709343741e-07	2.4504875767099414e-06
RPL5	-0.5671000000000017	1.2048258709343741e-07	2.4504875767099414e-06
PPP4R3A	2.043149999999999	1.2048258709343741e-07	2.4504875767099414e-06
PGM3	2.2723949999999995	1.2048258709343741e-07	2.4504875767099414e-06
REST	0.7155950000000004	1.2048258709343741e-07	2.4504875767099414e-06
SRP54	1.3617549999999987	1.2048258709343741e-07	2.4504875767099414e-06
ZBED4	3.0286750000000007	1.2048258709343741e-07	2.4504875767099414e-06
GLRX3	1.8140300000000016	1.2048258709343741e-07	2.4504875767099414e-06
TPD52	2.3369500000000016	1.2048258709343741e-07	2.4504875767099414e-06
HPS1	-1.1248500000000003	1.2048258709343741e-07	2.4504875767099414e-06
GPR137B	2.306305	1.2048258709343741e-07	2.4504875767099414e-06
FANCI	3.75505	1.2048258709343741e-07	2.4504875767099414e-06
YIF1B	2.0144649999999995	1.2048258709343741e-07	2.4504875767099414e-06
SMAP1	2.0753649999999997	1.2048258709343741e-07	2.4504875767099414e-06
MCM8	1.4055149999999994	1.2048258709343741e-07	2.4504875767099414e-06
CYB5B	1.655264999999999	1.2047885386261436e-07	2.4504875767099414e-06
EIF2S2	1.472150000000001	1.2048258709343741e-07	2.4504875767099414e-06
RUVBL1	1.2318050000000005	1.2048258709343741e-07	2.4504875767099414e-06
MARCH5	2.0446600000000004	1.2048258709343741e-07	2.4504875767099414e-06
RAD54B	2.944734999999999	1.2048258709343741e-07	2.4504875767099414e-06
NPR2	-1.044015	1.2048258709343741e-07	2.4504875767099414e-06
PECAM1	-2.33657	1.2048258709343741e-07	2.4504875767099414e-06
ARMCX5-GPRASP2	-2.471074999999999	1.2048258709343741e-07	2.4504875767099414e-06
CD300LG	-0.7506249999999994	1.2048258709343741e-07	2.4504875767099414e-06
WDR12	1.591095000000001	1.2565343494400076e-07	2.4996427154202455e-06
MPLKIP	1.2857849999999997	1.2565343494400076e-07	2.4996427154202455e-06
TGFBR3	-4.795674999999999	1.2565343494400076e-07	2.4996427154202455e-06
PHF20L1	1.342555	1.2565343494400076e-07	2.4996427154202455e-06
HSPA14	1.7594049999999992	1.2565343494400076e-07	2.4996427154202455e-06
STX6	1.8088549999999994	1.2565343494400076e-07	2.4996427154202455e-06
CDKN3	5.091525000000001	1.2565343494400076e-07	2.4996427154202455e-06
FGF7	-3.52278	1.2565343494400076e-07	2.4996427154202455e-06
PALM2-AKAP2	-2.041594999999999	1.2565343494400076e-07	2.4996427154202455e-06
TBK1	0.9776550000000004	1.2565343494400076e-07	2.4996427154202455e-06
EIF2S1	1.2113300000000002	1.2565343494400076e-07	2.4996427154202455e-06
MYH11	-5.369250000000001	1.2565343494400076e-07	2.4996427154202455e-06
TIMM17A	1.2699999999999996	1.2565343494400076e-07	2.4996427154202455e-06
ZNF358	-1.5503150000000012	1.2564955244693715e-07	2.4996427154202455e-06
PFN1	1.0683500000000006	1.2565343494400076e-07	2.4996427154202455e-06
METTL8	2.1701750000000004	1.2565343494400076e-07	2.4996427154202455e-06
PSMA5	1.3257449999999995	1.3103465349237614e-07	2.537258493817454e-06
PRPS2	2.3050249999999997	1.3103869097666234e-07	2.537258493817454e-06
CHCHD1	1.2036399999999983	1.3103869097666234e-07	2.537258493817454e-06
PSMC3	1.732310000000001	1.3103869097666234e-07	2.537258493817454e-06
SLC35F5	1.6779499999999992	1.3103465349237614e-07	2.537258493817454e-06
TBCE	1.4462200000000012	1.3103869097666234e-07	2.537258493817454e-06
FAM20B	3.17422	1.3103869097666234e-07	2.537258493817454e-06
TPRKB	1.5128799999999991	1.3103869097666234e-07	2.537258493817454e-06
DAP	1.549150000000001	1.3103869097666234e-07	2.537258493817454e-06
SLC39A7	2.7207199999999996	1.3103869097666234e-07	2.537258493817454e-06
CARMIL1	3.7238249999999997	1.3103869097666234e-07	2.537258493817454e-06
E2F5	3.0826149999999997	1.3103869097666234e-07	2.537258493817454e-06
LOC101927180	0.9889299999999999	1.3103465349237614e-07	2.537258493817454e-06
RUSC1	1.646490000000001	1.3103869097666234e-07	2.537258493817454e-06
TCEB1	1.48034	1.3103465349237614e-07	2.537258493817454e-06
CTPS1	4.02875	1.3103869097666234e-07	2.537258493817454e-06
FASTKD5	1.9346000000000005	1.3103869097666234e-07	2.537258493817454e-06
EAF1	1.3247250000000008	1.3103869097666234e-07	2.537258493817454e-06
NEK6	2.0342600000000006	1.3103869097666234e-07	2.537258493817454e-06
NUP155	1.8615650000000006	1.3103869097666234e-07	2.537258493817454e-06
ZNF451	1.987899999999999	1.36642715751956e-07	2.5737827332508062e-06
ASF1A	2.816144999999999	1.3664691415344798e-07	2.5737827332508062e-06
FRA10AC1	-1.3183000000000007	1.3664691415344798e-07	2.5737827332508062e-06
RACGAP1	3.2203299999999997	1.3664691415344798e-07	2.5737827332508062e-06
TPX2	5.689589999999999	1.3664691415344798e-07	2.5737827332508062e-06
RFC2	1.514615	1.3664691415344798e-07	2.5737827332508062e-06
HEY1	-2.5004500000000007	1.3664691415344798e-07	2.5737827332508062e-06
NUP62	1.1758550000000003	1.3664691415344798e-07	2.5737827332508062e-06
FOXP2	-0.9296100000000003	1.3664691415344798e-07	2.5737827332508062e-06
H2AFX	2.1554849999999988	1.3664691415344798e-07	2.5737827332508062e-06
CEP68	-1.6636450000000007	1.3664691415344798e-07	2.5737827332508062e-06
DESI2	2.035195	1.36642715751956e-07	2.5737827332508062e-06
CXCL10	7.387790000000001	1.3664691415344798e-07	2.5737827332508062e-06
GNA13	1.2616499999999995	1.338102668947091e-07	2.5737827332508062e-06
GNAL	-3.8878500000000003	1.3664691415344798e-07	2.5737827332508062e-06
RPL27A	-1.8304849999999977	1.3664691415344798e-07	2.5737827332508062e-06
DYNLT1	1.2891999999999992	1.3664691415344798e-07	2.5737827332508062e-06
PRMT3	2.0910900000000003	1.3664691415344798e-07	2.5737827332508062e-06
CBX4	1.6767100000000017	1.3664691415344798e-07	2.5737827332508062e-06
RAB2A	2.2097599999999993	1.3664691415344798e-07	2.5737827332508062e-06
TUBA1C	1.1408500000000004	1.3664691415344798e-07	2.5737827332508062e-06
GPR89A	1.6542350000000008	1.4248699090781388e-07	2.59623096858629e-06
FAM220A	1.4209500000000013	1.4248262544291004e-07	2.59623096858629e-06
KDM5B	1.6525549999999996	1.4248699090781388e-07	2.59623096858629e-06
MIF	1.5091	1.4248262544291004e-07	2.59623096858629e-06
CTDSP1	-1.457609999999999	1.4248699090781388e-07	2.59623096858629e-06
DPYSL2	-1.7279999999999998	1.4248699090781388e-07	2.59623096858629e-06
EIF4G1	1.2018299999999993	1.4248699090781388e-07	2.59623096858629e-06
DUSP12	1.200779999999999	1.4248699090781388e-07	2.59623096858629e-06
BLOC1S1-RDH5	-2.159295	1.4248699090781388e-07	2.59623096858629e-06
ANXA4	2.0506899999999995	1.4248699090781388e-07	2.59623096858629e-06
RMDN1	1.903694999999999	1.4248699090781388e-07	2.59623096858629e-06
CKLF-CMTM1	1.325405	1.4248699090781388e-07	2.59623096858629e-06
CCBE1	-1.8500099999999997	1.4248262544291004e-07	2.59623096858629e-06
IDH2	2.4997099999999985	1.4248699090781388e-07	2.59623096858629e-06
SPG21	1.3589400000000005	1.4248262544291004e-07	2.59623096858629e-06
PTGES3	1.004649999999998	1.4248262544291004e-07	2.59623096858629e-06
VANGL1	1.4373000000000005	1.4248699090781388e-07	2.59623096858629e-06
NUBP1	1.4555499999999997	1.4248699090781388e-07	2.59623096858629e-06
TBC1D7	2.405224999999999	1.4248699090781388e-07	2.59623096858629e-06
PLPP5	1.9717000000000002	1.4248699090781388e-07	2.59623096858629e-06
POLR2D	1.2818899999999998	1.4248699090781388e-07	2.59623096858629e-06
LSM10	1.8329550000000001	1.4248699090781388e-07	2.59623096858629e-06
NPIPA5	3.5582399999999996	1.4248699090781388e-07	2.59623096858629e-06
COG2	2.0730700000000004	1.4248699090781388e-07	2.59623096858629e-06
SERPINH1	2.2723850000000017	1.4248262544291004e-07	2.59623096858629e-06
SPP1	4.6054900000000005	1.4248699090781388e-07	2.59623096858629e-06
SF3A2	-1.6170400000000003	1.4856814708499651e-07	2.6343182319515497e-06
CALM3	0.664950000000001	1.485636081867944e-07	2.6343182319515497e-06
KIAA0196	1.4249600000000004	1.4856814708499651e-07	2.6343182319515497e-06
CNOT11	1.5386099999999994	1.4856814708499651e-07	2.6343182319515497e-06
MOSPD1	1.6146950000000002	1.4856814708499651e-07	2.6343182319515497e-06
MCM9	2.0452250000000003	1.4856814708499651e-07	2.6343182319515497e-06
TMED4	1.3449299999999997	1.485545307490023e-07	2.6343182319515497e-06
STAM2	1.9723499999999996	1.4856814708499651e-07	2.6343182319515497e-06
LOC100996412	-1.6843699999999995	1.4856814708499651e-07	2.6343182319515497e-06
SF3B6	1.3571000000000009	1.4856814708499651e-07	2.6343182319515497e-06
ABCF2	2.20906	1.4856814708499651e-07	2.6343182319515497e-06
EIF3J	0.9092849999999988	1.485636081867944e-07	2.6343182319515497e-06
LSM8	1.1908049999999992	1.4856814708499651e-07	2.6343182319515497e-06
PID1	-3.8972249999999997	1.4856814708499651e-07	2.6343182319515497e-06
LOC100190986	4.779980000000001	1.4856814708499651e-07	2.6343182319515497e-06
OAS1	4.49002	1.4856814708499651e-07	2.6343182319515497e-06
LOC102724985	1.0426800000000007	1.4856814708499651e-07	2.6343182319515497e-06
BTF3L4	1.4682150000000007	1.4856814708499651e-07	2.6343182319515497e-06
ARPC5	1.25305	1.4856814708499651e-07	2.6343182319515497e-06
DTL	4.775245000000001	1.4856814708499651e-07	2.6343182319515497e-06
LIFR	-2.7577099999999994	1.4856814708499651e-07	2.6343182319515497e-06
DOPEY2	3.0756300000000003	1.4856814708499651e-07	2.6343182319515497e-06
RPAP2	1.8824250000000005	1.548999602940981e-07	2.668395282788722e-06
SDC1	3.37406	1.548999602940981e-07	2.668395282788722e-06
KLHL13	-6.45514	1.548999602940981e-07	2.668395282788722e-06
PCK1	-2.0153	1.548999602940981e-07	2.668395282788722e-06
TSC22D2	1.5233500000000006	1.548999602940981e-07	2.668395282788722e-06
ASPM	5.802760000000001	1.548999602940981e-07	2.668395282788722e-06
SECISBP2	3.369044999999999	1.548999602940981e-07	2.668395282788722e-06
CDK2AP2	1.4393700000000003	1.548999602940981e-07	2.668395282788722e-06
PTPN12	2.1952499999999997	1.548999602940981e-07	2.668395282788722e-06
CXorf40A	1.7853249999999994	1.548952413613358e-07	2.668395282788722e-06
TM9SF2	1.5701399999999985	1.548952413613358e-07	2.668395282788722e-06
ZBTB3	-1.1954450000000003	1.548999602940981e-07	2.668395282788722e-06
PTPN3	2.1095549999999994	1.548999602940981e-07	2.668395282788722e-06
PGP	2.279935	1.548999602940981e-07	2.668395282788722e-06
CREBZF	2.2149400000000004	1.548999602940981e-07	2.668395282788722e-06
PPP1R14B	1.5590150000000005	1.548952413613358e-07	2.668395282788722e-06
WSB2	1.4542400000000004	1.548999602940981e-07	2.668395282788722e-06
MME	-3.936965	1.548999602940981e-07	2.668395282788722e-06
PRINS	-1.4171899999999997	1.548999602940981e-07	2.668395282788722e-06
RNASEH2A	2.51487	1.548999602940981e-07	2.668395282788722e-06
CHCHD7	1.5646099999999992	1.548999602940981e-07	2.668395282788722e-06
CHORDC1	1.608319999999999	1.548952413613358e-07	2.668395282788722e-06
CBX7	-1.9765099999999993	1.548999602940981e-07	2.668395282788722e-06
FBXO21	3.136300000000001	1.548999602940981e-07	2.668395282788722e-06
CAV1	-3.4691349999999996	1.581581441093468e-07	2.714342865896791e-06
CCT2	1.0276500000000013	1.6149237268522432e-07	2.714342865896791e-06
CASP8	1.8710350000000018	1.6149237268522432e-07	2.714342865896791e-06
R3HCC1	-1.149025	1.6149237268522432e-07	2.714342865896791e-06
MIR7110	1.9074899999999992	1.6149237268522432e-07	2.714342865896791e-06
TDP1	1.1477199999999996	1.6149237268522432e-07	2.714342865896791e-06
MTA3	1.640885	1.6149237268522432e-07	2.714342865896791e-06
ARL4A	-2.1987450000000006	1.6149237268522432e-07	2.714342865896791e-06
PLEKHF2	2.893369999999999	1.6149237268522432e-07	2.714342865896791e-06
LOC101928635	-3.74725	1.6148256119776542e-07	2.714342865896791e-06
EEF1E1	1.8960550000000005	1.6149237268522432e-07	2.714342865896791e-06
URI1	1.9442199999999996	1.6148746687731794e-07	2.714342865896791e-06
CCDC8	-3.164415	1.6149237268522432e-07	2.714342865896791e-06
ADH4	-1.2271599999999996	1.6149237268522432e-07	2.714342865896791e-06
RRP15	1.8409050000000011	1.6149237268522432e-07	2.714342865896791e-06
CPED1	-3.0418450000000004	1.6149237268522432e-07	2.714342865896791e-06
ACAP1	-0.8909849999999997	1.6149237268522432e-07	2.714342865896791e-06
FCGR1B	3.9871849999999998	1.6149237268522432e-07	2.714342865896791e-06
FARSA	2.4867150000000002	1.6149237268522432e-07	2.714342865896791e-06
SMYD3	2.40149	1.6149237268522432e-07	2.714342865896791e-06
GPD2	1.515625	1.6149237268522432e-07	2.714342865896791e-06
GNG5	1.0501500000000004	1.6834550475600125e-07	2.7532224503251866e-06
MARK2	1.5216650000000005	1.6835570416531922e-07	2.7532224503251866e-06
PLEKHA8	1.331925	1.6835570416531922e-07	2.7532224503251866e-06
SPAG5	4.307650000000001	1.6835570416531922e-07	2.7532224503251866e-06
GABARAPL3	-1.9810749999999988	1.6835570416531922e-07	2.7532224503251866e-06
SPATS2	1.8662799999999997	1.6835570416531922e-07	2.7532224503251866e-06
DENND2A	-1.6974200000000002	1.6835060439416545e-07	2.7532224503251866e-06
PPIA	0.6347999999999985	1.6835570416531922e-07	2.7532224503251866e-06
TUBB	1.1895500000000006	1.6835060439416545e-07	2.7532224503251866e-06
PREP	1.5106150000000005	1.6835570416531922e-07	2.7532224503251866e-06
TTC38	-1.46497	1.6835570416531922e-07	2.7532224503251866e-06
CHD1	1.7004100000000006	1.6835570416531922e-07	2.7532224503251866e-06
NAPA	2.445965	1.6835570416531922e-07	2.7532224503251866e-06
RBM14-RBM4	0.7118599999999997	1.6835570416531922e-07	2.7532224503251866e-06
FAM118B	2.6638349999999997	1.6835570416531922e-07	2.7532224503251866e-06
C14orf119	1.0533799999999989	1.6835060439416545e-07	2.7532224503251866e-06
LSR	1.9536849999999992	1.6835570416531922e-07	2.7532224503251866e-06
ZNF528	-3.1352649999999995	1.6835570416531922e-07	2.7532224503251866e-06
STT3B	1.1632999999999996	1.6835570416531922e-07	2.7532224503251866e-06
CBX3	0.8726500000000001	1.6835060439416545e-07	2.7532224503251866e-06
C6orf1	1.3480400000000001	1.6835570416531922e-07	2.7532224503251866e-06
TMEM185B	2.04664	1.6835570416531922e-07	2.7532224503251866e-06
KIF2C	5.188815000000001	1.6835570416531922e-07	2.7532224503251866e-06
RANBP1	2.0061799999999987	1.6835570416531922e-07	2.7532224503251866e-06
TMEM246	-1.6365349999999994	1.7550066606681278e-07	2.7702398615459295e-06
FKBP14	2.439560000000001	1.7550066606681278e-07	2.7702398615459295e-06
STK4	0.9936150000000001	1.7550066606681278e-07	2.7702398615459295e-06
UBE2F	1.3977799999999991	1.7550066606681278e-07	2.7702398615459295e-06
SAT2	-1.5025250000000003	1.7549536498832254e-07	2.7702398615459295e-06
OSBPL11	2.31553	1.7549536498832254e-07	2.7702398615459295e-06
LIPE	-2.5883449999999995	1.7550066606681278e-07	2.7702398615459295e-06
CSNK2A1	1.0222749999999987	1.7549536498832254e-07	2.7702398615459295e-06
NUDT5	1.2254699999999996	1.7550066606681278e-07	2.7702398615459295e-06
S100A11	1.8535499999999985	1.7549536498832254e-07	2.7702398615459295e-06
GOLPH3	0.8952500000000008	1.7550066606681278e-07	2.7702398615459295e-06
OAS3	3.337529999999999	1.7550066606681278e-07	2.7702398615459295e-06
FNDC1	5.174009999999999	1.7550066606681278e-07	2.7702398615459295e-06
RRN3	1.6893500000000001	1.7550066606681278e-07	2.7702398615459295e-06
CDCA4	1.42218	1.7550066606681278e-07	2.7702398615459295e-06
GGCT	1.629100000000001	1.7550066606681278e-07	2.7702398615459295e-06
MED17	2.184404999999999	1.7550066606681278e-07	2.7702398615459295e-06
NCAPD3	1.3672449999999996	1.7550066606681278e-07	2.7702398615459295e-06
POTEKP	0.9663549999999992	1.7550066606681278e-07	2.7702398615459295e-06
BSG	2.4024149999999995	1.7550066606681278e-07	2.7702398615459295e-06
RFC4	2.11264	1.7550066606681278e-07	2.7702398615459295e-06
RAD51AP1	3.20714	1.7550066606681278e-07	2.7702398615459295e-06
CTSS	4.465935	1.7550066606681278e-07	2.7702398615459295e-06
DBF4	2.9071949999999998	1.7550066606681278e-07	2.7702398615459295e-06
TMEM161B-AS1	-1.510675	1.7549536498832254e-07	2.7702398615459295e-06
SEC22B	1.8604000000000003	1.7549536498832254e-07	2.7702398615459295e-06
HIST1H2BK	2.8718200000000014	1.7550066606681278e-07	2.7702398615459295e-06
TADA1	1.918495000000001	1.7549536498832254e-07	2.7702398615459295e-06
COA1	2.649494999999999	1.7550066606681278e-07	2.7702398615459295e-06
RNF19B	1.29141	1.7550066606681278e-07	2.7702398615459295e-06
HMMR	4.278625000000001	1.7550066606681278e-07	2.7702398615459295e-06
LOC101928826	-0.2605499999999985	1.7550066606681278e-07	2.7702398615459295e-06
UBE2L3	1.8304899999999993	1.8293286528892717e-07	2.838281074645068e-06
ANKRD29	-3.9654350000000003	1.8293837528355484e-07	2.838281074645068e-06
USP38	1.1974350000000005	1.8293837528355484e-07	2.838281074645068e-06
LOC101929597	1.8173800000000009	1.8293837528355484e-07	2.838281074645068e-06
NAXE	1.25089	1.8293837528355484e-07	2.838281074645068e-06
KLHL21	-2.00645	1.8293837528355484e-07	2.838281074645068e-06
CDK2	1.9014149999999992	1.8293837528355484e-07	2.838281074645068e-06
CCNB2	5.371010000000002	1.8293837528355484e-07	2.838281074645068e-06
ZFP14	-0.955435	1.8293837528355484e-07	2.838281074645068e-06
SRFBP1	1.8229800000000003	1.8293837528355484e-07	2.838281074645068e-06
RUNX1-IT1	2.4094700000000007	1.8293837528355484e-07	2.838281074645068e-06
TET3	1.957699999999999	1.8293837528355484e-07	2.838281074645068e-06
PPP6R3	1.3342600000000004	1.8293837528355484e-07	2.838281074645068e-06
FAM49B	1.5259300000000007	1.8293837528355484e-07	2.838281074645068e-06
PINK1	-1.4294249999999984	1.8293837528355484e-07	2.838281074645068e-06
GSKIP	1.4236450000000005	1.8293837528355484e-07	2.838281074645068e-06
LOC91548	-0.967884999999999	1.9068036888899268e-07	2.863557721826217e-06
PDZD11	1.4141749999999984	1.9068036888899268e-07	2.863557721826217e-06
HSPA4	1.1195999999999984	1.9068036888899268e-07	2.863557721826217e-06
MSL2	1.3965750000000003	1.9068036888899268e-07	2.863557721826217e-06
KLF15	-2.14625	1.9068036888899268e-07	2.863557721826217e-06
OR10A3	-0.6070350000000002	1.9068036888899268e-07	2.863557721826217e-06
PTCD3	0.9640849999999999	1.9068036888899268e-07	2.863557721826217e-06
KIF23	3.77256	1.9068036888899268e-07	2.863557721826217e-06
LDB2	-3.372425	1.9068036888899268e-07	2.863557721826217e-06
CYCS	1.78885	1.9068036888899268e-07	2.863557721826217e-06
RASIP1	-3.1900749999999998	1.9068036888899268e-07	2.863557721826217e-06
ZNF814	2.79655	1.9068036888899268e-07	2.863557721826217e-06
MAPK9	1.6454450000000005	1.9068036888899268e-07	2.863557721826217e-06
VRK2	1.89447	1.9068036888899268e-07	2.863557721826217e-06
GCH1	4.003144999999999	1.9068036888899268e-07	2.863557721826217e-06
GNG11	-2.7627500000000005	1.906746420956966e-07	2.863557721826217e-06
GAS6	-2.049204999999999	1.906746420956966e-07	2.863557721826217e-06
FAM228B	-1.6919450000000005	1.9068036888899268e-07	2.863557721826217e-06
RAB18	1.6163700000000016	1.9068036888899268e-07	2.863557721826217e-06
RB1CC1	2.08268	1.9068036888899268e-07	2.863557721826217e-06
LINC00266-1	-2.495235	1.9068036888899268e-07	2.863557721826217e-06
NAT8L	-2.212624999999999	1.9068036888899268e-07	2.863557721826217e-06
PDIA3	1.2899000000000012	1.9068036888899268e-07	2.863557721826217e-06
MIS18A	2.1863400000000004	1.9068036888899268e-07	2.863557721826217e-06
TOPBP1	1.4969499999999982	1.9068036888899268e-07	2.863557721826217e-06
NSG1	-3.13873	1.9068036888899268e-07	2.863557721826217e-06
LAMB2	-2.2306599999999994	1.9068036888899268e-07	2.863557721826217e-06
RNF149	0.9488700000000012	1.906746420956966e-07	2.863557721826217e-06
MRPL15	2.0348100000000002	1.9068036888899268e-07	2.863557721826217e-06
AMOTL1	-2.026515	1.9068036888899268e-07	2.863557721826217e-06
HYI	-1.9357200000000008	1.9068036888899268e-07	2.863557721826217e-06
CEP89	2.1317050000000006	1.987386192519203e-07	2.9152345745216024e-06
NOTCH4	-2.165325	1.987386192519203e-07	2.9152345745216024e-06
SLC31A1	1.5464349999999998	1.987386192519203e-07	2.9152345745216024e-06
GOT1	1.1472050000000005	1.987386192519203e-07	2.9152345745216024e-06
CEP350	0.9894599999999976	1.987386192519203e-07	2.9152345745216024e-06
TGFB1	2.9645849999999996	1.987386192519203e-07	2.9152345745216024e-06
ESRP1	1.8718199999999996	1.987386192519203e-07	2.9152345745216024e-06
ANKRD20A5P	-3.2947300000000004	1.987386192519203e-07	2.9152345745216024e-06
CCDC69	-3.851675	1.987386192519203e-07	2.9152345745216024e-06
LCLAT1	1.43173	1.987386192519203e-07	2.9152345745216024e-06
PSMD6-AS2	-1.1304300000000005	1.987386192519203e-07	2.9152345745216024e-06
TUBG1	1.75685	1.987386192519203e-07	2.9152345745216024e-06
PSMB3	1.3230499999999985	1.946575199524049e-07	2.9152345745216024e-06
ASB1	-1.5296400000000006	1.987386192519203e-07	2.9152345745216024e-06
NEU1	1.7971650000000015	1.987386192519203e-07	2.9152345745216024e-06
LOC102724561	-0.6264550000000009	1.987386192519203e-07	2.9152345745216024e-06
NDRG2	-3.730995	1.987386192519203e-07	2.9152345745216024e-06
MEAF6	1.2264549999999996	1.987386192519203e-07	2.9152345745216024e-06
ZUFSP	2.280685	1.987386192519203e-07	2.9152345745216024e-06
TRMT61A	-0.7033049999999994	1.987386192519203e-07	2.9152345745216024e-06
PSMC2	1.3897499999999994	1.9873266749440362e-07	2.9152345745216024e-06
TMX1	0.9541500000000003	1.987386192519203e-07	2.9152345745216024e-06
SYNE3	-2.8166200000000003	1.987386192519203e-07	2.9152345745216024e-06
ATP6V0A2	1.970075	2.0712554966565561e-07	2.9840051907188994e-06
LOC100652768	-0.74993	2.071193644857476e-07	2.9840051907188994e-06
BAIAP2L1	2.04749	2.0712554966565561e-07	2.9840051907188994e-06
RAB3IL1	-0.95418	2.071193644857476e-07	2.9840051907188994e-06
RGL1	-1.8843049999999995	2.0712554966565561e-07	2.9840051907188994e-06
IGF2R	1.3387849999999997	2.0712554966565561e-07	2.9840051907188994e-06
SNX6	1.2433800000000002	2.0712554966565561e-07	2.9840051907188994e-06
RIPK2	1.6486899999999993	2.0712554966565561e-07	2.9840051907188994e-06
FPGT	1.8836199999999996	2.0712554966565561e-07	2.9840051907188994e-06
EHMT1	1.9403899999999998	2.0712554966565561e-07	2.9840051907188994e-06
ANGPTL4	-4.0799199999999995	2.0712554966565561e-07	2.9840051907188994e-06
NDN	-3.3112949999999994	2.071193644857476e-07	2.9840051907188994e-06
TXNDC9	1.18431	2.0712554966565561e-07	2.9840051907188994e-06
NPAS3	-1.4262850000000005	2.0711317946448235e-07	2.9840051907188994e-06
TSPYL2	-1.2571200000000005	2.0712554966565561e-07	2.9840051907188994e-06
UBR5	1.990540000000001	2.0712554966565561e-07	2.9840051907188994e-06
VIMP	1.48719	2.0712554966565561e-07	2.9840051907188994e-06
UBE2V2	1.8392800000000005	2.0712554966565561e-07	2.9840051907188994e-06
SOD3	-4.3555	2.1585405050687777e-07	3.0551973893380887e-06
TAF2	0.9548349999999992	2.1585405050687777e-07	3.0551973893380887e-06
BORA	2.22088	2.1585405050687777e-07	3.0551973893380887e-06
UBFD1	1.4906800000000002	2.1585405050687777e-07	3.0551973893380887e-06
NCAPD2	2.9187149999999997	2.1585405050687777e-07	3.0551973893380887e-06
PPM1G	1.3108500000000003	2.1585405050687777e-07	3.0551973893380887e-06
ZBTB11	0.9598050000000002	2.1585405050687777e-07	3.0551973893380887e-06
MTERF3	1.4234549999999988	2.1585405050687777e-07	3.0551973893380887e-06
TMEM251	1.7819550000000008	2.1585405050687777e-07	3.0551973893380887e-06
BMP7	-0.6896899999999997	2.1585405050687777e-07	3.0551973893380887e-06
ARPC1A	1.638490000000001	2.1585405050687777e-07	3.0551973893380887e-06
PDGFA	-2.6653350000000007	2.1585405050687777e-07	3.0551973893380887e-06
ZNF586	1.6134150000000007	2.1585405050687777e-07	3.0551973893380887e-06
LOC105378568	-0.5697849999999995	2.1584762314389967e-07	3.0551973893380887e-06
HOXA3	-3.8317300000000003	2.1585405050687777e-07	3.0551973893380887e-06
METTL21A	1.6150650000000004	2.1585405050687777e-07	3.0551973893380887e-06
HACD3	2.36867	2.1585405050687777e-07	3.0551973893380887e-06
MRPS14	1.2539600000000002	2.1585405050687777e-07	3.0551973893380887e-06
BZW1	1.2197000000000013	2.2493749594092162e-07	3.10507824719968e-06
AHCTF1	1.4585299999999997	2.2493749594092162e-07	3.10507824719968e-06
HYLS1	2.862185	2.2493749594092162e-07	3.10507824719968e-06
LOC101927814	-0.6612049999999998	2.2493749594092162e-07	3.10507824719968e-06
GOLGA8DP	-0.9617649999999998	2.2493749594092162e-07	3.10507824719968e-06
RIOK2	1.4893249999999991	2.2493749594092162e-07	3.10507824719968e-06
C12orf49	1.4970450000000017	2.2493749594092162e-07	3.10507824719968e-06
BCL6B	-1.0316400000000003	2.2493749594092162e-07	3.10507824719968e-06
STT3A	1.716635000000001	2.2493749594092162e-07	3.10507824719968e-06
RPP38	1.4551750000000006	2.2493749594092162e-07	3.10507824719968e-06
RBP7	-5.28167	2.2493749594092162e-07	3.10507824719968e-06
MRPL47	0.9778500000000001	2.2493749594092162e-07	3.10507824719968e-06
TXNDC12	1.12092	2.2493081732147464e-07	3.10507824719968e-06
BCL2L12	1.7512899999999996	2.2493749594092162e-07	3.10507824719968e-06
WISP1	4.770149999999999	2.2493749594092162e-07	3.10507824719968e-06
TOR3A	1.431305	2.2493749594092162e-07	3.10507824719968e-06
APOO	1.6378399999999997	2.2493749594092162e-07	3.10507824719968e-06
NRBP1	1.2320600000000006	2.2493749594092162e-07	3.10507824719968e-06
SH3BGRL3	1.4910900000000016	2.2493749594092162e-07	3.10507824719968e-06
RAD1	1.3412500000000014	2.2493749594092162e-07	3.10507824719968e-06
LOC101929356	1.0028500000000005	2.2493081732147464e-07	3.10507824719968e-06
RANBP9	1.1085700000000003	2.2493749594092162e-07	3.10507824719968e-06
AAGAB	1.4934250000000002	2.2493749594092162e-07	3.10507824719968e-06
PLCD3	-1.1897399999999996	2.2493749594092162e-07	3.10507824719968e-06
SAYSD1	2.0641499999999997	2.2493749594092162e-07	3.10507824719968e-06
SNORA72	1.3600750000000001	2.2493749594092162e-07	3.10507824719968e-06
ABTB1	-1.5410500000000003	2.3438976119071794e-07	3.1870862472018786e-06
C1orf43	1.1785499999999995	2.3438282191815576e-07	3.1870862472018786e-06
HOXA7	-3.245915	2.3438976119071794e-07	3.1870862472018786e-06
HS2ST1	1.5877350000000003	2.3438976119071794e-07	3.1870862472018786e-06
LOC105376323	-0.6155549999999996	2.3438976119071794e-07	3.1870862472018786e-06
PPIL1	1.7737349999999985	2.3438976119071794e-07	3.1870862472018786e-06
MAL2	2.4986799999999985	2.3437588282180296e-07	3.1870862472018786e-06
PRMT6	2.790665	2.3438976119071794e-07	3.1870862472018786e-06
C12orf73	1.76246	2.3438976119071794e-07	3.1870862472018786e-06
COPG1	1.6623100000000006	2.3438976119071794e-07	3.1870862472018786e-06
ABHD17C	3.090155	2.3438976119071794e-07	3.1870862472018786e-06
DYNLL1	0.94435	2.3438282191815576e-07	3.1870862472018786e-06
GNB1	1.2080000000000002	2.3438282191815576e-07	3.1870862472018786e-06
LINC00474	-0.8090900000000003	2.3438976119071794e-07	3.1870862472018786e-06
FAM212A	-0.9572799999999999	2.3438976119071794e-07	3.1870862472018786e-06
ACSM5	-4.032344999999999	2.3438976119071794e-07	3.1870862472018786e-06
RPS6KC1	2.3959149999999996	2.4422524038714663e-07	3.265781713537885e-06
TMEM19	1.29061	2.4422524038714663e-07	3.265781713537885e-06
METTL7A	-1.6772500000000008	2.4422524038714663e-07	3.265781713537885e-06
C2orf69	1.1874450000000003	2.4422524038714663e-07	3.265781713537885e-06
LOC101929054	-1.0721600000000002	2.4422524038714663e-07	3.265781713537885e-06
VAMP7	2.3508549999999993	2.4422524038714663e-07	3.265781713537885e-06
UBE2D1	0.8397649999999999	2.4422524038714663e-07	3.265781713537885e-06
CLPTM1L	1.2421500000000005	2.4422524038714663e-07	3.265781713537885e-06
HMGN1	1.2306000000000026	2.4422524038714663e-07	3.265781713537885e-06
NME1	1.9073899999999995	2.4422524038714663e-07	3.265781713537885e-06
FBXL14	1.2154249999999998	2.4422524038714663e-07	3.265781713537885e-06
PATL1	1.2272399999999992	2.4422524038714663e-07	3.265781713537885e-06
ZNF595	-5.737535	2.4422524038714663e-07	3.265781713537885e-06
SAMD1	1.9016349999999997	2.4422524038714663e-07	3.265781713537885e-06
NTRK2	-6.9527149999999995	2.4422524038714663e-07	3.265781713537885e-06
NCAPG2	1.8123050000000003	2.4422524038714663e-07	3.265781713537885e-06
TCERG1	0.9550399999999986	2.4422524038714663e-07	3.265781713537885e-06
MAD2L1BP	1.3292749999999982	2.4422524038714663e-07	3.265781713537885e-06
UROD	-1.1824200000000005	2.5445886501903143e-07	3.338077360258694e-06
LYPLA1	1.5936499999999985	2.5445886501903143e-07	3.338077360258694e-06
HSPA13	1.4983750000000002	2.5445886501903143e-07	3.338077360258694e-06
SEC23B	1.0636099999999988	2.5445886501903143e-07	3.338077360258694e-06
MAST4	-2.64274	2.5445886501903143e-07	3.338077360258694e-06
CASP8AP2	3.05572	2.5445886501903143e-07	3.338077360258694e-06
RAI14	1.8364099999999999	2.5445886501903143e-07	3.338077360258694e-06
SLC25A28	-0.8756649999999997	2.5445886501903143e-07	3.338077360258694e-06
PDAP1	3.3247350000000004	2.5445886501903143e-07	3.338077360258694e-06
SLC35A3	2.041125	2.5445886501903143e-07	3.338077360258694e-06
LOC400499	-0.8875150000000005	2.5445886501903143e-07	3.338077360258694e-06
FBXO5	2.2116499999999997	2.5445886501903143e-07	3.338077360258694e-06
CEP85	1.631969999999999	2.5445886501903143e-07	3.338077360258694e-06
CENPK	2.7141849999999996	2.5445886501903143e-07	3.338077360258694e-06
NDUFB4	0.7595499999999991	2.544513749026791e-07	3.338077360258694e-06
TOMM22	1.93853	2.5445886501903143e-07	3.338077360258694e-06
MIS18BP1	2.45439	2.5445886501903143e-07	3.338077360258694e-06
EPN1	-0.9796799999999992	2.5445886501903143e-07	3.338077360258694e-06
ZBTB16	-5.52638	2.5445886501903143e-07	3.338077360258694e-06
PAXIP1	2.52055	2.5445886501903143e-07	3.338077360258694e-06
GNAI3	0.9105999999999987	2.544438849752507e-07	3.338077360258694e-06
HNRNPC	0.5110499999999991	2.651061230015346e-07	3.416034710051717e-06
ITM2A	-2.948459999999999	2.651061230015346e-07	3.416034710051717e-06
SUV39H2	3.0232100000000006	2.651061230015346e-07	3.416034710051717e-06
SETD3	-0.7758950000000002	2.651061230015346e-07	3.416034710051717e-06
WDR89	-0.9287650000000003	2.651061230015346e-07	3.416034710051717e-06
GOLT1B	1.3737399999999997	2.650983419923493e-07	3.416034710051717e-06
DNAJB11	1.2000849999999996	2.651061230015346e-07	3.416034710051717e-06
AIMP2	1.1037400000000002	2.651061230015346e-07	3.416034710051717e-06
ASPSCR1	1.7903149999999997	2.651061230015346e-07	3.416034710051717e-06
ZBTB41	1.38694	2.651061230015346e-07	3.416034710051717e-06
TMCO3	1.969590000000001	2.651061230015346e-07	3.416034710051717e-06
CCL15-CCL14	-5.906415	2.651061230015346e-07	3.416034710051717e-06
SNAPC3	2.3013950000000003	2.651061230015346e-07	3.416034710051717e-06
YWHAZ	1.0745000000000005	2.651061230015346e-07	3.416034710051717e-06
HUS1	1.907799999999999	2.651061230015346e-07	3.416034710051717e-06
FAM76A	3.3772600000000006	2.651061230015346e-07	3.416034710051717e-06
MRPL19	1.177480000000001	2.651061230015346e-07	3.416034710051717e-06
LOC101928879	1.3278699999999999	2.651061230015346e-07	3.416034710051717e-06
CCNA2	3.72839	2.651061230015346e-07	3.416034710051717e-06
LOC101927870	-2.3738600000000005	2.651061230015346e-07	3.416034710051717e-06
SNORD65	-2.5192300000000003	2.7617499567860037e-07	3.499764977545913e-06
TPR	1.2531499999999998	2.7617499567860037e-07	3.499764977545913e-06
CETN2	1.1298300000000019	2.761830783822901e-07	3.499764977545913e-06
RCN2	0.6889499999999984	2.7616691317741295e-07	3.499764977545913e-06
ZNF706	2.0748599999999993	2.761830783822901e-07	3.499764977545913e-06
FGF1	-3.51914	2.761830783822901e-07	3.499764977545913e-06
KIAA0391	0.6873499999999986	2.7617499567860037e-07	3.499764977545913e-06
TUT1	-0.7973099999999995	2.761830783822901e-07	3.499764977545913e-06
FCGR3B	5.070934999999999	2.761830783822901e-07	3.499764977545913e-06
MAD2L2	1.5941150000000004	2.761830783822901e-07	3.499764977545913e-06
ABCB10	1.4211499999999981	2.761830783822901e-07	3.499764977545913e-06
PTTG1	3.8659300000000005	2.761830783822901e-07	3.499764977545913e-06
APCDD1	-2.7536250000000004	2.761830783822901e-07	3.499764977545913e-06
IARS	1.1826000000000008	2.761830783822901e-07	3.499764977545913e-06
ANKDD1A	-1.8566499999999997	2.761830783822901e-07	3.499764977545913e-06
CCDC47	1.6852250000000009	2.761830783822901e-07	3.499764977545913e-06
SARNP	0.763440000000001	2.761830783822901e-07	3.499764977545913e-06
PSMD5	1.448644999999999	2.761830783822901e-07	3.499764977545913e-06
SLC5A10	-0.6459800000000007	2.761830783822901e-07	3.499764977545913e-06
RPL37A	-0.3186	2.8767281063923894e-07	3.5649080378337902e-06
CREM	3.07719	2.877063917050821e-07	3.5649080378337902e-06
ABHD16A	1.2532949999999996	2.877063917050821e-07	3.5649080378337902e-06
SUN2	-1.0879049999999992	2.877063917050821e-07	3.5649080378337902e-06
AASS	-1.2187349999999997	2.876979961241789e-07	3.5649080378337902e-06
ENY2	1.2353299999999994	2.877063917050821e-07	3.5649080378337902e-06
RAP1GDS1	1.3683349999999983	2.877063917050821e-07	3.5649080378337902e-06
NDFIP2	1.3691900000000006	2.877063917050821e-07	3.5649080378337902e-06
MYCT1	-1.601705	2.877063917050821e-07	3.5649080378337902e-06
ZNF236	-1.2527600000000003	2.877063917050821e-07	3.5649080378337902e-06
BUB1B	4.256740000000001	2.877063917050821e-07	3.5649080378337902e-06
FAP	4.38285	2.877063917050821e-07	3.5649080378337902e-06
U2SURP	0.8498900000000003	2.877063917050821e-07	3.5649080378337902e-06
FAM162B	-2.3732249999999997	2.877063917050821e-07	3.5649080378337902e-06
AQP1	-3.3231149999999996	2.877063917050821e-07	3.5649080378337902e-06
PLAU	2.43464	2.877063917050821e-07	3.5649080378337902e-06
CNN1	-4.278525	2.877063917050821e-07	3.5649080378337902e-06
RAB14	1.2575299999999991	2.876979961241789e-07	3.5649080378337902e-06
RPL10A	-0.7749500000000005	2.876979961241789e-07	3.5649080378337902e-06
DUSP11	1.0821550000000002	2.877063917050821e-07	3.5649080378337902e-06
CAPN15	1.6812199999999997	2.876979961241789e-07	3.5649080378337902e-06
TACC3	3.2252500000000004	2.877063917050821e-07	3.5649080378337902e-06
FLJ20021	-1.8474200000000005	2.877063917050821e-07	3.5649080378337902e-06
ASF1B	1.592645000000001	2.877063917050821e-07	3.5649080378337902e-06
C11orf80	1.9723449999999998	2.877063917050821e-07	3.5649080378337902e-06
PSMA4	0.7247999999999983	2.876979961241789e-07	3.5649080378337902e-06
CD36	-4.81536	2.9969334105153883e-07	3.6603420510937315e-06
DIP2B	1.1633049999999994	2.9969334105153883e-07	3.6603420510937315e-06
NUP37	1.1618900000000005	2.9969334105153883e-07	3.6603420510937315e-06
PLAA	1.6171350000000002	2.9969334105153883e-07	3.6603420510937315e-06
HNRNPA3	0.9452499999999997	2.996846210170139e-07	3.6603420510937315e-06
C8orf88	-2.782545	2.9969334105153883e-07	3.6603420510937315e-06
B3GNT2	1.45322	2.9969334105153883e-07	3.6603420510937315e-06
CXorf40B	1.9706799999999989	2.9969334105153883e-07	3.6603420510937315e-06
DAD1	1.32268	2.996846210170139e-07	3.6603420510937315e-06
TBX18	-0.8712950000000004	2.9969334105153883e-07	3.6603420510937315e-06
SAA2	-5.408674999999999	2.996846210170139e-07	3.6603420510937315e-06
RERGL	-3.0680899999999998	2.996846210170139e-07	3.6603420510937315e-06
DNAJA3	0.8344249999999995	2.9969334105153883e-07	3.6603420510937315e-06
GPATCH2	1.1511649999999998	2.9969334105153883e-07	3.6603420510937315e-06
MPC2	1.7476800000000008	2.9969334105153883e-07	3.6603420510937315e-06
PEX3	1.8547249999999993	2.9969334105153883e-07	3.6603420510937315e-06
SLC35B3	1.3632300000000015	2.9969334105153883e-07	3.6603420510937315e-06
MRPL17	1.314	3.1216184378179264e-07	3.740275821286463e-06
KRT15	-5.31437	3.1216184378179264e-07	3.740275821286463e-06
SLC25A43	3.0899199999999993	3.1216184378179264e-07	3.740275821286463e-06
CROCC	-0.881075	3.1216184378179264e-07	3.740275821286463e-06
LAMTOR2	1.0193950000000012	3.1216184378179264e-07	3.740275821286463e-06
GAPDH	1.2322500000000005	3.1215278731049395e-07	3.740275821286463e-06
STARD3NL	1.1734549999999988	3.1216184378179264e-07	3.740275821286463e-06
VAMP3	-0.7654999999999994	3.1216184378179264e-07	3.740275821286463e-06
NFIC	-1.0279000000000007	3.1216184378179264e-07	3.740275821286463e-06
TESPA1	-0.8206499999999997	3.1216184378179264e-07	3.740275821286463e-06
DEFB124	-2.1442699999999997	3.1216184378179264e-07	3.740275821286463e-06
YIF1A	1.0205150000000005	3.1216184378179264e-07	3.740275821286463e-06
PDE1C	-1.8473999999999995	3.121437310638e-07	3.740275821286463e-06
CYP20A1	1.56285	3.1216184378179264e-07	3.740275821286463e-06
LYVE1	-1.2110100000000004	3.1216184378179264e-07	3.740275821286463e-06
HYOU1	1.0823849999999995	3.1216184378179264e-07	3.740275821286463e-06
GANAB	1.41268	3.1216184378179264e-07	3.740275821286463e-06
CDC20	5.542325	3.1216184378179264e-07	3.740275821286463e-06
NLRX1	-0.9572799999999999	3.1216184378179264e-07	3.740275821286463e-06
APEX2	0.9086400000000001	3.1216184378179264e-07	3.740275821286463e-06
SOX4	1.6894500000000008	3.1215278731049395e-07	3.740275821286463e-06
SMIM13	1.6891200000000008	3.1216184378179264e-07	3.740275821286463e-06
PDK4	-4.1127150000000015	3.1216184378179264e-07	3.740275821286463e-06
GTF2H2C	1.9579450000000005	3.2513047899574736e-07	3.807697432238906e-06
SEPSECS-AS1	1.5097449999999988	3.2513047899574736e-07	3.807697432238906e-06
MED6	2.963469999999999	3.2513047899574736e-07	3.807697432238906e-06
NAGA	1.2336050000000007	3.2513047899574736e-07	3.807697432238906e-06
DNAJC10	1.3761100000000006	3.2513047899574736e-07	3.807697432238906e-06
AIFM1	1.79364	3.2513047899574736e-07	3.807697432238906e-06
ABT1	1.4467899999999991	3.2513047899574736e-07	3.807697432238906e-06
MEN1	1.1563749999999997	3.2513047899574736e-07	3.807697432238906e-06
RPN1	1.0167099999999998	3.2513047899574736e-07	3.807697432238906e-06
DUS4L	2.1211450000000003	3.2513047899574736e-07	3.807697432238906e-06
TXNRD1	1.9598200000000006	3.2513047899574736e-07	3.807697432238906e-06
RPL35A	-0.8062500000000004	3.251210736843248e-07	3.807697432238906e-06
SACS-AS1	-0.8377300000000001	3.2513047899574736e-07	3.807697432238906e-06
PKM	1.215160000000001	3.2513047899574736e-07	3.807697432238906e-06
LYRM2	2.032375	3.2513047899574736e-07	3.807697432238906e-06
ZNF200	1.3522550000000004	3.2513047899574736e-07	3.807697432238906e-06
KCTD3	1.74348	3.2513047899574736e-07	3.807697432238906e-06
MRPS23	1.6190049999999996	3.2513047899574736e-07	3.807697432238906e-06
ZAK	-1.4190500000000004	3.2513047899574736e-07	3.807697432238906e-06
GTF2I	2.08143	3.2513047899574736e-07	3.807697432238906e-06
FOLR1	4.761645	3.2513047899574736e-07	3.807697432238906e-06
CX3CL1	-3.884155	3.2513047899574736e-07	3.807697432238906e-06
SSBP1	0.984350000000001	3.251210736843248e-07	3.807697432238906e-06
ARL6IP6	0.8966599999999989	3.251210736843248e-07	3.807697432238906e-06
LOC101930531	-0.6907200000000007	3.251210736843248e-07	3.807697432238906e-06
CTSF	-1.9975499999999986	3.2513047899574736e-07	3.807697432238906e-06
FMO2	-4.75043	3.2513047899574736e-07	3.807697432238906e-06
FRG1JP	-3.0858749999999997	3.2513047899574736e-07	3.807697432238906e-06
WRAP73	1.638655	3.386185107371097e-07	3.912027058810109e-06
CCNE2	3.745565000000001	3.386185107371097e-07	3.912027058810109e-06
CACHD1	-3.6281049999999997	3.386185107371097e-07	3.912027058810109e-06
YEATS4	1.0440300000000002	3.386185107371097e-07	3.912027058810109e-06
NBPF25P	2.2357899999999997	3.3860874374815316e-07	3.912027058810109e-06
GRASP	-1.3259049999999997	3.3860874374815316e-07	3.912027058810109e-06
ITSN2	-0.7571700000000003	3.386185107371097e-07	3.912027058810109e-06
TSHZ2	-4.160685	3.386185107371097e-07	3.912027058810109e-06
SEC24D	2.2010699999999996	3.386185107371097e-07	3.912027058810109e-06
PTER	3.8707450000000003	3.386185107371097e-07	3.912027058810109e-06
TAL1	-1.20627	3.386185107371097e-07	3.912027058810109e-06
LAP3	1.6097000000000001	3.386185107371097e-07	3.912027058810109e-06
SYNGR2	1.556029999999998	3.386185107371097e-07	3.912027058810109e-06
SOCS1	-0.53477	3.386185107371097e-07	3.912027058810109e-06
WDR31	-0.34683499999999956	3.386185107371097e-07	3.912027058810109e-06
GSTCD	2.2911700000000006	3.386185107371097e-07	3.912027058810109e-06
UBE2A	1.1258800000000004	3.386185107371097e-07	3.912027058810109e-06
BAX	1.4252950000000002	3.526459119630389e-07	4.007139228112089e-06
ALG3	1.2376500000000004	3.526459119630389e-07	4.007139228112089e-06
PGM5-AS1	-2.41552	3.526459119630389e-07	4.007139228112089e-06
CD34	-1.8980750000000004	3.526459119630389e-07	4.007139228112089e-06
CAND1	0.8386449999999979	3.526459119630389e-07	4.007139228112089e-06
CCNK	0.5996000000000006	3.526459119630389e-07	4.007139228112089e-06
CRY2	-1.5406399999999998	3.526459119630389e-07	4.007139228112089e-06
GMCL1	2.327885	3.526459119630389e-07	4.007139228112089e-06
PPT1	1.1184999999999992	3.526459119630389e-07	4.007139228112089e-06
MIR205HG	-4.3986149999999995	3.526459119630389e-07	4.007139228112089e-06
POLR3F	1.317495	3.526459119630389e-07	4.007139228112089e-06
LSM2	1.9539799999999996	3.526459119630389e-07	4.007139228112089e-06
SEC13	0.7854600000000005	3.52635770010785e-07	4.007139228112089e-06
SYNM	-4.91051	3.526459119630389e-07	4.007139228112089e-06
MTCH2	1.8158600000000007	3.526459119630389e-07	4.007139228112089e-06
EIF5A	6.63443	3.526459119630389e-07	4.007139228112089e-06
ZNF471	-2.700845	3.526459119630389e-07	4.007139228112089e-06
SSR3	0.9461999999999993	3.52635770010785e-07	4.007139228112089e-06
LMNB1	2.320995	3.526459119630389e-07	4.007139228112089e-06
RBX1	0.8641000000000005	3.526459119630389e-07	4.007139228112089e-06
PCCB	1.3860850000000005	3.526459119630389e-07	4.007139228112089e-06
SNORD32A	-1.3469499999999996	3.672333893028582e-07	4.1086003693806675e-06
TXN2	-0.8357349999999997	3.672333893028582e-07	4.1086003693806675e-06
ADH1B	-8.868289999999998	3.672333893028582e-07	4.1086003693806675e-06
RINT1	1.9022099999999993	3.672333893028582e-07	4.1086003693806675e-06
LOC101060386	0.6785800000000002	3.6722285863846863e-07	4.1086003693806675e-06
ALOX5AP	4.58013	3.672333893028582e-07	4.1086003693806675e-06
JAM3	-2.32151	3.672333893028582e-07	4.1086003693806675e-06
ME2	1.8265349999999998	3.6722285863846863e-07	4.1086003693806675e-06
CGB1	-0.6921099999999996	3.672333893028582e-07	4.1086003693806675e-06
ALG8	1.6170600000000004	3.672333893028582e-07	4.1086003693806675e-06
GALNT16	-3.61115	3.672333893028582e-07	4.1086003693806675e-06
CLDN7	2.278080000000001	3.672333893028582e-07	4.1086003693806675e-06
AQR	1.3016949999999996	3.672333893028582e-07	4.1086003693806675e-06
ENC1	2.734499999999999	3.672333893028582e-07	4.1086003693806675e-06
MTF2	1.437730000000001	3.672333893028582e-07	4.1086003693806675e-06
FBXO31	-1.7536749999999994	3.672333893028582e-07	4.1086003693806675e-06
SMIM15	1.1026299999999996	3.672333893028582e-07	4.1086003693806675e-06
MCTS1	1.0317049999999988	3.672333893028582e-07	4.1086003693806675e-06
PNPLA2	-1.3145600000000002	3.672333893028582e-07	4.1086003693806675e-06
TMEM135	1.8065300000000004	3.672333893028582e-07	4.1086003693806675e-06
LMNB2	1.3198750000000006	3.8240240862996e-07	4.200641284511557e-06
MIR6834	2.222619999999999	3.8240240862996e-07	4.200641284511557e-06
ACAD10	-1.0912249999999997	3.8240240862996e-07	4.200641284511557e-06
DNMT3A	1.8107600000000001	3.8240240862996e-07	4.200641284511557e-06
ATRX	1.7678200000000013	3.8240240862996e-07	4.200641284511557e-06
SRSF3	0.6797500000000003	3.8240240862996e-07	4.200641284511557e-06
DCHS1	-1.9788950000000005	3.8240240862996e-07	4.200641284511557e-06
GPSM2	2.739919999999999	3.8240240862996e-07	4.200641284511557e-06
SPINT2	1.2866	3.8240240862996e-07	4.200641284511557e-06
SUGP1	-0.8998400000000002	3.8240240862996e-07	4.200641284511557e-06
SLC7A6OS	-1.2380699999999996	3.8240240862996e-07	4.200641284511557e-06
TUBA1B	0.8309499999999996	3.823914750263431e-07	4.200641284511557e-06
CLDND1	3.5408049999999998	3.8240240862996e-07	4.200641284511557e-06
GDAP2	1.7848749999999995	3.8240240862996e-07	4.200641284511557e-06
PDCL3P4	1.2181299999999995	3.8240240862996e-07	4.200641284511557e-06
SDE2	0.8485399999999998	3.8240240862996e-07	4.200641284511557e-06
ABCA9	-2.543405	3.8240240862996e-07	4.200641284511557e-06
FAM83D	5.063725	3.8240240862996e-07	4.200641284511557e-06
MIR6859-1	-1.5017800000000001	3.8240240862996e-07	4.200641284511557e-06
MIR6125	1.2491149999999998	3.8240240862996e-07	4.200641284511557e-06
TAT	-1.7196399999999996	3.8240240862996e-07	4.200641284511557e-06
PDCD6IP	1.2499000000000002	3.823914750263431e-07	4.200641284511557e-06
SNORA52	-0.6756999999999991	3.8238054168929976e-07	4.200641284511557e-06
CAPZA2	1.0850000000000009	3.8240240862996e-07	4.200641284511557e-06
AMER2	-0.4678749999999998	3.902007781495813e-07	4.279830589341556e-06
PAQR7	-1.558815	3.902007781495813e-07	4.279830589341556e-06
HSPA12B	-3.3495850000000003	3.981752214716759e-07	4.28636068659131e-06
RBM5	-1.1371000000000002	3.981752214716759e-07	4.28636068659131e-06
UGCG	2.26947	3.981752214716759e-07	4.28636068659131e-06
CYP4F12	-1.3937050000000006	3.981752214716759e-07	4.28636068659131e-06
C18orf8	1.7263549999999999	3.981752214716759e-07	4.28636068659131e-06
FAHD2CP	-2.2479249999999986	3.981752214716759e-07	4.28636068659131e-06
HDAC5	-1.6169949999999993	3.981752214716759e-07	4.28636068659131e-06
EXOC5	0.8826999999999998	3.981752214716759e-07	4.28636068659131e-06
SLC30A5	1.5844399999999998	3.981752214716759e-07	4.28636068659131e-06
MYBBP1A	-1.278620000000001	3.981752214716759e-07	4.28636068659131e-06
OSGIN2	1.761095000000001	3.981752214716759e-07	4.28636068659131e-06
CD58	2.015315000000001	3.981752214716759e-07	4.28636068659131e-06
B4GALT6	-1.92455	3.981752214716759e-07	4.28636068659131e-06
KRT40	-0.7297500000000001	3.981752214716759e-07	4.28636068659131e-06
PDLIM4	-1.8185749999999992	3.981752214716759e-07	4.28636068659131e-06
DPM2	1.0382250000000006	3.981752214716759e-07	4.28636068659131e-06
PPP1CB	2.06785	3.981752214716759e-07	4.28636068659131e-06
MAOA	-5.534699999999999	3.981752214716759e-07	4.28636068659131e-06
TTC13	1.3921449999999984	3.981752214716759e-07	4.28636068659131e-06
PPP6R1	0.8431800000000003	3.981752214716759e-07	4.28636068659131e-06
TRIM37	1.13166	3.981752214716759e-07	4.28636068659131e-06
GTF2E1	0.6879099999999996	3.981752214716759e-07	4.28636068659131e-06
GRK3	-2.292985	3.981752214716759e-07	4.28636068659131e-06
RTCA	1.5071700000000012	3.981752214716759e-07	4.28636068659131e-06
DPY19L4	1.14006	3.981752214716759e-07	4.28636068659131e-06
PROS1	-2.6876300000000004	4.145748922826049e-07	4.388087890472295e-06
PTRH2	1.2486250000000005	4.145748922826049e-07	4.388087890472295e-06
MCM3	1.6734399999999994	4.145748922826049e-07	4.388087890472295e-06
KIAA1683	-2.59784	4.145748922826049e-07	4.388087890472295e-06
NUP205	1.5116799999999992	4.145748922826049e-07	4.388087890472295e-06
PHB	1.6026249999999997	4.145748922826049e-07	4.388087890472295e-06
LOC643733	-2.67316	4.145748922826049e-07	4.388087890472295e-06
CHFR	2.1004950000000004	4.145748922826049e-07	4.388087890472295e-06
MAML2	-2.1291899999999995	4.145748922826049e-07	4.388087890472295e-06
MRPS6	1.298565	4.145748922826049e-07	4.388087890472295e-06
DVL3	2.8117550000000016	4.145748922826049e-07	4.388087890472295e-06
RPL14	-0.7470499999999998	4.145748922826049e-07	4.388087890472295e-06
TAF1A	1.35736	4.145748922826049e-07	4.388087890472295e-06
NFAM1	-0.6315150000000003	4.145748922826049e-07	4.388087890472295e-06
GTPBP3	-0.7037699999999987	4.145748922826049e-07	4.388087890472295e-06
SNRNP70	-1.489749999999999	4.145748922826049e-07	4.388087890472295e-06
SPCS2	1.1384500000000006	4.145748922826049e-07	4.388087890472295e-06
SLC25A40	1.095415	4.145748922826049e-07	4.388087890472295e-06
TXNDC17	1.0161800000000003	4.14563108127602e-07	4.388087890472295e-06
TMEM100	-4.119605	4.145748922826049e-07	4.388087890472295e-06
S100P	7.1165949999999984	4.145748922826049e-07	4.388087890472295e-06
SMG8	1.5088800000000004	4.145748922826049e-07	4.388087890472295e-06
TRNT1	0.9303250000000007	4.145748922826049e-07	4.388087890472295e-06
TRIP13	4.841419999999999	4.3161309380379195e-07	4.5126443434087995e-06
ESD	-0.9201499999999996	4.316253266075488e-07	4.5126443434087995e-06
ZNF260	1.1175350000000002	4.316253266075488e-07	4.5126443434087995e-06
TF	-6.0090900000000005	4.316253266075488e-07	4.5126443434087995e-06
CSRNP2	1.7820349999999996	4.316253266075488e-07	4.5126443434087995e-06
MCM6	1.7981350000000003	4.316253266075488e-07	4.5126443434087995e-06
CYYR1	-3.2762150000000005	4.316253266075488e-07	4.5126443434087995e-06
TTC9C	0.7839600000000004	4.316253266075488e-07	4.5126443434087995e-06
FUT8-AS1	-0.892294999999999	4.316253266075488e-07	4.5126443434087995e-06
MAP3K7	1.2037749999999994	4.316253266075488e-07	4.5126443434087995e-06
KLHL12	1.4001600000000005	4.3161309380379195e-07	4.5126443434087995e-06
PCID2	1.1625299999999994	4.316253266075488e-07	4.5126443434087995e-06
COCH	1.7336299999999998	4.316253266075488e-07	4.5126443434087995e-06
UHMK1	0.9653500000000008	4.316253266075488e-07	4.5126443434087995e-06
KANSL2	0.9091250000000004	4.316253266075488e-07	4.5126443434087995e-06
HIST2H2BE	4.207055	4.316253266075488e-07	4.5126443434087995e-06
PQLC1	-1.2000149999999996	4.316253266075488e-07	4.5126443434087995e-06
ARHGAP19	-1.3804299999999996	4.4935130016098913e-07	4.644469452624829e-06
CYP2A13	-0.6186350000000003	4.4935130016098913e-07	4.644469452624829e-06
BEND5	-2.7125399999999997	4.4935130016098913e-07	4.644469452624829e-06
ZNF326	1.0608249999999995	4.4935130016098913e-07	4.644469452624829e-06
B4GALT3	1.4725800000000016	4.4935130016098913e-07	4.644469452624829e-06
SAE1	1.1397650000000015	4.4935130016098913e-07	4.644469452624829e-06
FASTKD3	1.2342849999999999	4.4935130016098913e-07	4.644469452624829e-06
RPEL1	2.0624249999999997	4.4935130016098913e-07	4.644469452624829e-06
USP48	-0.9013799999999996	4.49338602407212e-07	4.644469452624829e-06
ANLN	5.055664999999999	4.4935130016098913e-07	4.644469452624829e-06
FPR3	4.474309999999999	4.4935130016098913e-07	4.644469452624829e-06
PDCD6	1.3615399999999998	4.4935130016098913e-07	4.644469452624829e-06
CEP76	1.6876549999999995	4.4935130016098913e-07	4.644469452624829e-06
EVA1C	-2.2068699999999994	4.4935130016098913e-07	4.644469452624829e-06
BPGM	2.0256999999999996	4.4935130016098913e-07	4.644469452624829e-06
PLXNA3	1.9316999999999998	4.4935130016098913e-07	4.644469452624829e-06
RFX5	1.3752999999999993	4.6777848885069413e-07	4.790605934477983e-06
TRAPPC3	1.385395	4.6777848885069413e-07	4.790605934477983e-06
ATP6V1D	1.3458949999999987	4.6777848885069413e-07	4.790605934477983e-06
PSMC4	0.900030000000001	4.6777848885069413e-07	4.790605934477983e-06
RNF14	2.7100800000000005	4.6777848885069413e-07	4.790605934477983e-06
SEPT6	2.34748	4.6777848885069413e-07	4.790605934477983e-06
LOC101243545	-1.7526599999999988	4.6777848885069413e-07	4.790605934477983e-06
NLGN2	-1.1881149999999998	4.6777848885069413e-07	4.790605934477983e-06
LHX6	-3.1274749999999996	4.6777848885069413e-07	4.790605934477983e-06
COMMD5	1.4244449999999995	4.6777848885069413e-07	4.790605934477983e-06
ANAPC10	1.9187349999999999	4.6777848885069413e-07	4.790605934477983e-06
CHRNB2	-0.5886950000000004	4.6777848885069413e-07	4.790605934477983e-06
TCP11L2	-1.3810350000000002	4.6776530928432624e-07	4.790605934477983e-06
ZBTB1	1.4828900000000012	4.869334997739014e-07	4.9140015870163975e-06
TOR1B	0.9076449999999996	4.869334997739014e-07	4.9140015870163975e-06
LYPLAL1	1.1068300000000004	4.869334997739014e-07	4.9140015870163975e-06
RNF34	1.3689799999999996	4.869334997739014e-07	4.9140015870163975e-06
PNO1	-2.350864999999999	4.869334997739014e-07	4.9140015870163975e-06
RPA3	1.2089350000000003	4.869334997739014e-07	4.9140015870163975e-06
GLRX2	1.420515	4.869334997739014e-07	4.9140015870163975e-06
ZNF281	1.1915250000000004	4.869334997739014e-07	4.9140015870163975e-06
ANK2	-4.02644	4.869334997739014e-07	4.9140015870163975e-06
PI16	-1.4819050000000002	4.869334997739014e-07	4.9140015870163975e-06
MFSD14C	2.0432149999999996	4.869334997739014e-07	4.9140015870163975e-06
CDK7	1.7233050000000008	4.869334997739014e-07	4.9140015870163975e-06
MBD3	-1.0885949999999998	4.869334997739014e-07	4.9140015870163975e-06
VIPR2	-0.89316	4.869334997739014e-07	4.9140015870163975e-06
ECD	0.8849849999999995	4.869334997739014e-07	4.9140015870163975e-06
FBXO7	1.9918600000000009	4.869334997739014e-07	4.9140015870163975e-06
TDH	-0.9714550000000006	4.869334997739014e-07	4.9140015870163975e-06
NUP160	1.38605	4.869334997739014e-07	4.9140015870163975e-06
EPB41L4A-AS1	-1.7262799999999991	4.869334997739014e-07	4.9140015870163975e-06
LOC100505478	-0.6580550000000001	4.869334997739014e-07	4.9140015870163975e-06
UBXN4	1.1288600000000013	4.869334997739014e-07	4.9140015870163975e-06
SNORD14D	0.5942500000000006	5.068297070994588e-07	5.041361070199241e-06
CCL28	-3.6219099999999997	5.068439032151833e-07	5.041361070199241e-06
PSMB5	0.8839200000000016	5.068439032151833e-07	5.041361070199241e-06
ARL2BP	2.0281600000000006	5.068439032151833e-07	5.041361070199241e-06
FZD4	-2.8240999999999996	5.068439032151833e-07	5.041361070199241e-06
ACADVL	-1.4118600000000008	5.068439032151833e-07	5.041361070199241e-06
BOLA3	1.096734999999999	5.068439032151833e-07	5.041361070199241e-06
INAFM1	-1.0060149999999997	5.068439032151833e-07	5.041361070199241e-06
TRIO	2.1892499999999995	5.068439032151833e-07	5.041361070199241e-06
QTRT2	1.0237450000000008	5.068439032151833e-07	5.041361070199241e-06
SCAMP3	1.0424800000000012	5.068439032151833e-07	5.041361070199241e-06
ITGA9-AS1	-1.2141549999999999	5.068439032151833e-07	5.041361070199241e-06
YRDC	1.5655800000000006	5.068439032151833e-07	5.041361070199241e-06
CAPZA1	0.8565000000000005	5.068439032151833e-07	5.041361070199241e-06
PAPOLG	1.128845	5.068439032151833e-07	5.041361070199241e-06
KIF20A	3.34694	5.068439032151833e-07	5.041361070199241e-06
TMEM241	-2.071035	5.068439032151833e-07	5.041361070199241e-06
TBX15	-2.33624	5.068439032151833e-07	5.041361070199241e-06
SPTLC2	1.9173100000000005	5.068439032151833e-07	5.041361070199241e-06
RAB10	0.8068999999999988	5.068297070994588e-07	5.041361070199241e-06
RRP36	0.9838150000000008	5.068439032151833e-07	5.041361070199241e-06
KMT5A	1.2549400000000004	5.27523533608007e-07	5.211503873569285e-06
BARD1	1.7760950000000006	5.275382656759984e-07	5.211503873569285e-06
CLP1	1.1904200000000005	5.275382656759984e-07	5.211503873569285e-06
SLC13A2	-2.5044	5.275382656759984e-07	5.211503873569285e-06
PRMT1	1.7613750000000001	5.275382656759984e-07	5.211503873569285e-06
EPRS	1.486139999999999	5.27523533608007e-07	5.211503873569285e-06
TMED2	0.6333500000000001	5.27523533608007e-07	5.211503873569285e-06
DYNC1I2	0.7179000000000002	5.275382656759984e-07	5.211503873569285e-06
ADAR	0.8901000000000003	5.275382656759984e-07	5.211503873569285e-06
SEC61B	0.6386500000000002	5.275382656759984e-07	5.211503873569285e-06
GRIK5	-0.2798550000000004	5.490308966516957e-07	5.322595916931587e-06
USP46	1.149775	5.49046183966638e-07	5.322595916931587e-06
SDAD1	1.7128049999999995	5.49046183966638e-07	5.322595916931587e-06
ZNF490	-0.9663949999999994	5.49046183966638e-07	5.322595916931587e-06
MIR3934	1.3540649999999994	5.49046183966638e-07	5.322595916931587e-06
ESYT1	-1.3913700000000002	5.49046183966638e-07	5.322595916931587e-06
FAU	-0.5703999999999994	5.49046183966638e-07	5.322595916931587e-06
TMEM110-MUSTN1	-2.5521900000000004	5.49046183966638e-07	5.322595916931587e-06
DDOST	1.1898	5.49046183966638e-07	5.322595916931587e-06
COPS5	0.9586699999999997	5.490156096980585e-07	5.322595916931587e-06
FBXL17	-1.6091049999999996	5.49046183966638e-07	5.322595916931587e-06
SSX2IP	1.5946749999999987	5.49046183966638e-07	5.322595916931587e-06
SUCO	1.04265	5.49046183966638e-07	5.322595916931587e-06
DIABLO	0.8788950000000018	5.49046183966638e-07	5.322595916931587e-06
C11orf58	1.194049999999999	5.490308966516957e-07	5.322595916931587e-06
RUNDC3B	-1.9491399999999999	5.49046183966638e-07	5.322595916931587e-06
LOC100128288	-0.6342350000000003	5.49046183966638e-07	5.322595916931587e-06
SAA2-SAA4	-6.936425	5.49046183966638e-07	5.322595916931587e-06
ZNF580	-1.1254350000000004	5.49046183966638e-07	5.322595916931587e-06
SNX14	1.448714999999999	5.49046183966638e-07	5.322595916931587e-06
TMPO	1.5405950000000015	5.49046183966638e-07	5.322595916931587e-06
BROX	1.0250000000000004	5.490308966516957e-07	5.322595916931587e-06
PEX11B	1.3511299999999995	5.490308966516957e-07	5.322595916931587e-06
EIF4A3	1.372849999999998	5.49046183966638e-07	5.322595916931587e-06
N4BP1	1.3236849999999993	5.49046183966638e-07	5.322595916931587e-06
PLXNA4	-1.5623200000000002	5.490308966516957e-07	5.322595916931587e-06
MAPKBP1	-1.6672500000000001	5.49046183966638e-07	5.322595916931587e-06
ARFGEF2	1.05166	5.49046183966638e-07	5.322595916931587e-06
CCDC167	1.365124999999999	5.713983203922469e-07	5.4663019820396634e-06
TTYH3	2.2686200000000003	5.713983203922469e-07	5.4663019820396634e-06
TMEM267	1.4708049999999995	5.713983203922469e-07	5.4663019820396634e-06
JAG2	-1.48578	5.713983203922469e-07	5.4663019820396634e-06
GTF2A2	0.7985050000000005	5.713983203922469e-07	5.4663019820396634e-06
PHF7	-1.0667149999999994	5.713983203922469e-07	5.4663019820396634e-06
PPRC1	1.4290649999999996	5.713983203922469e-07	5.4663019820396634e-06
APOBEC3B	4.359685	5.713983203922469e-07	5.4663019820396634e-06
KRIT1	1.431165	5.713983203922469e-07	5.4663019820396634e-06
IER3IP1	1.0342999999999982	5.713031509110511e-07	5.4663019820396634e-06
LRRC42	1.1950049999999992	5.713983203922469e-07	5.4663019820396634e-06
DNTTIP1	0.8828250000000004	5.713824578780784e-07	5.4663019820396634e-06
DAGLB	1.3040200000000004	5.713983203922469e-07	5.4663019820396634e-06
VCP	0.7172300000000007	5.713824578780784e-07	5.4663019820396634e-06
ATG5	1.3392300000000006	5.713983203922469e-07	5.4663019820396634e-06
SCAF11	1.2657499999999988	5.713983203922469e-07	5.4663019820396634e-06
C6orf62	0.6683000000000003	5.713665957375069e-07	5.4663019820396634e-06
PEX2	1.9565200000000003	5.713983203922469e-07	5.4663019820396634e-06
RPL27	-0.49054999999999893	5.713983203922469e-07	5.4663019820396634e-06
LOC102724870	-1.0944349999999998	5.713983203922469e-07	5.4663019820396634e-06
WRNIP1	1.1128150000000003	5.946264390652531e-07	5.599977398252662e-06
FLJ10038	-1.29608	5.946264390652531e-07	5.599977398252662e-06
PCBP4	-1.6061750000000004	5.946264390652531e-07	5.599977398252662e-06
TIMM50	1.7686600000000015	5.946264390652531e-07	5.599977398252662e-06
SLC30A6	1.1236250000000005	5.946264390652531e-07	5.599977398252662e-06
AURKA	4.5751550000000005	5.946264390652531e-07	5.599977398252662e-06
GTF3C6	1.0620999999999992	5.946099807210097e-07	5.599977398252662e-06
FAHD1	1.0213649999999994	5.946264390652531e-07	5.599977398252662e-06
ERN2	-0.5611549999999994	5.946264390652531e-07	5.599977398252662e-06
P2RX4	1.9605199999999998	5.946264390652531e-07	5.599977398252662e-06
DPPA4	-0.8270800000000005	5.946264390652531e-07	5.599977398252662e-06
UBAP1L	-1.0189299999999992	5.946264390652531e-07	5.599977398252662e-06
EMC2	1.4936699999999998	5.946264390652531e-07	5.599977398252662e-06
IQCB1	1.2019449999999994	5.946264390652531e-07	5.599977398252662e-06
CALU	1.3412600000000001	5.946264390652531e-07	5.599977398252662e-06
MCAM	-2.516050000000001	5.946264390652531e-07	5.599977398252662e-06
MFSD14A	1.399000000000001	5.946264390652531e-07	5.599977398252662e-06
TFRC	1.93994	5.946264390652531e-07	5.599977398252662e-06
HNRNPLL	1.595485	5.946264390652531e-07	5.599977398252662e-06
HSD17B6	2.1043849999999993	5.946264390652531e-07	5.599977398252662e-06
IL17RD	-3.238925000000001	5.946264390652531e-07	5.599977398252662e-06
MEGF8	-1.6750749999999996	5.946264390652531e-07	5.599977398252662e-06
FAM107A	-4.32696	5.946264390652531e-07	5.599977398252662e-06
ALS2CL	-0.804945	5.946264390652531e-07	5.599977398252662e-06
ZNF204P	-2.3322950000000002	6.18763443377617e-07	5.7748603629368595e-06
NPL	1.7078550000000003	6.18763443377617e-07	5.7748603629368595e-06
NFYA	1.0553050000000006	6.18763443377617e-07	5.7748603629368595e-06
ALS2CR11	-0.6380050000000002	6.18763443377617e-07	5.7748603629368595e-06
SRSF7	1.0831499999999998	6.187463678722444e-07	5.7748603629368595e-06
ZNF324B	-0.673635	6.18763443377617e-07	5.7748603629368595e-06
LOC401585	-0.4469150000000002	6.18763443377617e-07	5.7748603629368595e-06
CNOT3	2.2243899999999996	6.18763443377617e-07	5.7748603629368595e-06
MIR636	0.8931000000000004	6.18763443377617e-07	5.7748603629368595e-06
LSM12	1.3259549999999996	6.18763443377617e-07	5.7748603629368595e-06
AGK	1.397895	6.18763443377617e-07	5.7748603629368595e-06
ZNF826P	-0.8026249999999999	6.18763443377617e-07	5.7748603629368595e-06
RNF138	1.3077100000000002	6.18763443377617e-07	5.7748603629368595e-06
ABHD14B	-1.3688099999999999	6.18763443377617e-07	5.7748603629368595e-06
NLN	-0.8788499999999999	6.311312052590144e-07	5.8865044076887656e-06
RPL3	-0.8827999999999996	6.438434146670206e-07	5.9251546690712755e-06
C1orf112	1.8984499999999995	6.438434146670206e-07	5.9251546690712755e-06
ABCA5	-1.8817400000000006	6.438434146670206e-07	5.9251546690712755e-06
TMEM72	-0.9024850000000004	6.438256999470049e-07	5.9251546690712755e-06
MRPS7	1.6601850000000002	6.438434146670206e-07	5.9251546690712755e-06
NCEH1	2.871175	6.438434146670206e-07	5.9251546690712755e-06
SCO2	1.7676349999999994	6.438434146670206e-07	5.9251546690712755e-06
NSUN4	2.41625	6.438434146670206e-07	5.9251546690712755e-06
RCC2	1.0337999999999994	6.438434146670206e-07	5.9251546690712755e-06
UQCR10	1.0284000000000013	6.438256999470049e-07	5.9251546690712755e-06
FRYL	2.028175	6.438434146670206e-07	5.9251546690712755e-06
CNIH1	0.9676999999999989	6.438434146670206e-07	5.9251546690712755e-06
LOC100507547	-0.9244349999999999	6.438434146670206e-07	5.9251546690712755e-06
BCCIP	1.1107199999999988	6.438434146670206e-07	5.9251546690712755e-06
PMS2P1	0.9712700000000005	6.438434146670206e-07	5.9251546690712755e-06
ATP6AP1	1.0100599999999993	6.438434146670206e-07	5.9251546690712755e-06
ALDH1B1	-1.0295550000000002	6.438434146670206e-07	5.9251546690712755e-06
GTPBP4	1.267570000000001	6.438434146670206e-07	5.9251546690712755e-06
ZNF267	1.1687450000000004	6.438434146670206e-07	5.9251546690712755e-06
LOC728554	1.7321600000000004	6.438434146670206e-07	5.9251546690712755e-06
RUNX1T1	-3.62439	6.438434146670206e-07	5.9251546690712755e-06
KLC1	-1.107825	6.567299524034509e-07	6.039919169602859e-06
KIAA0907	1.035700000000002	6.698832753786273e-07	6.065032289259955e-06
CDK4	1.185155	6.699016521121725e-07	6.065032289259955e-06
CBX6	-1.0869599999999995	6.699016521121725e-07	6.065032289259955e-06
PAPD4	2.1485700000000003	6.699016521121725e-07	6.065032289259955e-06
PIGM	1.4995500000000002	6.699016521121725e-07	6.065032289259955e-06
IRF9	1.7870000000000008	6.699016521121725e-07	6.065032289259955e-06
NDUFAB1	0.7880000000000003	6.698832753786273e-07	6.065032289259955e-06
CYP17A1	-1.0004549999999997	6.699016521121725e-07	6.065032289259955e-06
ZNF124	2.2580549999999997	6.699016521121725e-07	6.065032289259955e-06
MITD1	1.6043250000000002	6.699016521121725e-07	6.065032289259955e-06
EDN3	-3.2654449999999997	6.698832753786273e-07	6.065032289259955e-06
PYROXD2	-1.7907900000000003	6.699016521121725e-07	6.065032289259955e-06
SNRPD3	0.9411500000000004	6.699016521121725e-07	6.065032289259955e-06
FBXO6	3.5371150000000005	6.699016521121725e-07	6.065032289259955e-06
WDYHV1	1.5119649999999991	6.699016521121725e-07	6.065032289259955e-06
SS18L1	1.287395	6.699016521121725e-07	6.065032289259955e-06
EZR	1.14316	6.699016521121725e-07	6.065032289259955e-06
DNAJC13	0.8611599999999999	6.699016521121725e-07	6.065032289259955e-06
RIN1	-1.6086749999999999	6.699016521121725e-07	6.065032289259955e-06
MEX3D	1.68541	6.699016521121725e-07	6.065032289259955e-06
LOC101928625	3.1282000000000014	6.699016521121725e-07	6.065032289259955e-06
NCALD	-3.09661	6.699016521121725e-07	6.065032289259955e-06
ZNF554	-1.0321149999999992	6.698832753786273e-07	6.065032289259955e-06
LOC102724814	-2.105385	6.699016521121725e-07	6.065032289259955e-06
MAMDC2	-4.597505	6.699016521121725e-07	6.065032289259955e-06
GOLGA7B	-0.8880400000000002	6.969747138931968e-07	6.2362703605403595e-06
IGF1	-4.74802	6.969747138931968e-07	6.2362703605403595e-06
HCFC2	-1.3758749999999997	6.969747138931968e-07	6.2362703605403595e-06
NECAP1	1.4847400000000004	6.969747138931968e-07	6.2362703605403595e-06
ABHD3	1.96042	6.969556515782865e-07	6.2362703605403595e-06
APITD1-CORT	1.8708900000000002	6.969747138931968e-07	6.2362703605403595e-06
ANKRD35	-4.02947	6.969747138931968e-07	6.2362703605403595e-06
MIR4745	0.502600000000001	6.969747138931968e-07	6.2362703605403595e-06
MYLK3	-0.8823350000000003	6.969747138931968e-07	6.2362703605403595e-06
SLC30A1	1.5100200000000008	6.969747138931968e-07	6.2362703605403595e-06
BRSK1	-0.4486099999999995	6.969747138931968e-07	6.2362703605403595e-06
KIF26B	3.7909350000000006	6.969747138931968e-07	6.2362703605403595e-06
TMOD3	0.9695900000000002	6.969747138931968e-07	6.2362703605403595e-06
PTPN1	0.9091000000000005	6.969747138931968e-07	6.2362703605403595e-06
SNORD73A	-0.38874999999999993	6.969747138931968e-07	6.2362703605403595e-06
CDK10	-1.300955	6.969747138931968e-07	6.2362703605403595e-06
CBFB	1.6203649999999996	6.969747138931968e-07	6.2362703605403595e-06
LIPJ	-0.93771	6.969747138931968e-07	6.2362703605403595e-06
COL5A2	3.01947	6.969747138931968e-07	6.2362703605403595e-06
PLSCR1	2.01961	7.250806873968293e-07	6.424593578461118e-06
ND6	-2.4261649999999992	7.251004596541642e-07	6.424593578461118e-06
WHAMMP2	-1.04211	7.251004596541642e-07	6.424593578461118e-06
ZNF644	1.0771550000000012	7.251004596541642e-07	6.424593578461118e-06
UNK	1.6569649999999996	7.251004596541642e-07	6.424593578461118e-06
KIN	1.3569300000000002	7.251004596541642e-07	6.424593578461118e-06
ANKRD22	3.4930949999999994	7.251004596541642e-07	6.424593578461118e-06
ORC5	1.2439250000000008	7.251004596541642e-07	6.424593578461118e-06
OAS2	3.439704999999999	7.251004596541642e-07	6.424593578461118e-06
THUMPD3-AS1	2.54266	7.251004596541642e-07	6.424593578461118e-06
SUPT16H	1.1378449999999987	7.251004596541642e-07	6.424593578461118e-06
SLC39A1	1.1128899999999993	7.251004596541642e-07	6.424593578461118e-06
LAMTOR3	1.2095699999999994	7.250806873968293e-07	6.424593578461118e-06
AP2M1	0.7148500000000002	7.251004596541642e-07	6.424593578461118e-06
CAAP1	1.2589800000000002	7.251004596541642e-07	6.424593578461118e-06
LOC101927733	0.8100999999999985	7.251004596541642e-07	6.424593578461118e-06
HSPB6	-2.9388050000000003	7.543180943056426e-07	6.5949472399196526e-06
RUSC2	-1.2733850000000002	7.543180943056426e-07	6.5949472399196526e-06
GUK1	1.2647600000000008	7.542975869266405e-07	6.5949472399196526e-06
PARP14	1.8632050000000007	7.543180943056426e-07	6.5949472399196526e-06
MED1	1.259220000000001	7.543180943056426e-07	6.5949472399196526e-06
SCO1	2.1242099999999997	7.543180943056426e-07	6.5949472399196526e-06
SRPK1	1.390955	7.543180943056426e-07	6.5949472399196526e-06
ACKR1	-5.598025	7.543180943056426e-07	6.5949472399196526e-06
MRPS18A	1.1125149999999993	7.543180943056426e-07	6.5949472399196526e-06
VAT1	-1.044364999999999	7.543180943056426e-07	6.5949472399196526e-06
EFEMP2	-1.718799999999998	7.543180943056426e-07	6.5949472399196526e-06
KRT14	-6.078194999999999	7.543180943056426e-07	6.5949472399196526e-06
GAS7	-2.6877449999999996	7.543180943056426e-07	6.5949472399196526e-06
RNF19A	1.7960100000000008	7.543180943056426e-07	6.5949472399196526e-06
TLCD1	2.63735	7.543180943056426e-07	6.5949472399196526e-06
C8orf76	1.6627649999999994	7.543180943056426e-07	6.5949472399196526e-06
PNPLA7	-2.1084250000000004	7.542975869266405e-07	6.5949472399196526e-06
CALML3	-2.28716	7.543180943056426e-07	6.5949472399196526e-06
KLHL29	-4.600695	7.542975869266405e-07	6.5949472399196526e-06
ARPC1B	1.1815599999999993	7.543180943056426e-07	6.5949472399196526e-06
SAMSN1	3.454064999999999	7.543180943056426e-07	6.5949472399196526e-06
NAB1	-1.8381499999999988	7.543180943056426e-07	6.5949472399196526e-06
LUZP1	-0.8024149999999999	7.846682132063287e-07	6.758571644236243e-06
CRTC1	-0.23569499999999977	7.846469446825189e-07	6.758571644236243e-06
TRAPPC8	1.2280699999999989	7.846682132063287e-07	6.758571644236243e-06
RCOR1	1.0449400000000004	7.846682132063287e-07	6.758571644236243e-06
C1orf115	-2.2758650000000014	7.846682132063287e-07	6.758571644236243e-06
TMEM60	0.9327450000000006	7.846682132063287e-07	6.758571644236243e-06
ICAM2	-2.1662099999999995	7.846682132063287e-07	6.758571644236243e-06
UBE2R2	1.0129400000000004	7.846682132063287e-07	6.758571644236243e-06
MED20	1.1952499999999997	7.846682132063287e-07	6.758571644236243e-06
CTSA	1.0963600000000007	7.846682132063287e-07	6.758571644236243e-06
LGALS12	-2.631695	7.846682132063287e-07	6.758571644236243e-06
UBA5	0.9364600000000003	7.846682132063287e-07	6.758571644236243e-06
UBE2J1	1.3592400000000007	7.846682132063287e-07	6.758571644236243e-06
PDCD5	0.9614050000000001	7.846682132063287e-07	6.758571644236243e-06
S100B	-5.45683	7.846682132063287e-07	6.758571644236243e-06
TPM2	-2.037514999999999	7.846682132063287e-07	6.758571644236243e-06
NOL7	0.7732399999999995	7.846469446825189e-07	6.758571644236243e-06
LINC01089	-0.5658700000000012	7.846682132063287e-07	6.758571644236243e-06
PPP1R1A	-5.1997349999999996	7.846682132063287e-07	6.758571644236243e-06
PKD1L1	-0.6267950000000004	7.846682132063287e-07	6.758571644236243e-06
XRCC4	1.1222000000000003	7.846682132063287e-07	6.758571644236243e-06
CCDC3	-2.2011649999999996	7.846682132063287e-07	6.758571644236243e-06
AKR1C1	-5.663545000000001	7.846682132063287e-07	6.758571644236243e-06
BACE1	-1.4148400000000008	7.846682132063287e-07	6.758571644236243e-06
R3HDM1	1.1287049999999992	7.846682132063287e-07	6.758571644236243e-06
RPL21P28	-0.6921499999999998	8.002160560464854e-07	6.888404010614736e-06
ZBTB8A	1.7581100000000003	8.161928487636003e-07	6.951761026243404e-06
PRKDC	1.5867199999999997	8.161928487636003e-07	6.951761026243404e-06
ATG3	0.8466900000000006	8.161707922015264e-07	6.951761026243404e-06
TMEM33	0.920515	8.161928487636003e-07	6.951761026243404e-06
IRX1	-6.738439999999999	8.161928487636003e-07	6.951761026243404e-06
MRPS16	1.1274099999999994	8.161928487636003e-07	6.951761026243404e-06
LOC101929583	-1.0917900000000005	8.161928487636003e-07	6.951761026243404e-06
KIAA1468	1.4745850000000003	8.161928487636003e-07	6.951761026243404e-06
VBP1	0.9451	8.161928487636003e-07	6.951761026243404e-06
STAU2	1.5898449999999995	8.161928487636003e-07	6.951761026243404e-06
PSMG1	2.23803	8.161928487636003e-07	6.951761026243404e-06
MRPL38	1.8295649999999997	8.161928487636003e-07	6.951761026243404e-06
ICMT	1.1403999999999996	8.161928487636003e-07	6.951761026243404e-06
IMPA1	1.443834999999999	8.161928487636003e-07	6.951761026243404e-06
NCOA3	1.933670000000001	8.161928487636003e-07	6.951761026243404e-06
TSSC1	1.7328300000000008	8.161928487636003e-07	6.951761026243404e-06
COMP	5.656255	8.161928487636003e-07	6.951761026243404e-06
LOC100289283	-0.8514850000000003	8.161928487636003e-07	6.951761026243404e-06
ITGB2	2.2826700000000004	8.489355184941333e-07	7.134399073826275e-06
ENPP2	-2.88481	8.489355184941333e-07	7.134399073826275e-06
NOL11	0.9504199999999994	8.489355184941333e-07	7.134399073826275e-06
PRPF38A	2.337344999999999	8.489355184941333e-07	7.134399073826275e-06
FAM13A-AS1	-2.2876200000000004	8.489355184941333e-07	7.134399073826275e-06
ZNF395	-1.8543200000000013	8.489355184941333e-07	7.134399073826275e-06
BOC	-3.293875	8.489355184941333e-07	7.134399073826275e-06
BHLHE40	1.9931399999999986	8.489355184941333e-07	7.134399073826275e-06
TMEM8A	1.772335	8.489355184941333e-07	7.134399073826275e-06
RABGGTB	0.9040499999999998	8.489355184941333e-07	7.134399073826275e-06
YKT6	1.286505000000001	8.489355184941333e-07	7.134399073826275e-06
PELP1	-1.0917399999999988	8.489355184941333e-07	7.134399073826275e-06
LRRC37A7P	-0.5993300000000001	8.489355184941333e-07	7.134399073826275e-06
ZNF43	1.8983850000000002	8.489355184941333e-07	7.134399073826275e-06
INSR	-1.3954199999999997	8.489355184941333e-07	7.134399073826275e-06
COL21A1	-2.2871150000000005	8.489355184941333e-07	7.134399073826275e-06
HMOX1	2.32219	8.489355184941333e-07	7.134399073826275e-06
CFAP53	-0.8389800000000003	8.489355184941333e-07	7.134399073826275e-06
TMEM260	1.5969299999999986	8.489355184941333e-07	7.134399073826275e-06
IDH3A	2.219545	8.489355184941333e-07	7.134399073826275e-06
IPO11-LRRC70	1.192685	8.489355184941333e-07	7.134399073826275e-06
WDR81	-0.7224200000000005	8.489355184941333e-07	7.134399073826275e-06
THUMPD3	0.9198250000000003	8.489355184941333e-07	7.134399073826275e-06
PSMB2	1.0674700000000001	8.657310521456561e-07	7.2713396988196754e-06
RNASE4	-2.1089199999999995	8.829412745865178e-07	7.310189959832047e-06
SLC3A2	1.3405099999999983	8.829412745865178e-07	7.310189959832047e-06
RASL10A	-3.41048	8.829412745865178e-07	7.310189959832047e-06
VEZF1	1.7162699999999997	8.829412745865178e-07	7.310189959832047e-06
SEC31A	1.0743500000000008	8.829412745865178e-07	7.310189959832047e-06
CCZ1B	0.7463999999999977	8.829412745865178e-07	7.310189959832047e-06
ANKRD16	2.848725	8.829412745865178e-07	7.310189959832047e-06
SYNPO	-1.7367700000000008	8.829412745865178e-07	7.310189959832047e-06
ZNF567	1.2419899999999995	8.829412745865178e-07	7.310189959832047e-06
LCP1	2.482070000000001	8.829412745865178e-07	7.310189959832047e-06
FOXO1	-1.5233350000000012	8.829412745865178e-07	7.310189959832047e-06
DDX54	-0.9126899999999996	8.829412745865178e-07	7.310189959832047e-06
CLIC1	0.5456000000000003	8.829412745865178e-07	7.310189959832047e-06
PUS7	1.693175	8.829412745865178e-07	7.310189959832047e-06
LAMB3	-4.16925	8.829412745865178e-07	7.310189959832047e-06
SNRPD1	1.1505399999999995	8.829412745865178e-07	7.310189959832047e-06
IMPAD1	2.1568000000000005	8.829412745865178e-07	7.310189959832047e-06
TLE2	-1.64527	8.829412745865178e-07	7.310189959832047e-06
TAC1	-2.5790100000000002	8.829412745865178e-07	7.310189959832047e-06
CABLES2	1.6265850000000004	8.829412745865178e-07	7.310189959832047e-06
LOC100506548	-1.62474	8.829412745865178e-07	7.310189959832047e-06
NDUFB3	0.5653799999999993	8.829175576494204e-07	7.310189959832047e-06
DHX9	0.63368	8.829412745865178e-07	7.310189959832047e-06
MEOX2	-3.6648250000000004	8.829175576494204e-07	7.310189959832047e-06
GGTA1P	-2.3165400000000016	8.829412745865178e-07	7.310189959832047e-06
F7	-0.6346049999999996	9.182567550091682e-07	7.504178163333224e-06
NUS1	1.6886899999999994	9.182567550091682e-07	7.504178163333224e-06
NF1P9	1.0287250000000006	9.182567550091682e-07	7.504178163333224e-06
SRCIN1	-0.7792750000000002	9.182567550091682e-07	7.504178163333224e-06
ANTXR2	-1.582205	9.182567550091682e-07	7.504178163333224e-06
NUF2	4.49498	9.182567550091682e-07	7.504178163333224e-06
ZNF219	-0.9186900000000007	9.182567550091682e-07	7.504178163333224e-06
FOXO3B	2.21704	9.182567550091682e-07	7.504178163333224e-06
SRSF10	1.0109899999999996	9.182567550091682e-07	7.504178163333224e-06
DDR2	-1.5051300000000012	9.182567550091682e-07	7.504178163333224e-06
AK5	-3.062635	9.182075732569593e-07	7.504178163333224e-06
LOC100505797	-0.63043	9.182567550091682e-07	7.504178163333224e-06
RNF7	0.946534999999999	9.182567550091682e-07	7.504178163333224e-06
LOC105373113	-0.5232549999999998	9.182567550091682e-07	7.504178163333224e-06
LHFPL3-AS1	-0.644285	9.182321638555044e-07	7.504178163333224e-06
EPCAM	1.608600000000001	9.182567550091682e-07	7.504178163333224e-06
LOC101060179	-0.9412849999999997	9.182567550091682e-07	7.504178163333224e-06
EDDM3A	-0.6096900000000001	9.182567550091682e-07	7.504178163333224e-06
ST6GALNAC6	-1.49479	9.182567550091682e-07	7.504178163333224e-06
DGCR14	-0.807290000000001	9.182567550091682e-07	7.504178163333224e-06
MESDC1	0.8667200000000008	9.182321638555044e-07	7.504178163333224e-06
HLA-DRA	2.623599999999998	9.182321638555044e-07	7.504178163333224e-06
DEFB118	-0.4877449999999999	9.182567550091682e-07	7.504178163333224e-06
THSD7A	-2.135375	9.549302362076581e-07	7.691346028955968e-06
ZNF259P1	2.0151549999999996	9.549302362076581e-07	7.691346028955968e-06
TWF1	0.9098799999999994	9.549302362076581e-07	7.691346028955968e-06
ATIC	1.1484749999999995	9.549302362076581e-07	7.691346028955968e-06
PTN	-5.083625	9.549302362076581e-07	7.691346028955968e-06
MORN2	1.3228250000000008	9.549302362076581e-07	7.691346028955968e-06
KIAA1656	-0.7917399999999999	9.549302362076581e-07	7.691346028955968e-06
ABLIM3	-3.93666	9.549302362076581e-07	7.691346028955968e-06
MICAL2	1.9308199999999998	9.549302362076581e-07	7.691346028955968e-06
DICER1-AS1	-2.2915300000000003	9.549302362076581e-07	7.691346028955968e-06
CNRIP1	-2.28228	9.549302362076581e-07	7.691346028955968e-06
ATP6V1B2	1.699135	9.549047401827291e-07	7.691346028955968e-06
RAD21	1.0817999999999994	9.548792447312828e-07	7.691346028955968e-06
NEMP1	2.152405	9.549302362076581e-07	7.691346028955968e-06
FIGNL1	1.570855	9.549302362076581e-07	7.691346028955968e-06
DENND1B	2.7170200000000015	9.549302362076581e-07	7.691346028955968e-06
KIFAP3	0.9971000000000005	9.549302362076581e-07	7.691346028955968e-06
SNU13	0.8241499999999995	9.54853749853313e-07	7.691346028955968e-06
PRMT5	1.23346	9.549302362076581e-07	7.691346028955968e-06
FGF2	-1.7961400000000003	9.549047401827291e-07	7.691346028955968e-06
C19orf60	-1.0659049999999999	9.549302362076581e-07	7.691346028955968e-06
SNORD68	-0.6098999999999997	9.549047401827291e-07	7.691346028955968e-06
GLTSCR1L	-0.7218900000000001	9.549302362076581e-07	7.691346028955968e-06
PRMT2	1.3697500000000007	9.549302362076581e-07	7.691346028955968e-06
UPB1	-0.7084900000000003	9.549302362076581e-07	7.691346028955968e-06
MTDH	0.9570500000000006	9.549302362076581e-07	7.691346028955968e-06
SLC5A3	1.248899999999999	9.930116874370027e-07	7.871460548559036e-06
DMP1	-0.806095	9.930116874370027e-07	7.871460548559036e-06
TMEM39A	0.8860650000000003	9.930116874370027e-07	7.871460548559036e-06
CUX1	1.4185049999999997	9.930116874370027e-07	7.871460548559036e-06
ABLIM1	-1.7701100000000007	9.930116874370027e-07	7.871460548559036e-06
TRUB1	1.3991499999999988	9.930116874370027e-07	7.871460548559036e-06
ATG2A	-1.1556349999999993	9.930116874370027e-07	7.871460548559036e-06
NR3C2	-3.169955	9.930116874370027e-07	7.871460548559036e-06
GARS	1.0950600000000001	9.930116874370027e-07	7.871460548559036e-06
ARAP3	-2.270060000000001	9.930116874370027e-07	7.871460548559036e-06
DNAJA2	1.5517649999999996	9.930116874370027e-07	7.871460548559036e-06
LOC100506406	-0.45375500000000013	9.930116874370027e-07	7.871460548559036e-06
SCGB3A1	-7.611575	9.930116874370027e-07	7.871460548559036e-06
TAF1C	-1.0435099999999995	9.930116874370027e-07	7.871460548559036e-06
LOC100129380	-0.8029650000000004	9.929852548717423e-07	7.871460548559036e-06
RPL24	-0.5779499999999995	9.930116874370027e-07	7.871460548559036e-06
CD248	-2.22666	9.930116874370027e-07	7.871460548559036e-06
SCEL	-0.7373799999999999	9.929852548717423e-07	7.871460548559036e-06
ECHDC2	-1.8968950000000007	9.930116874370027e-07	7.871460548559036e-06
GRIA4	-0.5764100000000001	9.930116874370027e-07	7.871460548559036e-06
TBC1D4	-1.4861999999999984	9.930116874370027e-07	7.871460548559036e-06
HBB	-4.526925	9.930116874370027e-07	7.871460548559036e-06
LOC102723897	-1.3099600000000002	9.930116874370027e-07	7.871460548559036e-06
RAB6B	-1.4176649999999995	9.930116874370027e-07	7.871460548559036e-06
KIAA0825	-0.61965	9.930116874370027e-07	7.871460548559036e-06
NDC80	3.1841349999999995	9.930116874370027e-07	7.871460548559036e-06
TK2	-1.3321699999999996	9.930116874370027e-07	7.871460548559036e-06
NCAPH2	-1.1568399999999999	9.930116874370027e-07	7.871460548559036e-06
LINC01554	-0.6471200000000001	9.930116874370027e-07	7.871460548559036e-06
VIPR1	-2.4666299999999994	1.0325528267753046e-06	8.061683951844609e-06
BUB3	0.9815500000000004	1.0325254249550025e-06	8.061683951844609e-06
PICK1	-0.5669549999999992	1.0325528267753046e-06	8.061683951844609e-06
SAR1B	1.6310749999999992	1.0325254249550025e-06	8.061683951844609e-06
LRRC37A4P	-1.6729450000000003	1.0325528267753046e-06	8.061683951844609e-06
ZNF300P1	-1.863365	1.0325528267753046e-06	8.061683951844609e-06
SGK2	-0.71983	1.0325528267753046e-06	8.061683951844609e-06
XPR1	1.1633149999999999	1.0325528267753046e-06	8.061683951844609e-06
PREX2	-0.7978800000000001	1.0325528267753046e-06	8.061683951844609e-06
ERCC5	-0.9204349999999994	1.0325528267753046e-06	8.061683951844609e-06
GNG2	-2.17216	1.0325528267753046e-06	8.061683951844609e-06
STAT1	2.3816499999999987	1.0325528267753046e-06	8.061683951844609e-06
USP10	1.32395	1.0325528267753046e-06	8.061683951844609e-06
AHSA1	0.8236250000000016	1.0325528267753046e-06	8.061683951844609e-06
MT1M	-2.2253100000000003	1.0325528267753046e-06	8.061683951844609e-06
ABL2	1.29758	1.0325528267753046e-06	8.061683951844609e-06
SAMM50	-1.3167200000000001	1.0325528267753046e-06	8.061683951844609e-06
EPC1	-0.8720499999999998	1.0325528267753046e-06	8.061683951844609e-06
PRDM2	1.553795000000001	1.0325254249550025e-06	8.061683951844609e-06
MGAT4A	1.8304150000000012	1.0325528267753046e-06	8.061683951844609e-06
SPDL1	1.8440349999999999	1.0325528267753046e-06	8.061683951844609e-06
SFT2D1	1.1264199999999995	1.0325528267753046e-06	8.061683951844609e-06
CD46	0.8992500000000003	1.0325528267753046e-06	8.061683951844609e-06
USP39	1.2250900000000007	1.0325528267753046e-06	8.061683951844609e-06
SLC17A1	-0.5789349999999995	1.0325528267753046e-06	8.061683951844609e-06
SPATS2L	1.3484100000000012	1.0325254249550025e-06	8.061683951844609e-06
SEPP1	-1.4368499999999997	1.0325528267753046e-06	8.061683951844609e-06
RCHY1	0.9979049999999994	1.0325528267753046e-06	8.061683951844609e-06
PITX1	1.5873750000000002	1.0736071788666743e-06	8.28423137699354e-06
KLB	-4.39752	1.073578773998736e-06	8.28423137699354e-06
SNX2	2.3424000000000005	1.073578773998736e-06	8.28423137699354e-06
TMEM91	-1.410145	1.0736071788666743e-06	8.28423137699354e-06
TTK	4.9503900000000005	1.0736071788666743e-06	8.28423137699354e-06
MBOAT2	2.0336800000000013	1.073578773998736e-06	8.28423137699354e-06
ATP6V0C	0.8804099999999995	1.073578773998736e-06	8.28423137699354e-06
IPPK	1.4321549999999998	1.0736071788666743e-06	8.28423137699354e-06
COQ8A	-2.1386249999999993	1.0736071788666743e-06	8.28423137699354e-06
SEC61G	1.0471500000000002	1.0736071788666743e-06	8.28423137699354e-06
ZBTB40	-1.0813450000000007	1.0736071788666743e-06	8.28423137699354e-06
AP3M1	2.206315	1.073578773998736e-06	8.28423137699354e-06
LACTB	1.2014099999999992	1.0736071788666743e-06	8.28423137699354e-06
KIF26A	-2.0836750000000004	1.0736071788666743e-06	8.28423137699354e-06
LOC101926984	-0.446275	1.0736071788666743e-06	8.28423137699354e-06
FLYWCH1	-1.1202400000000008	1.0736071788666743e-06	8.28423137699354e-06
MOCS1	-1.2421950000000006	1.0736071788666743e-06	8.28423137699354e-06
UCHL3	1.2121499999999994	1.0736071788666743e-06	8.28423137699354e-06
RFTN2	-0.8066800000000001	1.0735503697628665e-06	8.28423137699354e-06
FAM13A	-1.9980949999999993	1.0736071788666743e-06	8.28423137699354e-06
WIF1	-7.2242299999999995	1.0736071788666743e-06	8.28423137699354e-06
TP63	-5.59863	1.0736071788666743e-06	8.28423137699354e-06
CTTNBP2	-1.03314	1.11623013444219e-06	8.522552056976595e-06
ARMC5	-0.6679000000000004	1.11623013444219e-06	8.522552056976595e-06
MMADHC	0.934899999999999	1.1161712494567238e-06	8.522552056976595e-06
C1GALT1C1	0.9679749999999991	1.11623013444219e-06	8.522552056976595e-06
GEMIN7	1.4348500000000008	1.11623013444219e-06	8.522552056976595e-06
TBC1D31	2.5724650000000002	1.11623013444219e-06	8.522552056976595e-06
PTP4A3	2.6287849999999997	1.11623013444219e-06	8.522552056976595e-06
VSIG2	-1.13382	1.11623013444219e-06	8.522552056976595e-06
ADAM32	-0.700825	1.11623013444219e-06	8.522552056976595e-06
LOC100509457	3.7215299999999996	1.1162006916230582e-06	8.522552056976595e-06
HUWE1	-0.23270000000000124	1.1161712494567238e-06	8.522552056976595e-06
LOC101927166	-1.3575750000000006	1.11623013444219e-06	8.522552056976595e-06
CHML	2.109160000000001	1.11623013444219e-06	8.522552056976595e-06
WNK1	1.6470699999999994	1.11623013444219e-06	8.522552056976595e-06
SUGT1P3	-0.6977500000000001	1.11623013444219e-06	8.522552056976595e-06
HIST1H2BJ	5.539180000000001	1.11623013444219e-06	8.522552056976595e-06
KIT	-3.764380000000001	1.11623013444219e-06	8.522552056976595e-06
SAFB2	-0.7502249999999995	1.11623013444219e-06	8.522552056976595e-06
GHITM	0.9506200000000007	1.11623013444219e-06	8.522552056976595e-06
MFSD11	1.3050800000000002	1.11623013444219e-06	8.522552056976595e-06
ZNF667	-2.8889949999999995	1.1604790116692286e-06	8.736379578776848e-06
AGFG1	2.0008299999999997	1.1604790116692286e-06	8.736379578776848e-06
PLEKHA4	-1.8144100000000005	1.1604790116692286e-06	8.736379578776848e-06
PGAM1	0.8918999999999997	1.1604484948503134e-06	8.736379578776848e-06
NFKB2	1.514125	1.1604790116692286e-06	8.736379578776848e-06
RBSN	-0.935649999999999	1.1604790116692286e-06	8.736379578776848e-06
MRPL18	0.9177	1.1604790116692286e-06	8.736379578776848e-06
PELI3	-1.1120550000000007	1.1604790116692286e-06	8.736379578776848e-06
MEOX1	-3.9858949999999997	1.1604790116692286e-06	8.736379578776848e-06
LACTB2	2.756545	1.1604790116692286e-06	8.736379578776848e-06
SUPT7L	1.0146500000000005	1.1604790116692286e-06	8.736379578776848e-06
SLC44A1	1.0164000000000009	1.1604790116692286e-06	8.736379578776848e-06
LINC00638	-0.32365999999999984	1.1604484948503134e-06	8.736379578776848e-06
ADPGK	0.80138	1.1604790116692286e-06	8.736379578776848e-06
SOCS4	0.9276100000000014	1.1604790116692286e-06	8.736379578776848e-06
PIK3R4	1.4978249999999997	1.1604790116692286e-06	8.736379578776848e-06
LOC101927705	1.75284	1.1604790116692286e-06	8.736379578776848e-06
FCGR2C	2.0544249999999993	1.1604790116692286e-06	8.736379578776848e-06
LOC647070	-0.7335500000000001	1.1604790116692286e-06	8.736379578776848e-06
DBR1	0.8305349999999994	1.1604484948503134e-06	8.736379578776848e-06
DCAF4L2	-0.8685900000000002	1.1604790116692286e-06	8.736379578776848e-06
ANKRD10-IT1	1.5892	1.1604790116692286e-06	8.736379578776848e-06
VAPA	0.761099999999999	1.1604484948503134e-06	8.736379578776848e-06
CXCL12	-2.3253000000000004	1.1604790116692286e-06	8.736379578776848e-06
SNRPF	0.867325000000001	1.1604790116692286e-06	8.736379578776848e-06
G3BP2	0.6914999999999996	1.1604790116692286e-06	8.736379578776848e-06
RAB3IP	1.9295550000000006	1.1604790116692286e-06	8.736379578776848e-06
ACSS2	-2.601330000000001	1.2064131193804957e-06	8.965983275150235e-06
CDCA5	3.6632750000000005	1.2063814913331968e-06	8.965983275150235e-06
RSRC1	1.5286149999999994	1.2064131193804957e-06	8.965983275150235e-06
NARS2	1.7103900000000003	1.2064131193804957e-06	8.965983275150235e-06
ARFGAP3	1.4441249999999997	1.2064131193804957e-06	8.965983275150235e-06
TTF2	1.535705	1.2064131193804957e-06	8.965983275150235e-06
CORO2A	2.5739900000000002	1.2064131193804957e-06	8.965983275150235e-06
BUB1	3.633735	1.2064131193804957e-06	8.965983275150235e-06
SVEP1	-3.0183999999999997	1.2064131193804957e-06	8.965983275150235e-06
DSCR3	1.4071850000000001	1.2064131193804957e-06	8.965983275150235e-06
GTPBP2	1.5260699999999998	1.2064131193804957e-06	8.965983275150235e-06
KLK3	-0.9982749999999996	1.2064131193804957e-06	8.965983275150235e-06
CTSB	1.3215500000000002	1.2063498639820897e-06	8.965983275150235e-06
CCDC7	-0.57368	1.2063814913331968e-06	8.965983275150235e-06
SNCA	-0.5668100000000003	1.2064131193804957e-06	8.965983275150235e-06
PAQR4	2.1789049999999994	1.2064131193804957e-06	8.965983275150235e-06
GOLGA8M	-0.4492050000000001	1.2063814913331968e-06	8.965983275150235e-06
PRDX4	1.0450999999999997	1.2063814913331968e-06	8.965983275150235e-06
NFIX	-1.917530000000001	1.2064131193804957e-06	8.965983275150235e-06
DEUP1	-0.6721599999999999	1.2064131193804957e-06	8.965983275150235e-06
MIR4746	-0.9894600000000011	1.2064131193804957e-06	8.965983275150235e-06
SRXN1	1.3393050000000004	1.2064131193804957e-06	8.965983275150235e-06
KNOP1	1.46162	1.2064131193804957e-06	8.965983275150235e-06
LOC102723648	-0.7034000000000002	1.2063814913331968e-06	8.965983275150235e-06
PIGO	1.3812600000000002	1.2064131193804957e-06	8.965983275150235e-06
TUSC8	-1.115685	1.2540938222355343e-06	9.211912233942553e-06
DR1	0.9047000000000001	1.2540938222355343e-06	9.211912233942553e-06
AGAP3	-0.9725800000000007	1.2540610445152746e-06	9.211912233942553e-06
POLE2	1.3698100000000006	1.2540938222355343e-06	9.211912233942553e-06
BAZ1B	0.892780000000001	1.2540938222355343e-06	9.211912233942553e-06
TMEM147	0.87622	1.2540938222355343e-06	9.211912233942553e-06
NIFK	1.390035000000001	1.2540938222355343e-06	9.211912233942553e-06
GINS1	3.2306099999999986	1.2540938222355343e-06	9.211912233942553e-06
CIB1	1.4981599999999986	1.2540938222355343e-06	9.211912233942553e-06
PMM2	1.3826449999999992	1.2540938222355343e-06	9.211912233942553e-06
MINPP1	1.903649999999999	1.2540938222355343e-06	9.211912233942553e-06
DCAF12	0.8219949999999994	1.2540610445152746e-06	9.211912233942553e-06
GPAM	-3.5348349999999993	1.2540938222355343e-06	9.211912233942553e-06
CLEC14A	-1.3312999999999997	1.2540938222355343e-06	9.211912233942553e-06
SAMD9L	2.863534999999999	1.2540938222355343e-06	9.211912233942553e-06
KRBOX4	-0.8796650000000001	1.2540938222355343e-06	9.211912233942553e-06
MRPS17	1.3589399999999996	1.2540938222355343e-06	9.211912233942553e-06
FUNDC1	1.2140849999999999	1.2540938222355343e-06	9.211912233942553e-06
RP9P	-0.9734550000000004	1.2540938222355343e-06	9.211912233942553e-06
EXOC3	-0.9158550000000005	1.2540938222355343e-06	9.211912233942553e-06
DNAJC19	1.2628350000000008	1.2540938222355343e-06	9.211912233942553e-06
CSPP1	1.3977150000000007	1.2540938222355343e-06	9.211912233942553e-06
P3H2	-3.4342049999999995	1.2540938222355343e-06	9.211912233942553e-06
SMIM10L2B	-4.564375	1.3035846078687842e-06	9.437016787373122e-06
CMC1	1.09035	1.3035846078687842e-06	9.437016787373122e-06
PRKAG1	1.3652199999999999	1.3035846078687842e-06	9.437016787373122e-06
NDUFS1	1.354449999999999	1.3035846078687842e-06	9.437016787373122e-06
CEP55	4.150295	1.30355064077801e-06	9.437016787373122e-06
GAS2L3	2.5495600000000005	1.3035846078687842e-06	9.437016787373122e-06
CERS6	2.0076599999999996	1.3035846078687842e-06	9.437016787373122e-06
CNTNAP3B	-3.285895	1.3035846078687842e-06	9.437016787373122e-06
GRTP1	1.8206999999999995	1.3035846078687842e-06	9.437016787373122e-06
CCL3L3	2.9924300000000006	1.3035846078687842e-06	9.437016787373122e-06
ZNF652	3.5896100000000004	1.3035846078687842e-06	9.437016787373122e-06
MEIS2	-2.405309999999999	1.3035846078687842e-06	9.437016787373122e-06
INTS6	1.6062950000000003	1.3035846078687842e-06	9.437016787373122e-06
LOC401052	-2.8250800000000007	1.3035846078687842e-06	9.437016787373122e-06
ZXDB	1.2460049999999994	1.3035846078687842e-06	9.437016787373122e-06
XPO5	0.78132	1.3035846078687842e-06	9.437016787373122e-06
GNB4	1.4970499999999998	1.30355064077801e-06	9.437016787373122e-06
IMMT	0.6176849999999998	1.3035846078687842e-06	9.437016787373122e-06
NCR2	-0.42588500000000007	1.3035166744294982e-06	9.437016787373122e-06
HSPH1	1.6550100000000008	1.3035846078687842e-06	9.437016787373122e-06
ZBTB38	2.1868799999999986	1.3035846078687842e-06	9.437016787373122e-06
FAM134C	-1.297225000000001	1.3035846078687842e-06	9.437016787373122e-06
LSM5	0.7439	1.3035846078687842e-06	9.437016787373122e-06
IGSF10	-2.7119999999999997	1.3035846078687842e-06	9.437016787373122e-06
MIR4738	0.968	1.3035846078687842e-06	9.437016787373122e-06
MYCBP2	-0.912700000000001	1.30355064077801e-06	9.437016787373122e-06
LOC101927104	-1.0583799999999997	1.3035846078687842e-06	9.437016787373122e-06
DMD	-4.189830000000001	1.3035846078687842e-06	9.437016787373122e-06
EDF1	-0.9121000000000006	1.3035846078687842e-06	9.437016787373122e-06
KIAA0141	-0.9080899999999996	1.3549511560794627e-06	9.688134263213174e-06
XRN1	-0.7850350000000006	1.3549511560794627e-06	9.688134263213174e-06
SH3BP5	-1.2907499999999992	1.3549159586296655e-06	9.688134263213174e-06
PLP2	1.5754400000000004	1.3549159586296655e-06	9.688134263213174e-06
ZNF273	1.0945850000000004	1.3549511560794627e-06	9.688134263213174e-06
PFDN2	1.2196999999999996	1.3549511560794627e-06	9.688134263213174e-06
WAC-AS1	1.11829	1.3549511560794627e-06	9.688134263213174e-06
BAG2	2.43401	1.3549511560794627e-06	9.688134263213174e-06
DCK	1.1605899999999991	1.3549511560794627e-06	9.688134263213174e-06
UPK3BL	1.920090000000001	1.3549511560794627e-06	9.688134263213174e-06
QRSL1	1.6718549999999999	1.3549511560794627e-06	9.688134263213174e-06
LCP2	1.9850399999999997	1.3549511560794627e-06	9.688134263213174e-06
LINC00663	-2.1710649999999996	1.3549511560794627e-06	9.688134263213174e-06
SLC5A12	-0.7055799999999999	1.3549511560794627e-06	9.688134263213174e-06
CEP85L	-1.3846049999999996	1.3549511560794627e-06	9.688134263213174e-06
RBBP5	1.6607700000000003	1.3549511560794627e-06	9.688134263213174e-06
BTBD10	1.2071150000000008	1.3549511560794627e-06	9.688134263213174e-06
SLC35E1	-0.7297999999999991	1.3549159586296655e-06	9.688134263213174e-06
CXCL9	6.5003400000000005	1.3549511560794627e-06	9.688134263213174e-06
DLAT	2.6360799999999998	1.3549511560794627e-06	9.688134263213174e-06
LRRN3	-1.6865200000000002	1.3549511560794627e-06	9.688134263213174e-06
LOC101930324	1.028974999999999	1.3549511560794627e-06	9.688134263213174e-06
STK38L	1.4789199999999987	1.3549511560794627e-06	9.688134263213174e-06
ARIH2	1.1541300000000003	1.3549511560794627e-06	9.688134263213174e-06
KIF4A	4.226884999999999	1.3549511560794627e-06	9.688134263213174e-06
CRNKL1	1.6346049999999988	1.4082614101201539e-06	9.946873637045173e-06
MRRF	1.4998649999999998	1.4082614101201539e-06	9.946873637045173e-06
VPS11	-0.9045750000000004	1.4082614101201539e-06	9.946873637045173e-06
TMEM209	1.7449250000000003	1.4082614101201539e-06	9.946873637045173e-06
PRDM11	-1.2252050000000003	1.4082614101201539e-06	9.946873637045173e-06
SPPL2B	-1.0303199999999997	1.4082614101201539e-06	9.946873637045173e-06
LOC101928424	-0.8842949999999998	1.4082614101201539e-06	9.946873637045173e-06
MTMR9	-0.7385350000000006	1.4082614101201539e-06	9.946873637045173e-06
CAPNS1	1.33061	1.4082249399927729e-06	9.946873637045173e-06
PRKRA	1.45913	1.4082614101201539e-06	9.946873637045173e-06
MAGT1	0.9982000000000006	1.4082614101201539e-06	9.946873637045173e-06
LOC100507557	-1.0048249999999999	1.4082249399927729e-06	9.946873637045173e-06
UTP11	0.9160050000000002	1.4082614101201539e-06	9.946873637045173e-06
COL12A1	2.737020000000001	1.4082614101201539e-06	9.946873637045173e-06
DIRC2	1.0676949999999996	1.4082614101201539e-06	9.946873637045173e-06
RNF6	0.8608200000000004	1.4082614101201539e-06	9.946873637045173e-06
MSRA	-1.469219999999999	1.4082614101201539e-06	9.946873637045173e-06
ZNF367	2.08779	1.4082614101201539e-06	9.946873637045173e-06
LRRC1	1.240615	1.4082614101201539e-06	9.946873637045173e-06
YIPF4	0.7786099999999996	1.4082614101201539e-06	9.946873637045173e-06
STK17A	1.972945000000001	1.4082614101201539e-06	9.946873637045173e-06
CCL2	2.3726199999999986	1.4082614101201539e-06	9.946873637045173e-06
GPRC5A	5.44649	1.4082614101201539e-06	9.946873637045173e-06
HOXD4	-2.191295	1.4082614101201539e-06	9.946873637045173e-06
RPS4X	-0.4671000000000003	1.4082614101201539e-06	9.946873637045173e-06
HDAC8	0.981045	1.4635856501420846e-06	1.0218360967001613e-05
DNAH7	-1.75216	1.4635856501420846e-06	1.0218360967001613e-05
CHAC2	2.6863300000000003	1.4635856501420846e-06	1.0218360967001613e-05
ADAMTS9	-3.430365	1.4635856501420846e-06	1.0218360967001613e-05
SDS	1.780265	1.4635856501420846e-06	1.0218360967001613e-05
ACBD4	-0.5730149999999998	1.4635100779714747e-06	1.0218360967001613e-05
KREMEN1	-0.5953650000000001	1.4635856501420846e-06	1.0218360967001613e-05
FAM156B	-0.879764999999999	1.4635856501420846e-06	1.0218360967001613e-05
PDE6D	0.6583499999999995	1.4635856501420846e-06	1.0218360967001613e-05
CHRNA2	-0.6835399999999998	1.4635856501420846e-06	1.0218360967001613e-05
CDC7	2.0483500000000006	1.4635856501420846e-06	1.0218360967001613e-05
CDH11	2.64673	1.4635856501420846e-06	1.0218360967001613e-05
SPATA5L1	1.334319999999999	1.4635856501420846e-06	1.0218360967001613e-05
CD86	2.414575	1.4635856501420846e-06	1.0218360967001613e-05
OSBP2	-0.704285	1.4635856501420846e-06	1.0218360967001613e-05
KLHL31	-1.4306099999999997	1.4635856501420846e-06	1.0218360967001613e-05
PAF1	-1.172225000000001	1.4635856501420846e-06	1.0218360967001613e-05
ARL8B	0.9565500000000018	1.4635100779714747e-06	1.0218360967001613e-05
LRRC15	4.277960000000001	1.4635856501420846e-06	1.0218360967001613e-05
PRPF39	0.8758199999999992	1.4635478636484248e-06	1.0218360967001613e-05
HSPB11	0.9074600000000004	1.4635856501420846e-06	1.0218360967001613e-05
AQP2	-0.7162900000000008	1.4635100779714747e-06	1.0218360967001613e-05
UMPS	0.9074599999999995	1.4635856501420846e-06	1.0218360967001613e-05
ID2	1.3886500000000002	1.4635856501420846e-06	1.0218360967001613e-05
LSM14A	0.7284299999999995	1.4919871735129638e-06	1.0411647157018386e-05
LGR6	-4.234114999999999	1.5209965688568627e-06	1.0498057116416045e-05
MB21D1	-0.4965299999999999	1.5209965688568627e-06	1.0498057116416045e-05
MIR6756	-2.0273400000000006	1.5209965688568627e-06	1.0498057116416045e-05
GTF3C2	0.8445499999999999	1.5209965688568627e-06	1.0498057116416045e-05
RBM8A	1.0725249999999988	1.5209965688568627e-06	1.0498057116416045e-05
TBC1D3P1-DHX40P1	2.73188	1.5209965688568627e-06	1.0498057116416045e-05
STK11	-1.3489500000000003	1.5209965688568627e-06	1.0498057116416045e-05
CSTF3-AS1	-0.5479999999999996	1.5209574208968038e-06	1.0498057116416045e-05
FAM3D	-1.31341	1.5209182737797864e-06	1.0498057116416045e-05
CLUH	-1.1477950000000003	1.5209965688568627e-06	1.0498057116416045e-05
GDPD5	-1.4061149999999998	1.5209965688568627e-06	1.0498057116416045e-05
MCM2	2.132255	1.5209965688568627e-06	1.0498057116416045e-05
CLIC5	-0.8011650000000001	1.5209574208968038e-06	1.0498057116416045e-05
NAA35	1.0453200000000002	1.5209574208968038e-06	1.0498057116416045e-05
GRM2	-0.3491900000000001	1.5209965688568627e-06	1.0498057116416045e-05
PHF23	0.8195499999999987	1.5209965688568627e-06	1.0498057116416045e-05
MRPS28	1.5414900000000005	1.5209965688568627e-06	1.0498057116416045e-05
TMEM69	1.005045	1.5209965688568627e-06	1.0498057116416045e-05
FCGR2A	1.8504499999999995	1.5209965688568627e-06	1.0498057116416045e-05
HSPA1L	1.4674499999999995	1.5209965688568627e-06	1.0498057116416045e-05
FGFR1	-1.8211649999999988	1.5209574208968038e-06	1.0498057116416045e-05
PLCD1	-1.2013549999999995	1.5209965688568627e-06	1.0498057116416045e-05
GLYR1	0.8939350000000008	1.5209965688568627e-06	1.0498057116416045e-05
ACLY	0.8861800000000013	1.580528793495125e-06	1.0776069527268925e-05
HLF	-3.4031700000000003	1.5805693494754725e-06	1.0776069527268925e-05
CLDN8	-5.40665	1.5805693494754725e-06	1.0776069527268925e-05
PWP1	0.8470900000000015	1.5805693494754725e-06	1.0776069527268925e-05
SSB	1.3350299999999997	1.5805693494754725e-06	1.0776069527268925e-05
GLUD2	2.738585	1.580528793495125e-06	1.0776069527268925e-05
LARP4	0.7256350000000005	1.5805693494754725e-06	1.0776069527268925e-05
IPO4	1.415049999999999	1.5805693494754725e-06	1.0776069527268925e-05
UBA3	0.611839999999999	1.5805693494754725e-06	1.0776069527268925e-05
EBF3	-2.5387799999999996	1.580528793495125e-06	1.0776069527268925e-05
ASAP1	1.4543300000000006	1.5805693494754725e-06	1.0776069527268925e-05
PCDH19	-3.425065	1.580528793495125e-06	1.0776069527268925e-05
DNAAF5	1.0945	1.5805693494754725e-06	1.0776069527268925e-05
PPL	-1.8798650000000006	1.5805693494754725e-06	1.0776069527268925e-05
PRDM10	1.4304949999999996	1.5805693494754725e-06	1.0776069527268925e-05
NAT6	-0.8933099999999996	1.5805693494754725e-06	1.0776069527268925e-05
ZNF746	1.374670000000001	1.5805693494754725e-06	1.0776069527268925e-05
ISCA2	1.603415	1.5805693494754725e-06	1.0776069527268925e-05
TNS4	-2.3841799999999997	1.5805693494754725e-06	1.0776069527268925e-05
AMMECR1	1.1087349999999994	1.5805693494754725e-06	1.0776069527268925e-05
RAP2C	1.2294549999999989	1.5805693494754725e-06	1.0776069527268925e-05
LINC00893	-1.7907749999999996	1.5805693494754725e-06	1.0776069527268925e-05
SNORD45C	0.7225000000000019	1.5805693494754725e-06	1.0776069527268925e-05
TM4SF18	-3.4233399999999996	1.5805693494754725e-06	1.0776069527268925e-05
WDR13	-1.1557750000000002	1.5805693494754725e-06	1.0776069527268925e-05
ANKRD28	1.1297899999999998	1.5805693494754725e-06	1.0776069527268925e-05
MOB1A	0.8565850000000008	1.642381745987232e-06	1.1057333201310423e-05
SPAG9	1.6476600000000001	1.642381745987232e-06	1.1057333201310423e-05
FIBP	0.7066999999999997	1.642381745987232e-06	1.1057333201310423e-05
TMEM87B	1.8251750000000007	1.642381745987232e-06	1.1057333201310423e-05
ESCO1	0.7492199999999993	1.642381745987232e-06	1.1057333201310423e-05
RHOU	-1.6549700000000005	1.642381745987232e-06	1.1057333201310423e-05
PRB1	-0.7927449999999991	1.6423397339353852e-06	1.1057333201310423e-05
GTF3C3	1.3623450000000004	1.642381745987232e-06	1.1057333201310423e-05
PSMD8	1.0042500000000008	1.642381745987232e-06	1.1057333201310423e-05
CHCHD2	0.6640000000000015	1.642381745987232e-06	1.1057333201310423e-05
CLECL1	-0.8141149999999997	1.642381745987232e-06	1.1057333201310423e-05
LOC105379655	-0.7233349999999987	1.642381745987232e-06	1.1057333201310423e-05
UBE4B	-0.8440649999999987	1.642381745987232e-06	1.1057333201310423e-05
COMMD6	-0.9355000000000011	1.6422557125259062e-06	1.1057333201310423e-05
C4orf3	-0.7841499999999986	1.642381745987232e-06	1.1057333201310423e-05
TARS	0.8338549999999998	1.642381745987232e-06	1.1057333201310423e-05
SENP3-EIF4A1	2.5520549999999997	1.642381745987232e-06	1.1057333201310423e-05
RPL22	-0.6119000000000003	1.642381745987232e-06	1.1057333201310423e-05
TMEM65	1.9181000000000008	1.642381745987232e-06	1.1057333201310423e-05
PDSS1	2.162885	1.642381745987232e-06	1.1057333201310423e-05
ZNF205	-1.3993600000000006	1.642381745987232e-06	1.1057333201310423e-05
TCEAL2	-1.5187350000000004	1.642381745987232e-06	1.1057333201310423e-05
EGFLAM	-3.11993	1.642381745987232e-06	1.1057333201310423e-05
ABCG1	1.6741100000000007	1.642381745987232e-06	1.1057333201310423e-05
GYPC	-2.0176999999999996	1.642381745987232e-06	1.1057333201310423e-05
TIMM17B	1.35358	1.642381745987232e-06	1.1057333201310423e-05
ARID1A	0.7486949999999979	1.642381745987232e-06	1.1057333201310423e-05
ZDHHC20	0.8059999999999992	1.6740673053078053e-06	1.1265433460463367e-05
ZBTB46	-1.5468649999999995	1.7065141658425377e-06	1.1378328152601163e-05
CD2AP	0.9197450000000007	1.7065141658425377e-06	1.1378328152601163e-05
VPS29	1.33624	1.7065141658425377e-06	1.1378328152601163e-05
RPL13AP5	-0.38649999999999984	1.7065141658425377e-06	1.1378328152601163e-05
FAM103A1	1.175675	1.7065141658425377e-06	1.1378328152601163e-05
RPE	0.8035200000000007	1.7065141658425377e-06	1.1378328152601163e-05
SNRNP40	1.3262649999999994	1.7065141658425377e-06	1.1378328152601163e-05
MDK	2.36822	1.7065141658425377e-06	1.1378328152601163e-05
BPTF	1.458169999999999	1.7065141658425377e-06	1.1378328152601163e-05
LOC100129129	-0.8246099999999998	1.7065141658425377e-06	1.1378328152601163e-05
ZNF442	-0.32559000000000005	1.7065141658425377e-06	1.1378328152601163e-05
LYRM9	-1.8230000000000004	1.7065141658425377e-06	1.1378328152601163e-05
ZC3H15	0.6695000000000011	1.7064706481259592e-06	1.1378328152601163e-05
TTC28	-1.576084999999999	1.7065141658425377e-06	1.1378328152601163e-05
AIFM2	-1.4003499999999995	1.7065141658425377e-06	1.1378328152601163e-05
LOC101927841	-1.5052050000000001	1.7064706481259592e-06	1.1378328152601163e-05
AKT1	1.5047550000000003	1.7065141658425377e-06	1.1378328152601163e-05
ZNF503-AS2	-0.4988649999999999	1.7065141658425377e-06	1.1378328152601163e-05
RXRB	-0.8788550000000015	1.7065141658425377e-06	1.1378328152601163e-05
SLC25A26	-0.9773799999999992	1.7065141658425377e-06	1.1378328152601163e-05
BET1	1.3030300000000006	1.7730497551051898e-06	1.1746454627571884e-05
TDP2	0.9485500000000009	1.7730497551051898e-06	1.1746454627571884e-05
EDEM1	0.8741650000000005	1.7730497551051898e-06	1.1746454627571884e-05
CELF3	-0.7452850000000004	1.7730497551051898e-06	1.1746454627571884e-05
EIF2AK2	1.4490049999999997	1.7730497551051898e-06	1.1746454627571884e-05
RFC3	1.9465149999999998	1.7730497551051898e-06	1.1746454627571884e-05
NT5C3A	1.4458450000000003	1.7730497551051898e-06	1.1746454627571884e-05
SND1-IT1	1.0604900000000006	1.7730497551051898e-06	1.1746454627571884e-05
HOXA10-HOXA9	-4.030889999999999	1.7730497551051898e-06	1.1746454627571884e-05
LEMD2	1.165	1.7730497551051898e-06	1.1746454627571884e-05
DDX41	0.8044150000000005	1.7730497551051898e-06	1.1746454627571884e-05
C16orf89	-3.848655	1.7730497551051898e-06	1.1746454627571884e-05
VPS37A	1.9922649999999997	1.7730497551051898e-06	1.1746454627571884e-05
DAPK2	-1.1037300000000005	1.7730497551051898e-06	1.1746454627571884e-05
ACOT7	2.0882050000000003	1.8420744861411442e-06	1.2077022883856295e-05
HOXA10	-1.1501699999999992	1.8420744861411442e-06	1.2077022883856295e-05
DLEU2	1.0648	1.8420744861411442e-06	1.2077022883856295e-05
LSM14B	1.4101399999999997	1.8420744861411442e-06	1.2077022883856295e-05
WTAP	1.5277100000000008	1.8420744861411442e-06	1.2077022883856295e-05
PSMA1	0.6371500000000001	1.8420278019163379e-06	1.2077022883856295e-05
DCAF6	0.9569449999999993	1.8420278019163379e-06	1.2077022883856295e-05
KDM6A	1.26762	1.8420744861411442e-06	1.2077022883856295e-05
CYC1	1.61801	1.8420744861411442e-06	1.2077022883856295e-05
THRIL	2.1814600000000004	1.8420744861411442e-06	1.2077022883856295e-05
SHE	-3.0468200000000003	1.8420744861411442e-06	1.2077022883856295e-05
NUDCD2	1.3233650000000008	1.8420744861411442e-06	1.2077022883856295e-05
CDYL	0.9696799999999994	1.8420744861411442e-06	1.2077022883856295e-05
IRAK4	0.6481450000000004	1.8420744861411442e-06	1.2077022883856295e-05
LSM4	0.9249449999999992	1.8420744861411442e-06	1.2077022883856295e-05
SELO	-0.9601699999999989	1.8420744861411442e-06	1.2077022883856295e-05
FAHD2A	-1.328289999999999	1.8420278019163379e-06	1.2077022883856295e-05
LOC101060521	0.8607249999999995	1.8420744861411442e-06	1.2077022883856295e-05
BIRC5	5.713895	1.8420744861411442e-06	1.2077022883856295e-05
PBXIP1	-1.4095050000000011	1.8420744861411442e-06	1.2077022883856295e-05
ABCE1	0.8774350000000002	1.8420744861411442e-06	1.2077022883856295e-05
TIMM23B	0.9002499999999998	1.8420744861411442e-06	1.2077022883856295e-05
MYL12B	0.8421500000000002	1.8419811186784656e-06	1.2077022883856295e-05
SART1	-1.1058249999999994	1.9136772479127226e-06	1.2439758726136329e-05
TRIM9	-2.50596	1.9136772479127226e-06	1.2439758726136329e-05
VOPP1	0.881734999999999	1.9136772479127226e-06	1.2439758726136329e-05
LOC101927027	2.1347299999999994	1.9136772479127226e-06	1.2439758726136329e-05
CREB1	0.968045	1.9136772479127226e-06	1.2439758726136329e-05
CDC23	1.0805599999999993	1.9136772479127226e-06	1.2439758726136329e-05
ELF4	1.99763	1.9136772479127226e-06	1.2439758726136329e-05
MIR6878	1.2862599999999995	1.9136772479127226e-06	1.2439758726136329e-05
JADE3	1.81705	1.9136772479127226e-06	1.2439758726136329e-05
ARMC2-AS1	0.7337000000000007	1.913628899525653e-06	1.2439758726136329e-05
STRAP	1.0752999999999986	1.913628899525653e-06	1.2439758726136329e-05
USE1	-0.7592350000000003	1.9136772479127226e-06	1.2439758726136329e-05
GALNT1	1.0516100000000002	1.9136772479127226e-06	1.2439758726136329e-05
C4orf33	2.4351199999999995	1.9136772479127226e-06	1.2439758726136329e-05
CLPX	1.2238799999999994	1.9136772479127226e-06	1.2439758726136329e-05
NRBF2	2.695710000000001	1.9136772479127226e-06	1.2439758726136329e-05
MYLK	-2.2181499999999996	1.9136772479127226e-06	1.2439758726136329e-05
SNRPE	0.8301499999999997	1.9136772479127226e-06	1.2439758726136329e-05
POP4	0.9026999999999994	1.9136772479127226e-06	1.2439758726136329e-05
HBA2	-4.863709999999999	1.9879499389483437e-06	1.2842085860056873e-05
DSN1	1.4531050000000008	1.9879499389483437e-06	1.2842085860056873e-05
CDCA3	2.8520849999999998	1.9879499389483437e-06	1.2842085860056873e-05
FADS3	-1.1601850000000002	1.9879499389483437e-06	1.2842085860056873e-05
CYBA	1.8342899999999993	1.9879499389483437e-06	1.2842085860056873e-05
GATA6-AS1	-0.23763500000000004	1.9879499389483437e-06	1.2842085860056873e-05
TOPORS	0.7944849999999999	1.9879499389483437e-06	1.2842085860056873e-05
TRAM1	0.6095499999999987	1.987849802433718e-06	1.2842085860056873e-05
SLC35D1	1.4425100000000004	1.9879499389483437e-06	1.2842085860056873e-05
XRCC5	0.6708999999999996	1.987899870165712e-06	1.2842085860056873e-05
AKAP12	-2.400835	1.9879499389483437e-06	1.2842085860056873e-05
CUL1	1.609495	1.9879499389483437e-06	1.2842085860056873e-05
GNL3L	2.07423	1.9879499389483437e-06	1.2842085860056873e-05
LDHA	1.4392999999999994	1.9879499389483437e-06	1.2842085860056873e-05
SORBS1	-0.5807449999999985	2.0649875630601444e-06	1.3263047054736585e-05
ARRB1	-1.4266949999999996	2.0649875630601444e-06	1.3263047054736585e-05
RPL39	-0.39644999999999975	2.064935715864164e-06	1.3263047054736585e-05
PTMA	0.5897000000000006	2.064935715864164e-06	1.3263047054736585e-05
STARD4	2.182765	2.0649875630601444e-06	1.3263047054736585e-05
RHEB	1.0810500000000012	2.0649875630601444e-06	1.3263047054736585e-05
LOC100294145	-0.6303049999999999	2.0649875630601444e-06	1.3263047054736585e-05
TCFL5	1.2552100000000008	2.0649875630601444e-06	1.3263047054736585e-05
MRPL14	0.9141300000000001	2.0649875630601444e-06	1.3263047054736585e-05
UACA	-0.5324500000000008	2.064935715864164e-06	1.3263047054736585e-05
KIR2DS5	-0.6033150000000003	2.0649875630601444e-06	1.3263047054736585e-05
ZDHHC13	1.6953550000000002	2.0649875630601444e-06	1.3263047054736585e-05
LOC100506870	-0.10946999999999907	2.0649875630601444e-06	1.3263047054736585e-05
SMG6	-1.4815950000000004	2.144888327882906e-06	1.367342769864599e-05
TEF	-1.8838749999999997	2.144888327882906e-06	1.367342769864599e-05
C7orf55-LUC7L2	1.4811499999999995	2.144834642418889e-06	1.367342769864599e-05
KCNC4	-1.9727699999999997	2.144888327882906e-06	1.367342769864599e-05
ABLIM2	-0.414895	2.144888327882906e-06	1.367342769864599e-05
FIP1L1	0.8215199999999996	2.144888327882906e-06	1.367342769864599e-05
COQ8B	-0.8864799999999997	2.144888327882906e-06	1.367342769864599e-05
PIK3CA	3.1225999999999985	2.144888327882906e-06	1.367342769864599e-05
WTH3DI	0.8056999999999999	2.144888327882906e-06	1.367342769864599e-05
DMTN	-1.3702699999999997	2.144888327882906e-06	1.367342769864599e-05
CCDC152	-0.5619499999999995	2.1446735927356294e-06	1.367342769864599e-05
CCL21	-3.162185	2.144888327882906e-06	1.367342769864599e-05
CKLF	0.8908400000000007	2.144888327882906e-06	1.367342769864599e-05
RSBN1	2.191175000000001	2.144888327882906e-06	1.367342769864599e-05
THYN1	-1.3156400000000001	2.144888327882906e-06	1.367342769864599e-05
ANP32A	1.3219349999999999	2.144834642418889e-06	1.367342769864599e-05
DIEXF	1.6598300000000004	2.144888327882906e-06	1.367342769864599e-05
GLO1	0.7968499999999992	2.185889351261847e-06	1.3928690284784791e-05
WASH1	-1.0328250000000008	2.227753746309978e-06	1.40842141505936e-05
PTK2	1.0041700000000002	2.227753746309978e-06	1.40842141505936e-05
BBS10	-0.5404150000000003	2.227753746309978e-06	1.40842141505936e-05
LRPPRC	0.9234000000000009	2.227753746309978e-06	1.40842141505936e-05
CYTH3	-1.2045250000000003	2.227753746309978e-06	1.40842141505936e-05
NCOA5	1.3330099999999998	2.227753746309978e-06	1.40842141505936e-05
ETFB	-1.7148749999999993	2.227753746309978e-06	1.40842141505936e-05
STMN1	1.8647749999999998	2.227753746309978e-06	1.40842141505936e-05
FAT2	-2.364585	2.2276981608324394e-06	1.40842141505936e-05
FEN1	1.9781400000000007	2.227753746309978e-06	1.40842141505936e-05
DDX59	-0.69726	2.227753746309978e-06	1.40842141505936e-05
RPS23	-0.3285500000000017	2.2276981608324394e-06	1.40842141505936e-05
CSRNP3	-2.966195	2.227753746309978e-06	1.40842141505936e-05
TMEM131	0.7392100000000017	2.227753746309978e-06	1.40842141505936e-05
LOC390705	-0.5373149999999995	2.2276425765082845e-06	1.40842141505936e-05
C2orf88	-0.8082600000000002	2.227753746309978e-06	1.40842141505936e-05
LINC00824	-0.7215200000000004	2.2276981608324394e-06	1.40842141505936e-05
SFTA1P	-0.7366000000000001	2.227753746309978e-06	1.40842141505936e-05
RPS29	-0.5374499999999998	2.313573643727732e-06	1.4538895670877301e-05
MRPL50	0.8466300000000002	2.313688740903281e-06	1.4538895670877301e-05
RABAC1	1.3048999999999982	2.313688740903281e-06	1.4538895670877301e-05
PLA2G4B	-1.5851699999999997	2.313688740903281e-06	1.4538895670877301e-05
MKI67	3.8491749999999993	2.313688740903281e-06	1.4538895670877301e-05
TOR1AIP2	1.0182399999999987	2.313688740903281e-06	1.4538895670877301e-05
LINC01000	1.38178	2.313688740903281e-06	1.4538895670877301e-05
KNSTRN	2.6960800000000003	2.313688740903281e-06	1.4538895670877301e-05
A2M	-1.4556500000000003	2.313688740903281e-06	1.4538895670877301e-05
AURKB	3.3557650000000003	2.313688740903281e-06	1.4538895670877301e-05
DCBLD1	2.489845	2.313688740903281e-06	1.4538895670877301e-05
ITGA9	-3.32088	2.313688740903281e-06	1.4538895670877301e-05
TP53BP2	1.050675000000001	2.313688740903281e-06	1.4538895670877301e-05
LOC55338	-1.76493	2.313688740903281e-06	1.4538895670877301e-05
NACAP1	-0.19665000000000177	2.4026230192913444e-06	1.5014409222547298e-05
ORC4	0.58216	2.402801751356557e-06	1.5014409222547298e-05
RPL32	-0.4994999999999994	2.4027421727745133e-06	1.5014409222547298e-05
FLNC	-1.8842850000000002	2.402801751356557e-06	1.5014409222547298e-05
PCBP1	1.4713600000000007	2.4027421727745133e-06	1.5014409222547298e-05
EIF4G3	1.684965	2.402801751356557e-06	1.5014409222547298e-05
PSRC1	2.8950599999999995	2.402801751356557e-06	1.5014409222547298e-05
SPAG8	-0.7733800000000004	2.402801751356557e-06	1.5014409222547298e-05
DNPH1	1.1500649999999997	2.402801751356557e-06	1.5014409222547298e-05
GHR	-4.9891200000000016	2.402801751356557e-06	1.5014409222547298e-05
ZNF765	0.980764999999999	2.402801751356557e-06	1.5014409222547298e-05
PPP5D1	-0.9210050000000001	2.402801751356557e-06	1.5014409222547298e-05
MYO6	2.289010000000001	2.402801751356557e-06	1.5014409222547298e-05
GOLM1	2.201270000000001	2.4952048450924998e-06	1.5406192500184217e-05
C5AR1	1.800675	2.4952048450924998e-06	1.5406192500184217e-05
KDELC1	1.5435300000000005	2.4952048450924998e-06	1.5406192500184217e-05
XYLB	-0.5871400000000007	2.4952048450924998e-06	1.5406192500184217e-05
GPC3	-3.520595	2.4952048450924998e-06	1.5406192500184217e-05
ARHGEF37	-1.5708099999999998	2.4952048450924998e-06	1.5406192500184217e-05
POM121L9P	-1.936435	2.4952048450924998e-06	1.5406192500184217e-05
SPAG7	-0.6607850000000006	2.4952048450924998e-06	1.5406192500184217e-05
PROSER1	1.734020000000001	2.4952048450924998e-06	1.5406192500184217e-05
PSMC6	0.9468499999999995	2.4952048450924998e-06	1.5406192500184217e-05
CCDC163	-0.9652050000000001	2.4952048450924998e-06	1.5406192500184217e-05
AHNAK	-1.4887999999999995	2.4952048450924998e-06	1.5406192500184217e-05
ICAM1	2.3357699999999997	2.4952048450924998e-06	1.5406192500184217e-05
PANK3	1.5266099999999998	2.4952048450924998e-06	1.5406192500184217e-05
RAX2	-0.8303399999999996	2.4952048450924998e-06	1.5406192500184217e-05
TRIM14	1.4510199999999998	2.4952048450924998e-06	1.5406192500184217e-05
IL10RB	1.0653550000000003	2.4952048450924998e-06	1.5406192500184217e-05
PGM2L1	2.360525000000001	2.4952048450924998e-06	1.5406192500184217e-05
CLN3	1.3604349999999998	2.4952048450924998e-06	1.5406192500184217e-05
PDGFD	-3.350925	2.4952048450924998e-06	1.5406192500184217e-05
OLFML2B	2.039859999999999	2.4952048450924998e-06	1.5406192500184217e-05
GALE	1.8293099999999995	2.4952048450924998e-06	1.5406192500184217e-05
ELF1	1.0838149999999995	2.4952048450924998e-06	1.5406192500184217e-05
LYZ	2.7481399999999994	2.4952048450924998e-06	1.5406192500184217e-05
PCDH9	-1.6552850000000001	2.4952048450924998e-06	1.5406192500184217e-05
PRNP	-1.0694499999999998	2.4952048450924998e-06	1.5406192500184217e-05
PTPRJ	1.153975	2.4952048450924998e-06	1.5406192500184217e-05
SFRP1	-6.505944999999999	2.4952048450924998e-06	1.5406192500184217e-05
FAM184A	-0.5262000000000002	2.5910138310767985e-06	1.5849495726578463e-05
SLC44A2	1.7591450000000002	2.5910138310767985e-06	1.5849495726578463e-05
IAH1	1.255939999999999	2.5909499883086814e-06	1.5849495726578463e-05
MRPL32	0.7455600000000011	2.5909499883086814e-06	1.5849495726578463e-05
IRF2BP1	-0.7850900000000003	2.5910138310767985e-06	1.5849495726578463e-05
COX1	0.7973999999999997	2.5906307940412373e-06	1.5849495726578463e-05
DPY19L2P2	-2.0846999999999998	2.5910138310767985e-06	1.5849495726578463e-05
ACTR1A	1.2153800000000006	2.5910138310767985e-06	1.5849495726578463e-05
PDIA6	0.8947500000000002	2.5910138310767985e-06	1.5849495726578463e-05
CYBB	2.0037400000000005	2.5910138310767985e-06	1.5849495726578463e-05
PLEKHH2	-3.54209	2.5910138310767985e-06	1.5849495726578463e-05
PALM	-1.7865350000000007	2.5910138310767985e-06	1.5849495726578463e-05
SPATA5	1.3182300000000007	2.5910138310767985e-06	1.5849495726578463e-05
SYNCRIP	1.6049500000000005	2.5910138310767985e-06	1.5849495726578463e-05
FRG1KP	-1.3051399999999997	2.5910138310767985e-06	1.5849495726578463e-05
ASPDH	-0.5614450000000004	2.5910138310767985e-06	1.5849495726578463e-05
IQCH-AS1	-2.083735	2.5910138310767985e-06	1.5849495726578463e-05
DUSP22	-1.2133200000000013	2.5910138310767985e-06	1.5849495726578463e-05
ERBIN	0.966079999999998	2.5910138310767985e-06	1.5849495726578463e-05
NCF2	2.24822	2.5910138310767985e-06	1.5849495726578463e-05
CCL4	3.3435050000000004	2.5910138310767985e-06	1.5849495726578463e-05
PRIM1	2.23559	2.5910138310767985e-06	1.5849495726578463e-05
SLC6A6	1.1022649999999992	2.6903483769333406e-06	1.6360652901937175e-05
TMEM151B	-0.5614850000000002	2.6903483769333406e-06	1.6360652901937175e-05
HHLA3	-1.0318399999999999	2.6903483769333406e-06	1.6360652901937175e-05
LOC100130285	-0.5760049999999999	2.690282295075492e-06	1.6360652901937175e-05
PPT2-EGFL8	-1.41066	2.6903483769333406e-06	1.6360652901937175e-05
SLC25A5	1.17305	2.690282295075492e-06	1.6360652901937175e-05
ADAM19	2.706415	2.6903483769333406e-06	1.6360652901937175e-05
MFGE8	-2.9159549999999985	2.6903483769333406e-06	1.6360652901937175e-05
BACH1	1.1875900000000001	2.6903483769333406e-06	1.6360652901937175e-05
NBN	1.3017699999999994	2.6903483769333406e-06	1.6360652901937175e-05
RGS1	3.258469999999999	2.6903483769333406e-06	1.6360652901937175e-05
ADGRL4	-1.6094150000000003	2.6903483769333406e-06	1.6360652901937175e-05
MIR6778	-1.219104999999999	2.6903483769333406e-06	1.6360652901937175e-05
ZNF25	-1.1418000000000008	2.6903483769333406e-06	1.6360652901937175e-05
MRPL36	0.9003899999999998	2.793332129447449e-06	1.6852833063496408e-05
RASA4B	-1.438205	2.793332129447449e-06	1.6852833063496408e-05
SNAPIN	0.9059299999999997	2.793332129447449e-06	1.6852833063496408e-05
PILRA	1.44834	2.793332129447449e-06	1.6852833063496408e-05
MCUB	1.6840000000000002	2.793332129447449e-06	1.6852833063496408e-05
CXCR4	1.7361900000000006	2.793332129447449e-06	1.6852833063496408e-05
HEIH	-0.9700450000000007	2.793332129447449e-06	1.6852833063496408e-05
OTUD6B	0.7958600000000011	2.793332129447449e-06	1.6852833063496408e-05
PTPRC	2.5413650000000017	2.793332129447449e-06	1.6852833063496408e-05
HAVCR2	1.3615750000000002	2.793332129447449e-06	1.6852833063496408e-05
C19orf68	-0.7701700000000002	2.793332129447449e-06	1.6852833063496408e-05
UBR7	1.364580000000001	2.793332129447449e-06	1.6852833063496408e-05
ZNF540	-1.5138699999999998	2.7932637341961664e-06	1.6852833063496408e-05
SCFD1	0.9426500000000004	2.7931953403322604e-06	1.6852833063496408e-05
DPCD	1.4528050000000006	2.793332129447449e-06	1.6852833063496408e-05
ZNF17	-0.6703750000000004	2.793332129447449e-06	1.6852833063496408e-05
SS18L2	0.8206299999999995	2.793332129447449e-06	1.6852833063496408e-05
TPRG1L	-0.8512100000000018	2.793332129447449e-06	1.6852833063496408e-05
IGIP	-1.726894999999999	2.793332129447449e-06	1.6852833063496408e-05
ATF7IP	-0.6106999999999996	2.900092838545383e-06	1.7338471881990963e-05
ZNF195	2.159065	2.900092838545383e-06	1.7338471881990963e-05
ERVV-1	-0.43996999999999975	2.900092838545383e-06	1.7338471881990963e-05
IRF2BP2	0.9582499999999996	2.900022053287203e-06	1.7338471881990963e-05
CAMTA2	-1.2465750000000009	2.900022053287203e-06	1.7338471881990963e-05
NES	-3.061095	2.900092838545383e-06	1.7338471881990963e-05
RPP14	1.4945299999999992	2.900092838545383e-06	1.7338471881990963e-05
MASTL	1.8499800000000004	2.900092838545383e-06	1.7338471881990963e-05
HAUS1	1.3670049999999998	2.900092838545383e-06	1.7338471881990963e-05
APOBEC3F	-0.17356499999999997	2.900092838545383e-06	1.7338471881990963e-05
NECTIN4	2.3458600000000005	2.900092838545383e-06	1.7338471881990963e-05
DCAF7	0.7758449999999986	2.900092838545383e-06	1.7338471881990963e-05
SMARCAD1	0.9727799999999984	2.900092838545383e-06	1.7338471881990963e-05
SNX27	1.0066350000000002	2.900092838545383e-06	1.7338471881990963e-05
CLIP4	-2.099714999999998	2.900092838545383e-06	1.7338471881990963e-05
PHF5A	0.971705	2.900092838545383e-06	1.7338471881990963e-05
RNFT1	1.9731999999999985	2.900092838545383e-06	1.7338471881990963e-05
LUC7L2	1.3512649999999997	2.900092838545383e-06	1.7338471881990963e-05
LMBR1L	-1.2351349999999996	2.900092838545383e-06	1.7338471881990963e-05
MYBPC1	-6.63675	2.900092838545383e-06	1.7338471881990963e-05
CDC42EP5	-2.2563150000000007	2.900092838545383e-06	1.7338471881990963e-05
WDR75	0.9257550000000005	2.900092838545383e-06	1.7338471881990963e-05
GRAP	-0.1792100000000003	3.0107624848409456e-06	1.7860413727475576e-05
CDC5L	0.8082999999999991	3.0107624848409456e-06	1.7860413727475576e-05
IVNS1ABP	1.0381600000000013	3.010689230586344e-06	1.7860413727475576e-05
KAT2A	-1.2920350000000003	3.0107624848409456e-06	1.7860413727475576e-05
EPPK1	3.13162	3.0107624848409456e-06	1.7860413727475576e-05
NIF3L1	0.9156449999999996	3.0107624848409456e-06	1.7860413727475576e-05
TACR1	-0.7486299999999999	3.0107624848409456e-06	1.7860413727475576e-05
C21orf59	0.9860150000000001	3.0107624848409456e-06	1.7860413727475576e-05
NDUFV2	1.1369799999999994	3.0107624848409456e-06	1.7860413727475576e-05
KPNA1	0.90632	3.0107624848409456e-06	1.7860413727475576e-05
CABP4	-0.7921500000000004	3.0107624848409456e-06	1.7860413727475576e-05
RSPO3	-4.63716	3.0107624848409456e-06	1.7860413727475576e-05
IQSEC1	-1.1433	3.0107624848409456e-06	1.7860413727475576e-05
LILRB4	1.3843399999999995	3.0107624848409456e-06	1.7860413727475576e-05
IFI44L	4.914689999999999	3.0107624848409456e-06	1.7860413727475576e-05
MAPK13	1.3252300000000004	3.0107624848409456e-06	1.7860413727475576e-05
CCSAP	1.68799	3.0107624848409456e-06	1.7860413727475576e-05
PKDCC	-2.8583149999999993	3.0107624848409456e-06	1.7860413727475576e-05
NATD1	-2.9457949999999995	3.0107624848409456e-06	1.7860413727475576e-05
CDO1	-3.7842650000000004	3.1254774108413146e-06	1.8390673808848288e-05
MORF4L2	0.5382499999999997	3.1254774108413146e-06	1.8390673808848288e-05
CTDNEP1	-0.6362050000000004	3.1254774108413146e-06	1.8390673808848288e-05
APLNR	-2.0691699999999997	3.1254774108413146e-06	1.8390673808848288e-05
CEP152	2.380295	3.1254774108413146e-06	1.8390673808848288e-05
CENPL	1.762364999999999	3.1254774108413146e-06	1.8390673808848288e-05
EXOSC1	1.06825	3.1254774108413146e-06	1.8390673808848288e-05
MAPK11	-1.1409399999999996	3.1254774108413146e-06	1.8390673808848288e-05
NPM2	-0.4956649999999998	3.1254774108413146e-06	1.8390673808848288e-05
NAP1L5	-1.61444	3.1254774108413146e-06	1.8390673808848288e-05
RNF13	1.636280000000001	3.1254774108413146e-06	1.8390673808848288e-05
CD53	1.590869999999999	3.1254774108413146e-06	1.8390673808848288e-05
ERMP1	1.5084700000000009	3.1254774108413146e-06	1.8390673808848288e-05
MSR1	1.9913300000000005	3.1254774108413146e-06	1.8390673808848288e-05
SCRN3	1.2161250000000008	3.1254774108413146e-06	1.8390673808848288e-05
GINS2	3.06975	3.1254774108413146e-06	1.8390673808848288e-05
LOC101930026	-0.8315700000000001	3.1254774108413146e-06	1.8390673808848288e-05
EIF3C	1.8243749999999999	3.1254774108413146e-06	1.8390673808848288e-05
FCER1G	2.6098100000000013	3.1254774108413146e-06	1.8390673808848288e-05
NFIB	-1.6319	3.1254774108413146e-06	1.8390673808848288e-05
PRDM12	-0.5952849999999996	3.244300016845409e-06	1.8929234205176524e-05
GRAPL	-0.6049850000000001	3.2443784559072008e-06	1.8929234205176524e-05
API5	0.7075700000000005	3.2442215793506448e-06	1.8929234205176524e-05
AKR1C3	-3.158579999999999	3.2443784559072008e-06	1.8929234205176524e-05
LOC101927446	1.0348999999999995	3.2443784559072008e-06	1.8929234205176524e-05
NPTN	0.862449999999999	3.2443784559072008e-06	1.8929234205176524e-05
TM9SF3	0.4922000000000004	3.244300016845409e-06	1.8929234205176524e-05
LOC374443	2.289189999999999	3.2443784559072008e-06	1.8929234205176524e-05
RGS10	1.5447700000000015	3.2443784559072008e-06	1.8929234205176524e-05
GPLD1	-1.7463949999999997	3.244300016845409e-06	1.8929234205176524e-05
ADD1	-0.8452649999999995	3.2443784559072008e-06	1.8929234205176524e-05
CEP120	-0.8963350000000005	3.2443784559072008e-06	1.8929234205176524e-05
TRIM27	0.6048650000000002	3.2443784559072008e-06	1.8929234205176524e-05
PALB2	1.1753650000000002	3.2443784559072008e-06	1.8929234205176524e-05
ZNF502	-1.38239	3.2443784559072008e-06	1.8929234205176524e-05
WHSC1	0.9707150000000002	3.2443784559072008e-06	1.8929234205176524e-05
NOVA2	-0.5573550000000003	3.2443784559072008e-06	1.8929234205176524e-05
SDCCAG3	1.0478050000000003	3.2443784559072008e-06	1.8929234205176524e-05
OST4	0.6936	3.2443784559072008e-06	1.8929234205176524e-05
TRIM8	-0.9636399999999998	3.2443784559072008e-06	1.8929234205176524e-05
PTCRA	-0.6855400000000005	3.2443784559072008e-06	1.8929234205176524e-05
POPDC2	0.970675	3.3675299350920155e-06	1.9460584290693885e-05
CMC2	1.3978199999999994	3.3676110950636095e-06	1.9460584290693885e-05
MAP3K3	-1.290094999999999	3.3676110950636095e-06	1.9460584290693885e-05
ANPEP	-3.2428349999999995	3.3676110950636095e-06	1.9460584290693885e-05
LOC100653057	-4.925189999999999	3.3676110950636095e-06	1.9460584290693885e-05
INTS12	1.1351750000000003	3.3676110950636095e-06	1.9460584290693885e-05
FAM63A	-0.7863549999999986	3.3676110950636095e-06	1.9460584290693885e-05
KDM3A	1.2155950000000004	3.3676110950636095e-06	1.9460584290693885e-05
ELMO2	1.084554999999999	3.3676110950636095e-06	1.9460584290693885e-05
ZC3H8	0.8746450000000001	3.3676110950636095e-06	1.9460584290693885e-05
GDE1	1.0563500000000001	3.3676110950636095e-06	1.9460584290693885e-05
GCN1	-0.9964100000000009	3.3676110950636095e-06	1.9460584290693885e-05
HMGB3	2.1543799999999997	3.3676110950636095e-06	1.9460584290693885e-05
UNC119B	-1.0311899999999987	3.3676110950636095e-06	1.9460584290693885e-05
DHDDS	-1.37744	3.3676110950636095e-06	1.9460584290693885e-05
CRYAB	-4.23678	3.3676110950636095e-06	1.9460584290693885e-05
ANGPT1	-2.25188	3.3676110950636095e-06	1.9460584290693885e-05
NIPA1	0.9995149999999997	3.3676110950636095e-06	1.9460584290693885e-05
KCTD15	3.0724650000000002	3.3676110950636095e-06	1.9460584290693885e-05
DYNC1LI1	0.9426450000000006	3.3676110950636095e-06	1.9460584290693885e-05
TIAM1	2.495215	3.3676110950636095e-06	1.9460584290693885e-05
GJA4	-1.1577599999999997	3.3676110950636095e-06	1.9460584290693885e-05
LINC00184	-0.7418449999999996	3.3676110950636095e-06	1.9460584290693885e-05
MLF2	1.2229349999999997	3.3676110950636095e-06	1.9460584290693885e-05
MTFMT	0.6576350000000004	3.49532558176053e-06	2.0070825661655365e-05
U2AF2	0.47805499999999945	3.49532558176053e-06	2.0070825661655365e-05
SLC52A2	1.383230000000001	3.49532558176053e-06	2.0070825661655365e-05
IL31RA	-0.5869550000000001	3.49532558176053e-06	2.0070825661655365e-05
GLMP	1.143625000000001	3.49532558176053e-06	2.0070825661655365e-05
USP28	-1.00523	3.49532558176053e-06	2.0070825661655365e-05
VCAN	2.1981	3.4952416116878817e-06	2.0070825661655365e-05
PDCD2L	1.1527449999999995	3.49532558176053e-06	2.0070825661655365e-05
VPS54	0.6216799999999996	3.49532558176053e-06	2.0070825661655365e-05
GTF2B	1.499175000000002	3.49532558176053e-06	2.0070825661655365e-05
D2HGDH	-1.5021449999999987	3.49532558176053e-06	2.0070825661655365e-05
LARP6	-2.2076199999999995	3.49532558176053e-06	2.0070825661655365e-05
PTDSS2	-1.1709649999999998	3.49532558176053e-06	2.0070825661655365e-05
FGD6	2.2209650000000005	3.49532558176053e-06	2.0070825661655365e-05
LOC90834	-0.4791699999999999	3.49532558176053e-06	2.0070825661655365e-05
PCDH12	-1.125795	3.49532558176053e-06	2.0070825661655365e-05
TRAM2	1.2918350000000016	3.627677094684161e-06	2.069172300432183e-05
HNRNPM	0.57395	3.627677094684161e-06	2.069172300432183e-05
PAIP1	1.4050699999999985	3.627503352202179e-06	2.069172300432183e-05
RAP2A	1.415939999999999	3.627677094684161e-06	2.069172300432183e-05
TNFSF13B	2.6647799999999995	3.627677094684161e-06	2.069172300432183e-05
PPP1R16B	-1.4915449999999995	3.627677094684161e-06	2.069172300432183e-05
MIEN1	1.6189349999999987	3.627677094684161e-06	2.069172300432183e-05
POSTN	2.02365	3.627677094684161e-06	2.069172300432183e-05
GZF1	1.7223099999999993	3.627677094684161e-06	2.069172300432183e-05
RBBP7	0.9062999999999999	3.627677094684161e-06	2.069172300432183e-05
CAPG	1.4942200000000003	3.627677094684161e-06	2.069172300432183e-05
ARHGEF40	-1.63096	3.627677094684161e-06	2.069172300432183e-05
TUFT1	1.7153400000000003	3.627677094684161e-06	2.069172300432183e-05
CENPE	3.4011000000000005	3.627677094684161e-06	2.069172300432183e-05
MPV17	1.9456800000000003	3.627677094684161e-06	2.069172300432183e-05
TLE4	-1.744439999999999	3.627677094684161e-06	2.069172300432183e-05
PELI2	-1.8726299999999996	3.627677094684161e-06	2.069172300432183e-05
ABCC4	1.5919249999999998	3.764825888722388e-06	2.133156517987769e-05
PHLDA2	2.8755299999999995	3.764825888722388e-06	2.133156517987769e-05
TLN2	-1.9026449999999997	3.764825888722388e-06	2.133156517987769e-05
C1QTNF3-AMACR	1.2643299999999993	3.764825888722388e-06	2.133156517987769e-05
LOC101929681	-1.1286050000000003	3.764736019861352e-06	2.133156517987769e-05
METAP2	0.9264299999999999	3.764825888722388e-06	2.133156517987769e-05
KIF1C	-1.13009	3.764825888722388e-06	2.133156517987769e-05
NXPH3	-1.446485	3.764825888722388e-06	2.133156517987769e-05
LMAN1	0.6730499999999999	3.764825888722388e-06	2.133156517987769e-05
SCYL3	0.7575649999999996	3.764825888722388e-06	2.133156517987769e-05
ZNF304	1.26647	3.764825888722388e-06	2.133156517987769e-05
TCF7	-0.8534699999999997	3.764825888722388e-06	2.133156517987769e-05
EPSTI1	3.645764999999999	3.764736019861352e-06	2.133156517987769e-05
DGUOK	0.7410700000000006	3.764825888722388e-06	2.133156517987769e-05
GPRASP1	-2.2730350000000006	3.764825888722388e-06	2.133156517987769e-05
PPP1R10	0.8682999999999996	3.764825888722388e-06	2.133156517987769e-05
RHOJ	-3.354835	3.764825888722388e-06	2.133156517987769e-05
RBMY3AP	-0.5062800000000003	3.906937450189636e-06	2.1914463364872114e-05
CYP2U1	-1.4920099999999996	3.906937450189636e-06	2.1914463364872114e-05
GNL1	-0.5536000000000003	3.906937450189636e-06	2.1914463364872114e-05
TROAP	2.5147849999999994	3.906937450189636e-06	2.1914463364872114e-05
SPTLC3	-1.4402350000000004	3.906937450189636e-06	2.1914463364872114e-05
ZNF662	-3.51236	3.906937450189636e-06	2.1914463364872114e-05
PRIMA1	-3.242095	3.906937450189636e-06	2.1914463364872114e-05
SGO2	2.56301	3.906937450189636e-06	2.1914463364872114e-05
RUSC1-AS1	2.3007400000000002	3.906937450189636e-06	2.1914463364872114e-05
CAD	1.2267249999999992	3.906937450189636e-06	2.1914463364872114e-05
ACP2	0.9729999999999999	3.906937450189636e-06	2.1914463364872114e-05
PLPP2	3.392365	3.906937450189636e-06	2.1914463364872114e-05
LOC101927178	0.6251750000000005	3.906937450189636e-06	2.1914463364872114e-05
TYMP	2.035525	3.906937450189636e-06	2.1914463364872114e-05
NRIP1	1.9761100000000003	3.906937450189636e-06	2.1914463364872114e-05
NEURL4	-0.8305150000000001	3.906937450189636e-06	2.1914463364872114e-05
SGSM2	-1.3403799999999997	3.906844486940148e-06	2.1914463364872114e-05
TYROBP	2.0337300000000003	3.906844486940148e-06	2.1914463364872114e-05
ACTG1	0.4418500000000023	3.906937450189636e-06	2.1914463364872114e-05
SLC39A10	1.0962199999999998	3.906937450189636e-06	2.1914463364872114e-05
DST	-1.5775100000000002	3.906937450189636e-06	2.1914463364872114e-05
MAPRE3	-0.5982399999999997	3.906937450189636e-06	2.1914463364872114e-05
PPIB	0.7080000000000002	3.906844486940148e-06	2.1914463364872114e-05
OPN3	1.987705	3.906937450189636e-06	2.1914463364872114e-05
SH3TC1	1.4236099999999996	3.906937450189636e-06	2.1914463364872114e-05
MOB3C	-0.8821300000000001	3.906937450189636e-06	2.1914463364872114e-05
TUBB2B	1.5978450000000004	4.054182656419367e-06	2.251427936387076e-05
DNASE1L3	-1.24845	4.054182656419367e-06	2.251427936387076e-05
SMARCC2	-0.7497650000000018	4.0540864981840186e-06	2.251427936387076e-05
RYBP	0.8610900000000008	4.0540864981840186e-06	2.251427936387076e-05
FCF1	-0.8104700000000005	4.054182656419367e-06	2.251427936387076e-05
GOLGA5	1.0496099999999995	4.054182656419367e-06	2.251427936387076e-05
LAMA4	-1.4863400000000002	4.054182656419367e-06	2.251427936387076e-05
RNF181	0.6729899999999986	4.054182656419367e-06	2.251427936387076e-05
CMAS	1.4556949999999995	4.054182656419367e-06	2.251427936387076e-05
MXRA7	-1.4434499999999986	4.054182656419367e-06	2.251427936387076e-05
PLPP1	-1.7366100000000007	4.0540864981840186e-06	2.251427936387076e-05
DCPS	1.0770399999999993	4.054182656419367e-06	2.251427936387076e-05
DERL1	1.2051700000000007	4.0540864981840186e-06	2.251427936387076e-05
DLGAP5	4.19626	4.054182656419367e-06	2.251427936387076e-05
POLL	-0.8613749999999998	4.054182656419367e-06	2.251427936387076e-05
DNAJB14	1.3077950000000005	4.0540864981840186e-06	2.251427936387076e-05
TACO1	1.5292200000000005	4.054182656419367e-06	2.251427936387076e-05
OSER1	0.8874350000000009	4.054182656419367e-06	2.251427936387076e-05
TGM2	1.516845	4.054182656419367e-06	2.251427936387076e-05
WNK2	-1.9639900000000008	4.054182656419367e-06	2.251427936387076e-05
SH3BGRL2	-2.7911849999999996	4.054182656419367e-06	2.251427936387076e-05
PIK3R3	1.6800349999999993	4.054182656419367e-06	2.251427936387076e-05
IL4I1	1.756005	4.054182656419367e-06	2.251427936387076e-05
TMEM208	1.177695	4.054182656419367e-06	2.251427936387076e-05
HIPK3	-0.6833999999999989	4.054182656419367e-06	2.251427936387076e-05
IWS1	0.7343950000000001	4.054182656419367e-06	2.251427936387076e-05
SMNDC1	0.5825200000000006	4.2066384829609785e-06	2.3140245591768116e-05
EPHA1-AS1	-0.793825	4.206737939833895e-06	2.3140245591768116e-05
NAV2	-1.7339749999999992	4.206737939833895e-06	2.3140245591768116e-05
FAM149A	-2.445305	4.206737939833895e-06	2.3140245591768116e-05
ZCCHC8	1.0473649999999992	4.206737939833895e-06	2.3140245591768116e-05
CAP1	0.7202500000000001	4.206539028021939e-06	2.3140245591768116e-05
SPTBN4	-0.42033999999999994	4.206737939833895e-06	2.3140245591768116e-05
PLSCR4	-2.1519899999999996	4.206737939833895e-06	2.3140245591768116e-05
ANKRD10	1.257365	4.206737939833895e-06	2.3140245591768116e-05
RRS1	1.0562949999999995	4.206737939833895e-06	2.3140245591768116e-05
RPL36	-0.9449500000000004	4.206439575016753e-06	2.3140245591768116e-05
HEATR3	0.9834250000000013	4.206737939833895e-06	2.3140245591768116e-05
TAGLN2	1.73292	4.206737939833895e-06	2.3140245591768116e-05
SCARF1	-0.5384799999999998	4.2066384829609785e-06	2.3140245591768116e-05
KIF1BP	1.994979999999999	4.206737939833895e-06	2.3140245591768116e-05
SLC30A3	-1.302925	4.206737939833895e-06	2.3140245591768116e-05
NDUFS2	0.7244199999999985	4.206737939833895e-06	2.3140245591768116e-05
FAM205BP	-0.5987600000000004	4.206737939833895e-06	2.3140245591768116e-05
ALG6	1.461644999999998	4.2066384829609785e-06	2.3140245591768116e-05
GRIN1	-0.3260650000000007	4.2066384829609785e-06	2.3140245591768116e-05
OLR1	1.1115900000000005	4.206737939833895e-06	2.3140245591768116e-05
B3GALNT2	0.7944749999999985	4.206737939833895e-06	2.3140245591768116e-05
YIPF3	0.9003699999999988	4.206737939833895e-06	2.3140245591768116e-05
KTI12	0.7863549999999999	4.206737939833895e-06	2.3140245591768116e-05
NOD1	-1.1361849999999993	4.206737939833895e-06	2.3140245591768116e-05
GRB2	0.8495299999999997	4.3647854566045984e-06	2.3722086227848796e-05
DNA2	2.7890699999999997	4.3647854566045984e-06	2.3722086227848796e-05
STAC2	-2.4402099999999995	4.3647854566045984e-06	2.3722086227848796e-05
PLGRKT	1.1971249999999998	4.3647854566045984e-06	2.3722086227848796e-05
KCNIP2-AS1	-0.6061150000000008	4.3647854566045984e-06	2.3722086227848796e-05
SNCG	-1.2207999999999997	4.3647854566045984e-06	2.3722086227848796e-05
UNC13A	-0.5262599999999997	4.3647854566045984e-06	2.3722086227848796e-05
VWA9	1.07001	4.3647854566045984e-06	2.3722086227848796e-05
HES6	1.1427249999999995	4.3647854566045984e-06	2.3722086227848796e-05
GSE1	2.295544999999999	4.364682594302847e-06	2.3722086227848796e-05
SKA2	1.4170300000000005	4.3647854566045984e-06	2.3722086227848796e-05
TEX30	1.2583700000000002	4.3647854566045984e-06	2.3722086227848796e-05
TMEM126B	1.3098299999999998	4.3647854566045984e-06	2.3722086227848796e-05
COX2	0.7640999999999991	4.364682594302847e-06	2.3722086227848796e-05
TDG	0.8081800000000001	4.3647854566045984e-06	2.3722086227848796e-05
PTHLH	-1.2222650000000002	4.3647854566045984e-06	2.3722086227848796e-05
OCRL	1.4662100000000002	4.3647854566045984e-06	2.3722086227848796e-05
ZFP64	0.3948999999999998	4.3647854566045984e-06	2.3722086227848796e-05
HOPX	3.1081700000000003	4.3647854566045984e-06	2.3722086227848796e-05
IRS1	-2.295965	4.3647854566045984e-06	2.3722086227848796e-05
POLK	-0.7750249999999994	4.3647854566045984e-06	2.3722086227848796e-05
RALGAPB	1.2606249999999992	4.3647854566045984e-06	2.3722086227848796e-05
GPR68	1.0846300000000006	4.3647854566045984e-06	2.3722086227848796e-05
SFRP5	-0.6199650000000001	4.3647854566045984e-06	2.3722086227848796e-05
TNFRSF10D	-1.8245600000000004	4.364682594302847e-06	2.3722086227848796e-05
STAT2	-0.7759999999999998	4.364682594302847e-06	2.3722086227848796e-05
MNDA	2.6286000000000005	4.3647854566045984e-06	2.3722086227848796e-05
HAB1	-1.1940799999999996	4.3647854566045984e-06	2.3722086227848796e-05
LOC101930168	-2.69031	4.3647854566045984e-06	2.3722086227848796e-05
VSTM4	-0.8440099999999999	4.3647854566045984e-06	2.3722086227848796e-05
SLC25A15	1.3661199999999996	4.3647854566045984e-06	2.3722086227848796e-05
GXYLT2	3.0283250000000006	4.3647854566045984e-06	2.3722086227848796e-05
PDE9A	-3.3780150000000004	4.528513260016847e-06	2.4410938961382572e-05
ZNF19	0.3627349999999998	4.528513260016847e-06	2.4410938961382572e-05
PRSS22	0.5479649999999996	4.528513260016847e-06	2.4410938961382572e-05
FAM161B	-0.8464000000000009	4.528406882268215e-06	2.4410938961382572e-05
THBS1	2.1233199999999997	4.528513260016847e-06	2.4410938961382572e-05
LINC00328	-1.0556300000000003	4.528406882268215e-06	2.4410938961382572e-05
LOXL4	-2.5552200000000003	4.528513260016847e-06	2.4410938961382572e-05
FAM84B	1.79603	4.528513260016847e-06	2.4410938961382572e-05
DCTN2	-0.6167350000000003	4.528513260016847e-06	2.4410938961382572e-05
PRELID1	0.7526300000000017	4.528513260016847e-06	2.4410938961382572e-05
ACTBP9	0.6376400000000002	4.528513260016847e-06	2.4410938961382572e-05
MRAS	-2.4745799999999996	4.528513260016847e-06	2.4410938961382572e-05
ADGRL3	-2.2229200000000002	4.528513260016847e-06	2.4410938961382572e-05
ME3	-2.240285	4.528513260016847e-06	2.4410938961382572e-05
TRMT61B	1.1834300000000004	4.528513260016847e-06	2.4410938961382572e-05
MST1	-2.28392	4.528513260016847e-06	2.4410938961382572e-05
LOC100130429	-0.5019550000000002	4.528513260016847e-06	2.4410938961382572e-05
KDM4A	1.3912600000000008	4.528513260016847e-06	2.4410938961382572e-05
SEMA6D	-3.7254950000000004	4.528513260016847e-06	2.4410938961382572e-05
IARS2	1.2597699999999996	4.528300506571949e-06	2.4410938961382572e-05
LOC101927811	-1.5166399999999998	4.528513260016847e-06	2.4410938961382572e-05
C3orf80	1.1156150000000005	4.528513260016847e-06	2.4410938961382572e-05
MYO5B	1.64412	4.698115478657736e-06	2.5194251470113602e-05
DDX20	1.2800800000000008	4.698115478657736e-06	2.5194251470113602e-05
LOC100129550	-1.7111200000000002	4.698115478657736e-06	2.5194251470113602e-05
TMEM213	-0.42638500000000024	4.698115478657736e-06	2.5194251470113602e-05
PPP1R3D	1.2684800000000003	4.698115478657736e-06	2.5194251470113602e-05
GRN	0.7024699999999982	4.698005472127764e-06	2.5194251470113602e-05
CLASP2	0.986765000000001	4.698115478657736e-06	2.5194251470113602e-05
ZNF785	0.9789149999999998	4.698115478657736e-06	2.5194251470113602e-05
DHCR7	1.9837749999999996	4.698115478657736e-06	2.5194251470113602e-05
GGT1	-0.7860099999999997	4.698115478657736e-06	2.5194251470113602e-05
TRMO	-0.5738300000000001	4.698115478657736e-06	2.5194251470113602e-05
COX4I2	-0.6393699999999995	4.698115478657736e-06	2.5194251470113602e-05
RHOA	1.1531000000000002	4.697345477342879e-06	2.5194251470113602e-05
TRPC1	-1.4675199999999995	4.698115478657736e-06	2.5194251470113602e-05
DNAAF2	0.9034050000000002	4.873792499545875e-06	2.5963761804257225e-05
ITGA1	-1.8123000000000005	4.873792499545875e-06	2.5963761804257225e-05
SNORD18C	-0.49404999999999966	4.873678747492022e-06	2.5963761804257225e-05
STIL	1.9875150000000001	4.873792499545875e-06	2.5963761804257225e-05
MSL1	0.8887	4.873678747492022e-06	2.5963761804257225e-05
VIT	-2.0275499999999997	4.873792499545875e-06	2.5963761804257225e-05
C3orf18	-2.0534850000000002	4.873792499545875e-06	2.5963761804257225e-05
RPL9	-0.46415000000000006	4.873792499545875e-06	2.5963761804257225e-05
LOC100508408	-0.42910000000000004	4.873678747492022e-06	2.5963761804257225e-05
RSU1	1.2890999999999995	4.873792499545875e-06	2.5963761804257225e-05
CSRP1	-1.4326500000000006	4.873792499545875e-06	2.5963761804257225e-05
NOP10	0.7902499999999986	4.873678747492022e-06	2.5963761804257225e-05
TFAP4	-0.9243900000000007	4.873792499545875e-06	2.5963761804257225e-05
ATAD2B	0.9757999999999996	4.873792499545875e-06	2.5963761804257225e-05
LOC105373849	-0.5763850000000001	4.873792499545875e-06	2.5963761804257225e-05
NDUFS3	0.8069949999999988	4.873792499545875e-06	2.5963761804257225e-05
ALDOA	0.8613000000000017	4.873792499545875e-06	2.5963761804257225e-05
EMC4	1.3801900000000007	4.873678747492022e-06	2.5963761804257225e-05
HEXIM1	1.3028650000000006	5.055751156325897e-06	2.6775936649221254e-05
DAB2IP	-1.0671249999999999	5.055751156325897e-06	2.6775936649221254e-05
ERI1	2.1013199999999994	5.055751156325897e-06	2.6775936649221254e-05
LOC254896	-0.23438499999999962	5.055751156325897e-06	2.6775936649221254e-05
C7orf34	-0.559955	5.055751156325897e-06	2.6775936649221254e-05
TMEM123	1.3422999999999998	5.055751156325897e-06	2.6775936649221254e-05
DUSP5	4.28018	5.055751156325897e-06	2.6775936649221254e-05
GIGYF1	-1.0356899999999998	5.055751156325897e-06	2.6775936649221254e-05
CDC42EP2	-0.7524350000000002	5.055633538503596e-06	2.6775936649221254e-05
FAM126B	0.8049	5.055751156325897e-06	2.6775936649221254e-05
POMT1	-1.499554999999999	5.055751156325897e-06	2.6775936649221254e-05
CRYBG3	-1.7074949999999998	5.055751156325897e-06	2.6775936649221254e-05
ZBTB22	-1.0857099999999997	5.055751156325897e-06	2.6775936649221254e-05
MGC34796	-0.4046700000000003	5.055633538503596e-06	2.6775936649221254e-05
ZNF563	-1.3197750000000004	5.055751156325897e-06	2.6775936649221254e-05
MYH9	1.0382350000000002	5.055751156325897e-06	2.6775936649221254e-05
UBE3C	1.0084600000000004	5.2442049226529095e-06	2.763292593859418e-05
LOC100507577	1.911195000000001	5.2442049226529095e-06	2.763292593859418e-05
KIAA1328	-0.7762950000000002	5.244083315219186e-06	2.763292593859418e-05
TFPI	-2.5410449999999996	5.2442049226529095e-06	2.763292593859418e-05
CFH	-1.8057949999999998	5.2442049226529095e-06	2.763292593859418e-05
ZNF184	0.9510300000000003	5.2442049226529095e-06	2.763292593859418e-05
RBM6	2.7102200000000005	5.2442049226529095e-06	2.763292593859418e-05
LDLR	2.5104949999999997	5.2442049226529095e-06	2.763292593859418e-05
AAMDC	-1.5633700000000008	5.244083315219186e-06	2.763292593859418e-05
GTF2IP12	-0.8530999999999995	5.2442049226529095e-06	2.763292593859418e-05
NCK1-AS1	1.817695	5.2442049226529095e-06	2.763292593859418e-05
PRDM1	3.4073700000000002	5.2442049226529095e-06	2.763292593859418e-05
KPNA3	1.052529999999999	5.244083315219186e-06	2.763292593859418e-05
TXNIP	-1.4344999999999999	5.244083315219186e-06	2.763292593859418e-05
ABCB9	-0.5537799999999997	5.439374110893756e-06	2.8506167751136462e-05
GLI2	-0.9565200000000003	5.439248386308718e-06	2.8506167751136462e-05
SCOC	1.053420000000001	5.439374110893756e-06	2.8506167751136462e-05
NUP210	1.1231049999999998	5.439374110893756e-06	2.8506167751136462e-05
PTBP3	0.7715999999999994	5.439122664102084e-06	2.8506167751136462e-05
XAB2	-0.7109399999999999	5.439374110893756e-06	2.8506167751136462e-05
KCNK3	-0.5878950000000005	5.439374110893756e-06	2.8506167751136462e-05
M6PR	0.7812399999999986	5.439374110893756e-06	2.8506167751136462e-05
FXYD6	-1.8503150000000002	5.439374110893756e-06	2.8506167751136462e-05
BLNK	1.9525949999999996	5.439374110893756e-06	2.8506167751136462e-05
PADI1	-0.2682100000000007	5.439374110893756e-06	2.8506167751136462e-05
MRPL37	1.2306600000000003	5.439374110893756e-06	2.8506167751136462e-05
NUDCD3	-0.8744800000000001	5.439374110893756e-06	2.8506167751136462e-05
KCNB1	-0.9186100000000001	5.439374110893756e-06	2.8506167751136462e-05
F11R	0.6963499999999989	5.439374110893756e-06	2.8506167751136462e-05
PPP4R1	0.7381700000000002	5.6414860762762335e-06	2.943789464595166e-05
EXOC8	0.8366699999999998	5.6414860762762335e-06	2.943789464595166e-05
SPATA24	-0.4594250000000004	5.6414860762762335e-06	2.943789464595166e-05
ZDHHC16	0.861015000000001	5.6414860762762335e-06	2.943789464595166e-05
EXOC4	-0.8360699999999994	5.6414860762762335e-06	2.943789464595166e-05
KANSL1	-0.6558799999999998	5.6414860762762335e-06	2.943789464595166e-05
FEM1C	1.1916250000000002	5.6414860762762335e-06	2.943789464595166e-05
POLR2J2	-0.4251750000000003	5.6414860762762335e-06	2.943789464595166e-05
OSER1-AS1	-1.3190350000000004	5.6414860762762335e-06	2.943789464595166e-05
SNRPC	0.5941700000000001	5.6414860762762335e-06	2.943789464595166e-05
RPS10-NUDT3	3.8387850000000006	5.6414860762762335e-06	2.943789464595166e-05
PTP4A1	1.03106	5.641356103201843e-06	2.943789464595166e-05
CA5BP1	1.6811099999999985	5.850775426618195e-06	3.032296957364362e-05
TDRD7	1.1347499999999995	5.850775426618195e-06	3.032296957364362e-05
CDC45	2.9048599999999998	5.850775426618195e-06	3.032296957364362e-05
LRRC47	-0.5595999999999997	5.850775426618195e-06	3.032296957364362e-05
AGGF1	1.0946399999999992	5.850775426618195e-06	3.032296957364362e-05
TMEM67	-1.3767499999999995	5.850775426618195e-06	3.032296957364362e-05
ZFYVE21	-0.7758850000000006	5.850775426618195e-06	3.032296957364362e-05
PIK3C2G	-0.667745	5.850775426618195e-06	3.032296957364362e-05
RPL26L1	0.7712799999999991	5.850775426618195e-06	3.032296957364362e-05
ZNF143	0.8634500000000003	5.8506410698148975e-06	3.032296957364362e-05
APTR	1.929875	5.850775426618195e-06	3.032296957364362e-05
TIMMDC1	0.6640800000000002	5.850775426618195e-06	3.032296957364362e-05
GPM6B	-2.53371	5.850775426618195e-06	3.032296957364362e-05
FBXO44	-0.7632099999999999	5.850775426618195e-06	3.032296957364362e-05
GGH	2.7391950000000005	5.850775426618195e-06	3.032296957364362e-05
ASMTL	-1.126875	5.850775426618195e-06	3.032296957364362e-05
SDHC	0.6519999999999992	5.850506715533212e-06	3.032296957364362e-05
TRMT10C	0.8420499999999986	5.850775426618195e-06	3.032296957364362e-05
LOC100288966	-0.5086900000000001	5.850775426618195e-06	3.032296957364362e-05
TRRAP	1.3339600000000003	6.067484237772941e-06	3.123431623571026e-05
PEBP1	-0.7941500000000001	6.067484237772941e-06	3.123431623571026e-05
ATP6V0A1	-1.0800599999999996	6.067484237772941e-06	3.123431623571026e-05
NANOG	-1.2265199999999998	6.067484237772941e-06	3.123431623571026e-05
CTSZ	2.4878850000000003	6.067484237772941e-06	3.123431623571026e-05
APOD	-4.458640000000001	6.067484237772941e-06	3.123431623571026e-05
GLP1R	-0.32102499999999967	6.067484237772941e-06	3.123431623571026e-05
FOXP1	-0.8732500000000005	6.067206480810284e-06	3.123431623571026e-05
PTGDS	-2.9890999999999988	6.067484237772941e-06	3.123431623571026e-05
RABEPK	1.0288899999999996	6.067484237772941e-06	3.123431623571026e-05
CPNE3	1.0075500000000002	6.067484237772941e-06	3.123431623571026e-05
SMIM8	0.9618250000000002	6.067484237772941e-06	3.123431623571026e-05
ANKH	2.31907	6.067484237772941e-06	3.123431623571026e-05
BLZF1	0.7349350000000001	6.067484237772941e-06	3.123431623571026e-05
SNX4	0.6565400000000006	6.067484237772941e-06	3.123431623571026e-05
HNRNPH1	0.42745000000000033	6.067484237772941e-06	3.123431623571026e-05
TACC2	-1.3334849999999996	6.067484237772941e-06	3.123431623571026e-05
ANKRD50	1.4521350000000002	6.067484237772941e-06	3.123431623571026e-05
SH3GLB1	1.555250000000001	6.067484237772941e-06	3.123431623571026e-05
POLR2A	-0.7038500000000001	6.178557491471121e-06	3.1794830578009786e-05
UCN2	-0.26760499999999965	6.2918622749286725e-06	3.224079885550959e-05
MZF1	-1.4686649999999997	6.2918622749286725e-06	3.224079885550959e-05
GRPEL1	1.0416400000000001	6.2918622749286725e-06	3.224079885550959e-05
EID2	0.8261949999999993	6.2918622749286725e-06	3.224079885550959e-05
TPGS2	1.5861100000000006	6.2918622749286725e-06	3.224079885550959e-05
ZCWPW1	-0.7222049999999998	6.2918622749286725e-06	3.224079885550959e-05
OLFML2A	-1.8890400000000005	6.2918622749286725e-06	3.224079885550959e-05
CNPPD1	-0.6323299999999996	6.2918622749286725e-06	3.224079885550959e-05
PAGR1	0.7094550000000002	6.2918622749286725e-06	3.224079885550959e-05
ALAS1	1.2732350000000006	6.2918622749286725e-06	3.224079885550959e-05
RARRES2	-1.8022100000000005	6.2918622749286725e-06	3.224079885550959e-05
ASAP1-IT2	0.7244800000000007	6.2918622749286725e-06	3.224079885550959e-05
ERVH-6	-0.970885	6.52416721990375e-06	3.3150439596725774e-05
PAXIP1-AS2	-0.8444799999999999	6.52416721990375e-06	3.3150439596725774e-05
NEK4	0.9750150000000009	6.52416721990375e-06	3.3150439596725774e-05
MYO1D	1.552015	6.52416721990375e-06	3.3150439596725774e-05
PPP1R7	1.0355550000000004	6.52416721990375e-06	3.3150439596725774e-05
THOC6	0.5068650000000003	6.52416721990375e-06	3.3150439596725774e-05
FGD5	-1.9745749999999997	6.52416721990375e-06	3.3150439596725774e-05
PRR29	-0.7014550000000002	6.52416721990375e-06	3.3150439596725774e-05
FUT5	-0.47555999999999976	6.52416721990375e-06	3.3150439596725774e-05
LOC100289333	-0.5095899999999993	6.52416721990375e-06	3.3150439596725774e-05
LOC729218	-1.344875	6.52416721990375e-06	3.3150439596725774e-05
YWHAB	0.506450000000001	6.524018859854758e-06	3.3150439596725774e-05
C20orf181	-0.29169	6.52416721990375e-06	3.3150439596725774e-05
SF3B1	0.6438999999999986	6.52416721990375e-06	3.3150439596725774e-05
VPS25	0.8301000000000016	6.52416721990375e-06	3.3150439596725774e-05
YTHDF1	0.6583749999999995	6.52416721990375e-06	3.3150439596725774e-05
ENGASE	-0.8541899999999991	6.52416721990375e-06	3.3150439596725774e-05
PIGX	0.9082499999999998	6.52416721990375e-06	3.3150439596725774e-05
ID4	-3.6588650000000005	6.52416721990375e-06	3.3150439596725774e-05
TRAPPC2B	0.7905500000000005	6.524018859854758e-06	3.3150439596725774e-05
ORMDL1	0.9009649999999993	6.52416721990375e-06	3.3150439596725774e-05
ZNRF2	1.1452950000000008	6.52416721990375e-06	3.3150439596725774e-05
ANKUB1	-0.61517	6.52416721990375e-06	3.3150439596725774e-05
MOSPD2	1.133495	6.52416721990375e-06	3.3150439596725774e-05
RFX2	-0.9103300000000001	6.764511578670138e-06	3.412173106784577e-05
PCDH11Y	-0.26605000000000034	6.764511578670138e-06	3.412173106784577e-05
ZNF681	0.8044949999999997	6.764664904581184e-06	3.412173106784577e-05
CLIP3	-1.33129	6.764664904581184e-06	3.412173106784577e-05
RXRA	-0.7879500000000004	6.764664904581184e-06	3.412173106784577e-05
SNORD83B	-0.7792499999999993	6.764664904581184e-06	3.412173106784577e-05
RAD18	0.9689199999999998	6.764664904581184e-06	3.412173106784577e-05
S100A14	2.6402900000000002	6.764664904581184e-06	3.412173106784577e-05
FAR1	1.4698699999999985	6.764664904581184e-06	3.412173106784577e-05
CELF5	-0.770845	6.764664904581184e-06	3.412173106784577e-05
GSTM1	-2.4793000000000003	6.764664904581184e-06	3.412173106784577e-05
AGO3	2.2307200000000007	6.764664904581184e-06	3.412173106784577e-05
MTFR1	1.3700500000000009	6.764664904581184e-06	3.412173106784577e-05
TM2D2	0.9218550000000008	6.764664904581184e-06	3.412173106784577e-05
PTRH1	1.2385200000000003	6.764664904581184e-06	3.412173106784577e-05
KIF22	0.9113150000000001	6.764664904581184e-06	3.412173106784577e-05
ASMTL-AS1	-0.6124750000000008	6.764664904581184e-06	3.412173106784577e-05
GART	0.941374999999999	6.764664904581184e-06	3.412173106784577e-05
HTR4	-0.8460549999999998	6.764664904581184e-06	3.412173106784577e-05
DTX3L	1.0712100000000007	6.764664904581184e-06	3.412173106784577e-05
TMEM216	2.3044899999999995	6.764664904581184e-06	3.412173106784577e-05
TEN1-CDK3	-1.01886	7.013629550629782e-06	3.519417012240694e-05
LOC286161	-1.0980699999999999	7.013629550629782e-06	3.519417012240694e-05
CCDC88B	-0.3491749999999998	7.013629550629782e-06	3.519417012240694e-05
PKP4	-0.8814550000000008	7.013629550629782e-06	3.519417012240694e-05
STAT6	-0.874365000000001	7.013629550629782e-06	3.519417012240694e-05
WDFY1	0.8470600000000008	7.013471102467005e-06	3.519417012240694e-05
C10orf128	-2.2180549999999997	7.013629550629782e-06	3.519417012240694e-05
CUL9	-0.9217199999999997	7.013629550629782e-06	3.519417012240694e-05
SLC7A5	4.173885	7.013629550629782e-06	3.519417012240694e-05
LOC102724884	1.405195	7.013629550629782e-06	3.519417012240694e-05
SPPL2A	2.7705650000000004	7.013629550629782e-06	3.519417012240694e-05
PRKCD	3.5443050000000005	7.013629550629782e-06	3.519417012240694e-05
TSPAN4	-1.0238949999999996	7.013629550629782e-06	3.519417012240694e-05
PDXDC1	0.841005	7.013629550629782e-06	3.519417012240694e-05
WDR27	-1.567849999999999	7.013629550629782e-06	3.519417012240694e-05
COX6A1	0.6972499999999986	7.14121396360469e-06	3.5822006625031887e-05
RNF103	1.2980750000000008	7.271180284279961e-06	3.627428986445626e-05
PPARG	-3.168595	7.271344015661215e-06	3.627428986445626e-05
TXLNA	1.1858649999999988	7.271344015661215e-06	3.627428986445626e-05
AGAP1	2.15824	7.271344015661215e-06	3.627428986445626e-05
RASL10B	-0.6255100000000002	7.271344015661215e-06	3.627428986445626e-05
YWHAQ	0.5829499999999985	7.271180284279961e-06	3.627428986445626e-05
NELFCD	1.2434250000000002	7.271344015661215e-06	3.627428986445626e-05
NUP214	-0.9446499999999993	7.271344015661215e-06	3.627428986445626e-05
SAMD12	2.3338649999999994	7.271344015661215e-06	3.627428986445626e-05
SMN2	1.2628499999999994	7.271344015661215e-06	3.627428986445626e-05
BRPF3	1.7249349999999999	7.271344015661215e-06	3.627428986445626e-05
MDGA1	-0.4741100000000005	7.271344015661215e-06	3.627428986445626e-05
ST3GAL1	0.9510450000000006	7.271344015661215e-06	3.627428986445626e-05
ZCCHC2	2.7188549999999996	7.271344015661215e-06	3.627428986445626e-05
CEP170P1	0.7739250000000002	7.271344015661215e-06	3.627428986445626e-05
BCL2A1	3.2553600000000005	7.271344015661215e-06	3.627428986445626e-05
LOC101929819	1.2235000000000014	7.538100045976625e-06	3.7335705616532246e-05
PTEN	-0.8371000000000013	7.538100045976625e-06	3.7335705616532246e-05
SMYD2	1.0383999999999993	7.538100045976625e-06	3.7335705616532246e-05
BLMH	1.9545949999999994	7.538100045976625e-06	3.7335705616532246e-05
EIF3G	-0.7406999999999986	7.537930865710929e-06	3.7335705616532246e-05
MRGPRF	-2.60356	7.538100045976625e-06	3.7335705616532246e-05
MIR8085	1.487545	7.538100045976625e-06	3.7335705616532246e-05
NABP2	1.0958199999999998	7.538100045976625e-06	3.7335705616532246e-05
MIR15A	1.1141300000000003	7.538100045976625e-06	3.7335705616532246e-05
UTP18	1.1195400000000006	7.537930865710929e-06	3.7335705616532246e-05
ECE2	1.9698200000000001	7.538100045976625e-06	3.7335705616532246e-05
TRIM11	1.1323150000000002	7.538100045976625e-06	3.7335705616532246e-05
DDX55	1.0133849999999995	7.538100045976625e-06	3.7335705616532246e-05
HN1	1.331150000000001	7.538100045976625e-06	3.7335705616532246e-05
TIPIN	1.9418000000000002	7.538100045976625e-06	3.7335705616532246e-05
SMIM7	1.0529899999999994	7.538100045976625e-06	3.7335705616532246e-05
FAT3	-2.55252	7.538100045976625e-06	3.7335705616532246e-05
ZBED3	-1.0393	7.538100045976625e-06	3.7335705616532246e-05
CYB561	1.2657100000000003	7.538100045976625e-06	3.7335705616532246e-05
GNAS	0.5660000000000007	7.537761688532648e-06	3.7335705616532246e-05
ZNF786	1.2220399999999998	7.538100045976625e-06	3.7335705616532246e-05
RPS10	-0.4964499999999994	7.674790344718854e-06	3.7999763172863006e-05
GALT	-0.9976050000000001	7.814198536057455e-06	3.845401258577647e-05
ADAMTS10	-0.7786900000000001	7.814198536057455e-06	3.845401258577647e-05
LOC101060405	-1.1630849999999997	7.814198536057455e-06	3.845401258577647e-05
TRAPPC1	0.8261700000000012	7.814198536057455e-06	3.845401258577647e-05
CEP83	1.1176399999999997	7.814198536057455e-06	3.845401258577647e-05
MIR6890	-0.7798500000000015	7.814198536057455e-06	3.845401258577647e-05
HMGB2	1.5885999999999996	7.814023736417076e-06	3.845401258577647e-05
HDGF	0.8667800000000003	7.814198536057455e-06	3.845401258577647e-05
EFEMP1	-2.265155	7.814198536057455e-06	3.845401258577647e-05
KIF18B	2.6709199999999997	7.814198536057455e-06	3.845401258577647e-05
KIF14	3.6969399999999997	7.814198536057455e-06	3.845401258577647e-05
RAPGEF6	0.8300599999999996	7.814198536057455e-06	3.845401258577647e-05
TMEM44-AS1	-1.63239	7.814198536057455e-06	3.845401258577647e-05
C14orf169	0.8843100000000002	7.814198536057455e-06	3.845401258577647e-05
RIDA	3.340889999999999	7.814198536057455e-06	3.845401258577647e-05
ITM2B	-0.5979500000000009	7.814023736417076e-06	3.845401258577647e-05
SPATC1L	3.759845	7.814198536057455e-06	3.845401258577647e-05
CLEC7A	1.4043149999999986	7.814198536057455e-06	3.845401258577647e-05
COL3A1	1.6261500000000009	7.955670125100807e-06	3.912368491592073e-05
SLC33A1	0.9506650000000008	7.955670125100807e-06	3.912368491592073e-05
TM9SF4	0.562805	8.099949794960415e-06	3.9565244171683535e-05
AVL9	1.1024449999999995	8.099949794960415e-06	3.9565244171683535e-05
ST5	-1.8827250000000006	8.099949794960415e-06	3.9565244171683535e-05
NUP98	1.08319	8.099949794960415e-06	3.9565244171683535e-05
LNX2	0.901584999999999	8.099949794960415e-06	3.9565244171683535e-05
CSNK2B	0.8376599999999996	8.099769200502855e-06	3.9565244171683535e-05
VASP	1.5495900000000011	8.099949794960415e-06	3.9565244171683535e-05
KMT2E-AS1	-0.7141650000000004	8.099949794960415e-06	3.9565244171683535e-05
XPNPEP3	1.3140399999999985	8.099949794960415e-06	3.9565244171683535e-05
LOC101060275	-1.056754999999999	8.099949794960415e-06	3.9565244171683535e-05
PIGW	1.632295	8.099949794960415e-06	3.9565244171683535e-05
VRK1	1.123800000000001	8.099949794960415e-06	3.9565244171683535e-05
TCTN1	-0.6756549999999999	8.099949794960415e-06	3.9565244171683535e-05
SRGAP2	1.72398	8.099949794960415e-06	3.9565244171683535e-05
MICB	2.6803950000000007	8.099949794960415e-06	3.9565244171683535e-05
PHKA1	1.22783	8.099949794960415e-06	3.9565244171683535e-05
POP7	0.8104699999999987	8.099949794960415e-06	3.9565244171683535e-05
DAPK1-IT1	1.011825	8.099949794960415e-06	3.9565244171683535e-05
PPP4R3B	0.7224199999999996	8.099949794960415e-06	3.9565244171683535e-05
SBNO2	0.51335	8.099949794960415e-06	3.9565244171683535e-05
NCSTN	0.5727099999999989	8.246361266507219e-06	4.02668656059912e-05
CD99L2	-1.4156049999999993	8.395673819777464e-06	4.06135826818149e-05
MAPK6	0.6736450000000005	8.395673819777464e-06	4.06135826818149e-05
NANP	1.2655399999999997	8.395673819777464e-06	4.06135826818149e-05
RPS6KA2	-1.5024899999999999	8.395673819777464e-06	4.06135826818149e-05
LOC101929177	-0.9087449999999997	8.395673819777464e-06	4.06135826818149e-05
NCAPG	3.00113	8.395673819777464e-06	4.06135826818149e-05
CANX	0.6087000000000007	8.395673819777464e-06	4.06135826818149e-05
TRIM39-RPP21	0.9230650000000011	8.395673819777464e-06	4.06135826818149e-05
MAGI1	-1.2922699999999985	8.395673819777464e-06	4.06135826818149e-05
LOC100996760	-0.9190750000000003	8.395673819777464e-06	4.06135826818149e-05
LOC728323	-1.026455	8.395673819777464e-06	4.06135826818149e-05
PSMD6	0.6638000000000002	8.395673819777464e-06	4.06135826818149e-05
RAD50	0.9695949999999991	8.395673819777464e-06	4.06135826818149e-05
FLJ42627	-0.8195599999999992	8.395673819777464e-06	4.06135826818149e-05
TNS2	-1.9730699999999999	8.395673819777464e-06	4.06135826818149e-05
DNASE2	0.9017600000000003	8.395673819777464e-06	4.06135826818149e-05
TBC1D25	-0.9320599999999999	8.395673819777464e-06	4.06135826818149e-05
HAX1	0.7297400000000014	8.395673819777464e-06	4.06135826818149e-05
PAK3	-0.8260899999999998	8.395673819777464e-06	4.06135826818149e-05
TMEM2	1.294645	8.395673819777464e-06	4.06135826818149e-05
TRIM32	1.1510350000000003	8.395673819777464e-06	4.06135826818149e-05
KNL1	2.263065	8.395673819777464e-06	4.06135826818149e-05
GALNT8	-0.701505	8.395673819777464e-06	4.06135826818149e-05
RPL31	-0.40834999999999866	8.395487249977218e-06	4.06135826818149e-05
FCGBP	-5.089004999999999	8.395673819777464e-06	4.06135826818149e-05
LPXN	2.1722849999999996	8.395673819777464e-06	4.06135826818149e-05
EIF4G2	0.43979999999999997	8.395300683540561e-06	4.06135826818149e-05
MRPS35	0.7332750000000008	8.395673819777464e-06	4.06135826818149e-05
ZNF579	-1.0064149999999996	8.701700576326984e-06	4.18153857608936e-05
GTF2IRD1	0.8030249999999999	8.701700576326984e-06	4.18153857608936e-05
SCN7A	-0.5208150000000002	8.701700576326984e-06	4.18153857608936e-05
MYSM1	1.1932099999999997	8.701700576326984e-06	4.18153857608936e-05
ZNF575	-0.9512	8.701700576326984e-06	4.18153857608936e-05
STK40	-0.928185	8.701700576326984e-06	4.18153857608936e-05
PSEN1	0.8561049999999994	8.701700576326984e-06	4.18153857608936e-05
TTLL3	-1.0447050000000004	8.701700576326984e-06	4.18153857608936e-05
TCTN3	1.4744949999999992	8.701700576326984e-06	4.18153857608936e-05
CKMT2-AS1	-1.1985900000000003	8.701700576326984e-06	4.18153857608936e-05
KIF15	3.0751949999999995	8.701700576326984e-06	4.18153857608936e-05
TMEM200B	-2.3268850000000008	8.701700576326984e-06	4.18153857608936e-05
CSTB	1.1866000000000003	8.701700576326984e-06	4.18153857608936e-05
AKR1E2	-0.553164999999999	8.701700576326984e-06	4.18153857608936e-05
RBM10	-0.8849649999999993	8.701700576326984e-06	4.18153857608936e-05
EMC10	0.6152250000000006	8.701700576326984e-06	4.18153857608936e-05
LOC101930071	-0.5964850000000004	8.701700576326984e-06	4.18153857608936e-05
GIGYF2	1.2673750000000004	8.701700576326984e-06	4.18153857608936e-05
MIR100HG	-3.1565700000000003	8.701700576326984e-06	4.18153857608936e-05
ERP27	4.661334999999999	8.701700576326984e-06	4.18153857608936e-05
TFE3	-0.8667700000000007	9.018370287243094e-06	4.305219372496522e-05
PYCR1	0.9588650000000003	9.018370287243094e-06	4.305219372496522e-05
GLDN	-1.9019399999999997	9.018370287243094e-06	4.305219372496522e-05
LINC00957	-0.7720549999999999	9.017573976330913e-06	4.305219372496522e-05
PNN	0.5569499999999987	9.018171204174948e-06	4.305219372496522e-05
MICU3	-1.3400250000000002	9.018370287243094e-06	4.305219372496522e-05
NAP1L2	-0.9036949999999999	9.018370287243094e-06	4.305219372496522e-05
TOMM34	0.7625349999999997	9.018370287243094e-06	4.305219372496522e-05
WWP2	-1.35337	9.018370287243094e-06	4.305219372496522e-05
SLC25A24	0.5038600000000013	9.018370287243094e-06	4.305219372496522e-05
LOC101930404	-2.0385050000000007	9.018370287243094e-06	4.305219372496522e-05
NEIL2	-1.0041700000000002	9.018370287243094e-06	4.305219372496522e-05
SLC15A4	0.7628750000000011	9.018370287243094e-06	4.305219372496522e-05
TCEAL7	-1.4398650000000002	9.018370287243094e-06	4.305219372496522e-05
SYT9	-0.3046300000000004	9.018370287243094e-06	4.305219372496522e-05
SET	0.41300000000000026	9.018370287243094e-06	4.305219372496522e-05
EXPH5	2.6831750000000003	9.018370287243094e-06	4.305219372496522e-05
EVI2A	1.6828950000000011	9.018370287243094e-06	4.305219372496522e-05
TNRC6A	1.29413	9.018370287243094e-06	4.305219372496522e-05
MOGS	0.6960499999999996	9.018171204174948e-06	4.305219372496522e-05
RASEF	-1.5516500000000004	9.346033727635581e-06	4.426715648816827e-05
PPM1A	0.9271549999999991	9.346033727635581e-06	4.426715648816827e-05
MPRIP	-0.7639549999999993	9.346033727635581e-06	4.426715648816827e-05
RCBTB1	1.2484900000000012	9.346033727635581e-06	4.426715648816827e-05
SDF2L1	1.1261099999999997	9.346033727635581e-06	4.426715648816827e-05
TUBB3	1.1955099999999987	9.346033727635581e-06	4.426715648816827e-05
WDR6	-1.186119999999999	9.346033727635581e-06	4.426715648816827e-05
PKMYT1	1.9723649999999995	9.346033727635581e-06	4.426715648816827e-05
TDRKH	1.7431799999999997	9.346033727635581e-06	4.426715648816827e-05
SARDH	-0.5513100000000004	9.346033727635581e-06	4.426715648816827e-05
GNA11	-0.6490400000000012	9.346033727635581e-06	4.426715648816827e-05
CCDC171	-0.48355999999999977	9.346033727635581e-06	4.426715648816827e-05
ZNF423	-1.9090099999999994	9.346033727635581e-06	4.426715648816827e-05
FOXK2	1.208425	9.346033727635581e-06	4.426715648816827e-05
VTA1	0.9625649999999997	9.345828095793486e-06	4.426715648816827e-05
MIR205	-1.527975	9.346033727635581e-06	4.426715648816827e-05
PRICKLE2	-2.3868899999999993	9.345828095793486e-06	4.426715648816827e-05
RPARP-AS1	-1.3473999999999995	9.346033727635581e-06	4.426715648816827e-05
OXNAD1	0.6565350000000008	9.346033727635581e-06	4.426715648816827e-05
EPN2-AS1	-0.5003850000000005	9.346033727635581e-06	4.426715648816827e-05
CBX1	0.8872900000000001	9.346033727635581e-06	4.426715648816827e-05
RNASET2	0.8498300000000008	9.346033727635581e-06	4.426715648816827e-05
BICDL1	1.5554000000000006	9.346033727635581e-06	4.426715648816827e-05
LRRC40	0.9392749999999985	9.346033727635581e-06	4.426715648816827e-05
AHI1	-1.1352449999999994	9.68505252849417e-06	4.566439377233517e-05
SLC26A7	-0.5538500000000002	9.68505252849417e-06	4.566439377233517e-05
LOC100506472	-0.6018299999999996	9.68505252849417e-06	4.566439377233517e-05
COX19	-0.6140549999999996	9.684840145648737e-06	4.566439377233517e-05
TMEM63A	1.4153199999999995	9.68505252849417e-06	4.566439377233517e-05
GNAO1	-0.5626600000000002	9.68505252849417e-06	4.566439377233517e-05
IQGAP3	2.807785	9.68505252849417e-06	4.566439377233517e-05
PGD	1.8021949999999993	9.68505252849417e-06	4.566439377233517e-05
SERPINE1	1.7529899999999996	9.68505252849417e-06	4.566439377233517e-05
ADGRG5	-0.7214549999999997	9.68505252849417e-06	4.566439377233517e-05
AP1M2	2.0654649999999997	9.68505252849417e-06	4.566439377233517e-05
CDK2AP1	0.828949999999999	9.684840145648737e-06	4.566439377233517e-05
AP2S1	0.6961600000000008	9.68505252849417e-06	4.566439377233517e-05
CCM2L	-2.95751	9.68505252849417e-06	4.566439377233517e-05
ING2	1.157655	1.0035799488015978e-05	4.701286456934453e-05
VPS41	1.13082	1.0035799488015978e-05	4.701286456934453e-05
LOC105378577	-1.8394500000000003	1.0035799488015978e-05	4.701286456934453e-05
STX1A	0.6467450000000001	1.0035799488015978e-05	4.701286456934453e-05
SYCE1L	-1.868360000000001	1.0035799488015978e-05	4.701286456934453e-05
MEDAG	-1.6350799999999994	1.0035799488015978e-05	4.701286456934453e-05
TMTC4	1.8856099999999998	1.0035799488015978e-05	4.701286456934453e-05
EMC9	0.9408500000000002	1.0035799488015978e-05	4.701286456934453e-05
NMI	1.4332100000000008	1.003558014615309e-05	4.701286456934453e-05
LOC100133089	-0.7544049999999998	1.0035799488015978e-05	4.701286456934453e-05
AMZ2P1	1.4952499999999995	1.0035799488015978e-05	4.701286456934453e-05
NT5DC1	1.1375450000000003	1.0035799488015978e-05	4.701286456934453e-05
OAF	-1.2899350000000007	1.0035799488015978e-05	4.701286456934453e-05
ZNF792	-0.4554900000000002	1.0035799488015978e-05	4.701286456934453e-05
HJURP	3.504485	1.0035799488015978e-05	4.701286456934453e-05
ADAM17	0.8456300000000017	1.0035799488015978e-05	4.701286456934453e-05
SENP7	-0.7279349999999987	1.0035799488015978e-05	4.701286456934453e-05
SMAD4	1.9820699999999993	1.0035799488015978e-05	4.701286456934453e-05
RAB6A	-0.6825700000000001	1.0035799488015978e-05	4.701286456934453e-05
MAPK1	0.8071900000000003	1.0035799488015978e-05	4.701286456934453e-05
RMI2	2.55957	1.0398658891036428e-05	4.855605286676238e-05
DCAF17	0.7300500000000003	1.0398658891036428e-05	4.855605286676238e-05
PMAIP1	2.9862200000000003	1.0398658891036428e-05	4.855605286676238e-05
MAGED1	1.1451000000000011	1.0398658891036428e-05	4.855605286676238e-05
NSUN5P2	-0.7759	1.0398658891036428e-05	4.855605286676238e-05
FREM1	-1.5304800000000003	1.0398432376207049e-05	4.855605286676238e-05
GPR160	3.8431800000000003	1.0398432376207049e-05	4.855605286676238e-05
PARP6	-0.6362200000000016	1.0398658891036428e-05	4.855605286676238e-05
ACADL	-1.2508200000000005	1.0398658891036428e-05	4.855605286676238e-05
FAF2	0.5148900000000012	1.0398658891036428e-05	4.855605286676238e-05
RAB28	-0.7088000000000019	1.0774026836748973e-05	5.003531107235964e-05
RAB25	0.9339950000000012	1.0773325125542679e-05	5.003531107235964e-05
LOC100131541	-1.7151099999999992	1.0774026836748973e-05	5.003531107235964e-05
PCDHGA1	-1.1746400000000001	1.0774026836748973e-05	5.003531107235964e-05
FTO	-1.21936	1.0774026836748973e-05	5.003531107235964e-05
CHUK	1.1549999999999994	1.0774026836748973e-05	5.003531107235964e-05
HHCM	-0.32549499999999965	1.0773792928915803e-05	5.003531107235964e-05
MAP1A	-1.930155	1.0774026836748973e-05	5.003531107235964e-05
PACRGL	1.5554449999999997	1.0774026836748973e-05	5.003531107235964e-05
LINC00523	-0.699395	1.0774026836748973e-05	5.003531107235964e-05
ARF3	1.0158799999999992	1.0774026836748973e-05	5.003531107235964e-05
ST3GAL3	-1.1030599999999993	1.0774026836748973e-05	5.003531107235964e-05
ATP5D	-0.7292900000000007	1.0774026836748973e-05	5.003531107235964e-05
EFCAB11	1.3657500000000002	1.0774026836748973e-05	5.003531107235964e-05
CENPM	2.4041050000000004	1.0773792928915803e-05	5.003531107235964e-05
UAP1	0.9664800000000007	1.0773792928915803e-05	5.003531107235964e-05
SLC38A6	2.081244999999999	1.0774026836748973e-05	5.003531107235964e-05
ESAM	-1.5291149999999991	1.1162311574901028e-05	5.1460028155781816e-05
MTPAP	0.5620200000000004	1.1162311574901028e-05	5.1460028155781816e-05
PPARGC1A	-0.5014399999999997	1.1162311574901028e-05	5.1460028155781816e-05
OLMALINC	1.2768899999999999	1.1162311574901028e-05	5.1460028155781816e-05
BIN1	-1.8127500000000012	1.1162311574901028e-05	5.1460028155781816e-05
MSX1	-1.6237599999999999	1.1162311574901028e-05	5.1460028155781816e-05
ARID4B	0.7434400000000014	1.1162070047781405e-05	5.1460028155781816e-05
SHCBP1	2.79233	1.1162311574901028e-05	5.1460028155781816e-05
KIAA1033	1.0477049999999988	1.1162311574901028e-05	5.1460028155781816e-05
SNORD114-3	-1.643955	1.1162311574901028e-05	5.1460028155781816e-05
CXCL2	-2.8359049999999995	1.1162311574901028e-05	5.1460028155781816e-05
MOV10	1.2410050000000012	1.1162311574901028e-05	5.1460028155781816e-05
PDGFRA	-1.5259	1.1162311574901028e-05	5.1460028155781816e-05
BCL10	0.669884999999999	1.1162311574901028e-05	5.1460028155781816e-05
DTNB	-1.0470500000000005	1.1162311574901028e-05	5.1460028155781816e-05
AP5M1	0.8247499999999999	1.1162070047781405e-05	5.1460028155781816e-05
FOXM1	2.7489	1.1162311574901028e-05	5.1460028155781816e-05
LOC101928551	-0.4760950000000004	1.1162311574901028e-05	5.1460028155781816e-05
NEURL3	-1.8600950000000003	1.1162311574901028e-05	5.1460028155781816e-05
C12orf75	1.7159699999999996	1.1162311574901028e-05	5.1460028155781816e-05
DDX60	1.6933100000000003	1.1162311574901028e-05	5.1460028155781816e-05
SDHB	1.3808249999999997	1.1162311574901028e-05	5.1460028155781816e-05
FCRL2	-2.6239350000000004	1.1162311574901028e-05	5.1460028155781816e-05
CYP2D6	-0.7062499999999998	1.1563933850658109e-05	5.2991936692728645e-05
TMEM263	0.9808199999999996	1.156368447156361e-05	5.2991936692728645e-05
ZNF436-AS1	-1.974005	1.1563933850658109e-05	5.2991936692728645e-05
CEP112	-0.8644100000000003	1.1563933850658109e-05	5.2991936692728645e-05
WDR1	0.6983000000000015	1.1563933850658109e-05	5.2991936692728645e-05
RAMP2	-1.4565000000000001	1.1563933850658109e-05	5.2991936692728645e-05
GNPDA1	0.6130399999999998	1.1563933850658109e-05	5.2991936692728645e-05
PINX1	-0.7114349999999998	1.1563933850658109e-05	5.2991936692728645e-05
GTF2H4	1.047565	1.1563933850658109e-05	5.2991936692728645e-05
RPL37	-0.3664000000000005	1.1563933850658109e-05	5.2991936692728645e-05
SNHG19	-1.7124250000000014	1.1563933850658109e-05	5.2991936692728645e-05
DMAP1	-1.1874149999999997	1.1563933850658109e-05	5.2991936692728645e-05
BDH2	-0.9786000000000001	1.1563933850658109e-05	5.2991936692728645e-05
PRPF40A	0.5562000000000005	1.1563435096801784e-05	5.2991936692728645e-05
PLA2G6	-0.8290350000000002	1.1563933850658109e-05	5.2991936692728645e-05
SLC12A8	1.5558649999999998	1.1563933850658109e-05	5.2991936692728645e-05
FLJ41455	-1.2473200000000002	1.1563933850658109e-05	5.2991936692728645e-05
PALMD	-2.78123	1.1563933850658109e-05	5.2991936692728645e-05
DAAM2	-1.5067450000000004	1.1563933850658109e-05	5.2991936692728645e-05
HOOK1	1.6205599999999984	1.1979327258330462e-05	5.4551204278919714e-05
JRK	-0.8998349999999995	1.1979327258330462e-05	5.4551204278919714e-05
STX8	-0.9843650000000004	1.1979327258330462e-05	5.4551204278919714e-05
GPER1	-1.4071099999999999	1.1979327258330462e-05	5.4551204278919714e-05
COL7A1	-1.6673800000000005	1.1979327258330462e-05	5.4551204278919714e-05
PGM2	0.9713349999999998	1.1979327258330462e-05	5.4551204278919714e-05
MKLN1	1.2122650000000004	1.1979327258330462e-05	5.4551204278919714e-05
CDK16	0.87331	1.1979327258330462e-05	5.4551204278919714e-05
HGF	-1.95758	1.1979327258330462e-05	5.4551204278919714e-05
ORAI2	1.1342599999999994	1.1979327258330462e-05	5.4551204278919714e-05
SQRDL	0.90958	1.1979069788002713e-05	5.4551204278919714e-05
EMC8	1.360174999999999	1.1979327258330462e-05	5.4551204278919714e-05
VPS50	0.7456649999999998	1.1979327258330462e-05	5.4551204278919714e-05
ST6GALNAC4	0.8848599999999998	1.1979327258330462e-05	5.4551204278919714e-05
RNF4	0.5477650000000018	1.1979069788002713e-05	5.4551204278919714e-05
ATP6V0D1	0.635254999999999	1.1979327258330462e-05	5.4551204278919714e-05
MMP14	0.9217700000000004	1.1979327258330462e-05	5.4551204278919714e-05
WTIP	-1.6172900000000006	1.1979327258330462e-05	5.4551204278919714e-05
UBC	0.531699999999999	1.1979327258330462e-05	5.4551204278919714e-05
PRPS1	1.1744449999999995	1.1979327258330462e-05	5.4551204278919714e-05
CACNA1G	-1.2741300000000004	1.2408672796604174e-05	5.6172882297266026e-05
P2RY12	-0.7029100000000001	1.2408672796604174e-05	5.6172882297266026e-05
KRT5	-5.03628	1.2408938604161233e-05	5.6172882297266026e-05
ZGRF1	-0.8461300000000005	1.2408938604161233e-05	5.6172882297266026e-05
MUC4	-0.4220450000000002	1.2408672796604174e-05	5.6172882297266026e-05
BASP1	1.4800050000000002	1.2408938604161233e-05	5.6172882297266026e-05
AGPAT3	1.0431250000000007	1.2408938604161233e-05	5.6172882297266026e-05
LRRC58	0.572965	1.2408938604161233e-05	5.6172882297266026e-05
POFUT1	-0.3957999999999995	1.2408672796604174e-05	5.6172882297266026e-05
RNF40	0.5473150000000002	1.2408938604161233e-05	5.6172882297266026e-05
RAB31	1.6156699999999997	1.2408938604161233e-05	5.6172882297266026e-05
EDEM2	0.5482800000000001	1.2408938604161233e-05	5.6172882297266026e-05
RPL36AL	-0.6382499999999993	1.2408406993627028e-05	5.6172882297266026e-05
RER1	0.5214949999999998	1.2408938604161233e-05	5.6172882297266026e-05
CARMIL3	-0.8026699999999991	1.2408672796604174e-05	5.6172882297266026e-05
C3AR1	1.323505	1.2408938604161233e-05	5.6172882297266026e-05
ZHX3	-0.24881000000000064	1.2408672796604174e-05	5.6172882297266026e-05
ZNF441	-0.648555	1.2408938604161233e-05	5.6172882297266026e-05
ZNF133	-1.1603849999999998	1.2408938604161233e-05	5.6172882297266026e-05
LAPTM5	1.4810499999999998	1.2628949264268453e-05	5.715101315540868e-05
SPATA32	-0.32254999999999967	1.2853228278377213e-05	5.7805692492596435e-05
THAP9-AS1	1.2364050000000013	1.2853228278377213e-05	5.7805692492596435e-05
STAT5B	-1.6629300000000011	1.2853228278377213e-05	5.7805692492596435e-05
PROSC	1.434285000000001	1.2853228278377213e-05	5.7805692492596435e-05
ELMOD3	-1.63082	1.2853228278377213e-05	5.7805692492596435e-05
FAM117B	1.7565850000000003	1.2853228278377213e-05	5.7805692492596435e-05
RNF213	1.6617300000000004	1.2853228278377213e-05	5.7805692492596435e-05
TENM2	-3.8979350000000004	1.2853228278377213e-05	5.7805692492596435e-05
RPL7AP10	-0.8410400000000013	1.2853228278377213e-05	5.7805692492596435e-05
GMPS	1.2443549999999988	1.2853228278377213e-05	5.7805692492596435e-05
RAB11FIP1	2.470514999999999	1.2853228278377213e-05	5.7805692492596435e-05
THRAP3	-0.49843999999999866	1.2853228278377213e-05	5.7805692492596435e-05
C5orf45	-0.5838350000000005	1.2853228278377213e-05	5.7805692492596435e-05
CACNA1C	-0.5016699999999998	1.2853228278377213e-05	5.7805692492596435e-05
CXCL14	-3.6716000000000015	1.2853228278377213e-05	5.7805692492596435e-05
NDUFV1	-0.9223999999999997	1.2853228278377213e-05	5.7805692492596435e-05
MGC27345	-0.8978349999999997	1.2853228278377213e-05	5.7805692492596435e-05
SPX	-3.4440749999999998	1.2853228278377213e-05	5.7805692492596435e-05
ARHGAP32	2.4743699999999995	1.2853228278377213e-05	5.7805692492596435e-05
EHD1	-0.6724550000000011	1.2853228278377213e-05	5.7805692492596435e-05
INSIG2	1.0533399999999995	1.331267063670908e-05	5.961350693379256e-05
KCNK1	3.03887	1.331267063670908e-05	5.961350693379256e-05
SH3BP5-AS1	-1.0061300000000006	1.331267063670908e-05	5.961350693379256e-05
PLAGL2	2.0546399999999996	1.331267063670908e-05	5.961350693379256e-05
VPS13A	1.4392650000000007	1.331267063670908e-05	5.961350693379256e-05
C3orf14	1.7393199999999993	1.331267063670908e-05	5.961350693379256e-05
NIT2	0.7118699999999993	1.331267063670908e-05	5.961350693379256e-05
METTL4	0.7656150000000004	1.331267063670908e-05	5.961350693379256e-05
SCUBE1	-0.55124	1.331267063670908e-05	5.961350693379256e-05
SOD2	-1.3571650000000002	1.331267063670908e-05	5.961350693379256e-05
MRPL58	0.8827050000000005	1.331267063670908e-05	5.961350693379256e-05
VPS4A	-0.9260650000000012	1.331267063670908e-05	5.961350693379256e-05
MZT1	0.8691650000000006	1.331267063670908e-05	5.961350693379256e-05
CREB3	0.7340249999999999	1.331267063670908e-05	5.961350693379256e-05
SLC16A7	-2.748989999999999	1.3787754391588403e-05	6.157003975235142e-05
ZNF462	-1.6160500000000004	1.3787754391588403e-05	6.157003975235142e-05
IL17C	-0.37039500000000025	1.378746202639586e-05	6.157003975235142e-05
PSME3	0.9397400000000005	1.3787754391588403e-05	6.157003975235142e-05
SPCS1	0.7684499999999996	1.378746202639586e-05	6.157003975235142e-05
ADAMTSL1	-0.612555	1.3787754391588403e-05	6.157003975235142e-05
DARS2	1.5253350000000006	1.3787754391588403e-05	6.157003975235142e-05
KRT8	1.6487600000000011	1.3787754391588403e-05	6.157003975235142e-05
ZXDA	-0.724955	1.3787754391588403e-05	6.157003975235142e-05
SEPHS2	1.0192499999999995	1.4030427475395125e-05	6.263445059873595e-05
MLF1	1.1148249999999997	1.4278983013236479e-05	6.335453446936149e-05
STX19	-0.7124099999999998	1.4278983013236479e-05	6.335453446936149e-05
RSRC2	0.7909700000000015	1.4278983013236479e-05	6.335453446936149e-05
TCEAL8	0.978275	1.4278983013236479e-05	6.335453446936149e-05
E2F6	1.2048049999999995	1.4278983013236479e-05	6.335453446936149e-05
NUMA1	-1.0685450000000003	1.4278983013236479e-05	6.335453446936149e-05
BAG3	1.3230400000000007	1.4278983013236479e-05	6.335453446936149e-05
RGMA	-3.2276200000000004	1.4278983013236479e-05	6.335453446936149e-05
MYL9	-1.5820599999999985	1.4278983013236479e-05	6.335453446936149e-05
ZNF668	0.4234549999999997	1.4278983013236479e-05	6.335453446936149e-05
CHAMP1	1.172085000000001	1.4278983013236479e-05	6.335453446936149e-05
ADRM1	0.9089200000000011	1.4278983013236479e-05	6.335453446936149e-05
CENPW	2.7537449999999994	1.4278983013236479e-05	6.335453446936149e-05
FYB	1.73142	1.4278983013236479e-05	6.335453446936149e-05
CASR	-0.21060500000000015	1.4278983013236479e-05	6.335453446936149e-05
PRX	-1.33208	1.4278983013236479e-05	6.335453446936149e-05
GRAMD1C	-2.253784999999999	1.4278983013236479e-05	6.335453446936149e-05
NDUFB6	0.5596000000000014	1.4278983013236479e-05	6.335453446936149e-05
SMAD7	2.082935	1.4278983013236479e-05	6.335453446936149e-05
COA4	0.6199449999999995	1.4278983013236479e-05	6.335453446936149e-05
SLC39A4	2.524440000000001	1.4786875140859078e-05	6.52491646294608e-05
FGF7P3	-1.62298	1.4786875140859078e-05	6.52491646294608e-05
ECM2	-1.9838000000000005	1.4786875140859078e-05	6.52491646294608e-05
ZNF639	1.3893199999999997	1.4786875140859078e-05	6.52491646294608e-05
RALGDS	-0.9864949999999997	1.4786875140859078e-05	6.52491646294608e-05
ECE1	-0.8867200000000004	1.4786875140859078e-05	6.52491646294608e-05
SYT2	-0.6916900000000004	1.4786563709179828e-05	6.52491646294608e-05
CTSD	1.0730700000000013	1.4786875140859078e-05	6.52491646294608e-05
LOC100507520	-1.0421649999999998	1.4786875140859078e-05	6.52491646294608e-05
ANKRD13C	0.6201150000000002	1.4786875140859078e-05	6.52491646294608e-05
MYL12A	0.6705499999999986	1.4786875140859078e-05	6.52491646294608e-05
C1QBP	0.8930699999999998	1.4786563709179828e-05	6.52491646294608e-05
NIT1	0.7450150000000004	1.4786875140859078e-05	6.52491646294608e-05
GPAT3	-2.429635	1.4786875140859078e-05	6.52491646294608e-05
C17orf51	-0.5292500000000002	1.4786875140859078e-05	6.52491646294608e-05
NSL1	0.6148349999999994	1.4786875140859078e-05	6.52491646294608e-05
PC	-2.0918649999999994	1.4786875140859078e-05	6.52491646294608e-05
ASUN	0.7797400000000003	1.4786875140859078e-05	6.52491646294608e-05
RBM26-AS1	-0.571475	1.5046919968253848e-05	6.637647988425953e-05
SDHAF2	0.6144300000000005	1.5311965004169695e-05	6.707703040438984e-05
IMPDH2	-1.6271500000000003	1.5311643607922582e-05	6.707703040438984e-05
ABCB4	-1.939905	1.5311965004169695e-05	6.707703040438984e-05
GIMAP1	-2.0295699999999997	1.5311965004169695e-05	6.707703040438984e-05
IRX5	1.609255	1.5311965004169695e-05	6.707703040438984e-05
CCNT2	0.7056849999999999	1.5311965004169695e-05	6.707703040438984e-05
CHMP4A	-0.7573500000000006	1.5311965004169695e-05	6.707703040438984e-05
KIAA1551	1.4201999999999995	1.5311965004169695e-05	6.707703040438984e-05
CNEP1R1	0.9899049999999994	1.5311965004169695e-05	6.707703040438984e-05
UCK1	-0.8443749999999994	1.5311965004169695e-05	6.707703040438984e-05
AKT3	-1.5091400000000004	1.5311965004169695e-05	6.707703040438984e-05
TRIM26	0.924294999999999	1.5311965004169695e-05	6.707703040438984e-05
ADIRF	-2.456035	1.5311643607922582e-05	6.707703040438984e-05
PRRG4	1.6249049999999992	1.5311965004169695e-05	6.707703040438984e-05
AZIN1	1.1340900000000005	1.5311322217075168e-05	6.707703040438984e-05
IRF7	1.9232999999999993	1.5311965004169695e-05	6.707703040438984e-05
RHOC	0.8552800000000005	1.5311965004169695e-05	6.707703040438984e-05
PHLPP2	1.2390949999999998	1.5311965004169695e-05	6.707703040438984e-05
ORC2	1.337155	1.5311965004169695e-05	6.707703040438984e-05
NBEAL1	-0.4250000000000007	1.5311322217075168e-05	6.707703040438984e-05
HTR6	-0.2606200000000003	1.5311965004169695e-05	6.707703040438984e-05
LRRC41	0.8471950000000001	1.5311965004169695e-05	6.707703040438984e-05
ATG7	0.5953550000000005	1.5311965004169695e-05	6.707703040438984e-05
ARMC8	1.3904300000000003	1.5854802855462966e-05	6.897646706621726e-05
LSM3	0.6079500000000007	1.5854471196470237e-05	6.897646706621726e-05
BCL6	-1.3886500000000002	1.5854471196470237e-05	6.897646706621726e-05
STOX2	-2.22407	1.5854802855462966e-05	6.897646706621726e-05
C1QTNF6	1.5283650000000004	1.5854802855462966e-05	6.897646706621726e-05
MUC5AC	-0.7488000000000006	1.5854471196470237e-05	6.897646706621726e-05
ANKRD36B	1.2227750000000004	1.5854802855462966e-05	6.897646706621726e-05
RNF111	1.2051250000000007	1.5854802855462966e-05	6.897646706621726e-05
ATP13A1	0.6344499999999993	1.5854802855462966e-05	6.897646706621726e-05
CHL1	-2.0829199999999997	1.5854802855462966e-05	6.897646706621726e-05
BPNT1	1.250515	1.5854802855462966e-05	6.897646706621726e-05
DMWD	-0.6277300000000006	1.5854802855462966e-05	6.897646706621726e-05
HBS1L	1.3755100000000002	1.5854802855462966e-05	6.897646706621726e-05
CHST11	1.853254999999999	1.5854802855462966e-05	6.897646706621726e-05
LOC654780	-0.931305	1.5854802855462966e-05	6.897646706621726e-05
SLC9A5	-0.870145	1.5854802855462966e-05	6.897646706621726e-05
MYO15B	-2.5951900000000006	1.5854802855462966e-05	6.897646706621726e-05
FADD	0.9360150000000003	1.5854802855462966e-05	6.897646706621726e-05
EPHB1	-2.148755	1.5854802855462966e-05	6.897646706621726e-05
FUT7	-0.794905	1.5854802855462966e-05	6.897646706621726e-05
BYSL	1.157585	1.5854802855462966e-05	6.897646706621726e-05
NUP50	0.6798450000000003	1.5854802855462966e-05	6.897646706621726e-05
GS1-124K5.11	-0.45613999999999955	1.5854802855462966e-05	6.897646706621726e-05
HDAC7	-0.9170499999999997	1.641595541246844e-05	7.097127255131487e-05
EFNA4	1.1443700000000012	1.641595541246844e-05	7.097127255131487e-05
ATG101	0.7725400000000002	1.641595541246844e-05	7.097127255131487e-05
EML4	1.1769600000000002	1.641595541246844e-05	7.097127255131487e-05
S100A7A	-0.5831900000000001	1.641595541246844e-05	7.097127255131487e-05
VAMP2	-1.3972800000000003	1.641595541246844e-05	7.097127255131487e-05
OTUD5	-0.3695050000000002	1.641595541246844e-05	7.097127255131487e-05
STK16	0.9578900000000004	1.641595541246844e-05	7.097127255131487e-05
DSEL	-2.6472999999999995	1.641595541246844e-05	7.097127255131487e-05
ABCA6	-2.0931550000000003	1.641595541246844e-05	7.097127255131487e-05
NOXA1	-1.048425	1.641595541246844e-05	7.097127255131487e-05
MAD1L1	1.3825450000000012	1.641595541246844e-05	7.097127255131487e-05
ADPRM	-0.4965049999999991	1.641595541246844e-05	7.097127255131487e-05
DBNDD1	1.5255900000000002	1.641595541246844e-05	7.097127255131487e-05
TMX4	-1.1393899999999988	1.641595541246844e-05	7.097127255131487e-05
HCK	2.12707	1.641595541246844e-05	7.097127255131487e-05
RNF139	1.0609099999999998	1.641595541246844e-05	7.097127255131487e-05
MIR1282	0.7417499999999997	1.6415613184333036e-05	7.097127255131487e-05
TMEM138	1.2507749999999982	1.641595541246844e-05	7.097127255131487e-05
SRL	-0.2964000000000002	1.641595541246844e-05	7.097127255131487e-05
PRSS23	1.6072699999999998	1.641595541246844e-05	7.097127255131487e-05
YME1L1	0.4852500000000006	1.699530009387512e-05	7.323917022729082e-05
COX7B	0.6484499999999986	1.699600631221389e-05	7.323917022729082e-05
SEPT8	1.091854999999999	1.699600631221389e-05	7.323917022729082e-05
DCTPP1	0.9044850000000011	1.699600631221389e-05	7.323917022729082e-05
FAM150B	-1.6694000000000004	1.699600631221389e-05	7.323917022729082e-05
NUP35	1.0658200000000004	1.699600631221389e-05	7.323917022729082e-05
EPC2	-0.6286249999999995	1.699600631221389e-05	7.323917022729082e-05
BMP5	-0.29047	1.699600631221389e-05	7.323917022729082e-05
CTBS	1.0605599999999988	1.699600631221389e-05	7.323917022729082e-05
ERGIC1	1.4666800000000002	1.699600631221389e-05	7.323917022729082e-05
GLOD4	1.1175199999999998	1.699600631221389e-05	7.323917022729082e-05
LOC100996792	-1.1087950000000006	1.759555657613588e-05	7.535319156551025e-05
NAMPT	1.27215	1.759555657613588e-05	7.535319156551025e-05
C2orf81	-1.1859350000000006	1.759555657613588e-05	7.535319156551025e-05
LLGL2	1.6978599999999995	1.759555657613588e-05	7.535319156551025e-05
INF2	-1.066725	1.759555657613588e-05	7.535319156551025e-05
ZC3H6	-1.44144	1.759555657613588e-05	7.535319156551025e-05
C19orf53	0.4637600000000006	1.759555657613588e-05	7.535319156551025e-05
CARD6	-1.1419750000000004	1.759555657613588e-05	7.535319156551025e-05
NDUFC2-KCTD14	1.0134499999999989	1.759555657613588e-05	7.535319156551025e-05
LOXL1	1.6601250000000007	1.759555657613588e-05	7.535319156551025e-05
UFL1	1.2405899999999992	1.759555657613588e-05	7.535319156551025e-05
DCUN1D5	0.9401699999999984	1.759555657613588e-05	7.535319156551025e-05
RUBCN	0.9275249999999993	1.759555657613588e-05	7.535319156551025e-05
CDK12	1.213124999999999	1.759555657613588e-05	7.535319156551025e-05
SORD	2.2103099999999998	1.759555657613588e-05	7.535319156551025e-05
OXSR1	1.3384350000000014	1.759555657613588e-05	7.535319156551025e-05
MAPK3	-0.7729299999999988	1.759555657613588e-05	7.535319156551025e-05
OCLN	2.0749449999999996	1.759555657613588e-05	7.535319156551025e-05
DTWD1	-1.452040000000002	1.759555657613588e-05	7.535319156551025e-05
NRSN2	0.42589500000000013	1.759555657613588e-05	7.535319156551025e-05
JKAMP	1.0650899999999979	1.759555657613588e-05	7.535319156551025e-05
ND2	1.2318999999999996	1.821409752756085e-05	7.743603592174812e-05
EIF3I	0.6694500000000012	1.8214849227455205e-05	7.743603592174812e-05
SRPRB	1.2964899999999986	1.8215225086674808e-05	7.743603592174812e-05
IMP3	0.7263949999999983	1.8215225086674808e-05	7.743603592174812e-05
DHRSX	1.033875	1.8215225086674808e-05	7.743603592174812e-05
PPME1	0.7979899999999986	1.8215225086674808e-05	7.743603592174812e-05
TMSB4X	0.6236999999999995	1.8215225086674808e-05	7.743603592174812e-05
CAPN6	-4.1090599999999995	1.8214849227455205e-05	7.743603592174812e-05
HSD17B1	-1.0482799999999992	1.8215225086674808e-05	7.743603592174812e-05
PIGC	0.9036600000000004	1.8214849227455205e-05	7.743603592174812e-05
EWSAT1	-0.7567499999999998	1.8215225086674808e-05	7.743603592174812e-05
ERMAP	-1.1777199999999999	1.8215225086674808e-05	7.743603592174812e-05
ADCY7	1.6816099999999992	1.8215225086674808e-05	7.743603592174812e-05
AIMP1	0.38785999999999987	1.8215225086674808e-05	7.743603592174812e-05
LOC105372840	-0.3652500000000001	1.8215225086674808e-05	7.743603592174812e-05
PSMD7	0.9053899999999988	1.8215225086674808e-05	7.743603592174812e-05
ATP5I	-0.6508000000000003	1.8215225086674808e-05	7.743603592174812e-05
TMSB4Y	-0.3242699999999994	1.8214849227455205e-05	7.743603592174812e-05
DOK1	-1.240805	1.8215225086674808e-05	7.743603592174812e-05
HTATIP2	1.1852599999999995	1.8215225086674808e-05	7.743603592174812e-05
EIF3K	-0.61435	1.8215225086674808e-05	7.743603592174812e-05
OSBPL3	1.4858000000000002	1.8215225086674808e-05	7.743603592174812e-05
LEF1	1.6126749999999994	1.8215225086674808e-05	7.743603592174812e-05
KCNT2	-1.4339949999999995	1.8215225086674808e-05	7.743603592174812e-05
GADD45B	2.2105300000000003	1.8214849227455205e-05	7.743603592174812e-05
PLD2	-0.4947999999999997	1.8855649075599873e-05	7.950689195001781e-05
FBXW7	-0.8580500000000004	1.8855649075599873e-05	7.950689195001781e-05
MSMO1	1.307084999999999	1.885526133531783e-05	7.950689195001781e-05
PHTF2	0.6204800000000006	1.8855649075599873e-05	7.950689195001781e-05
TBCB	0.6891500000000015	1.8855649075599873e-05	7.950689195001781e-05
IFI27L1	-0.9914150000000008	1.8855649075599873e-05	7.950689195001781e-05
NOP9	-0.662935	1.8855649075599873e-05	7.950689195001781e-05
ZMYM4	0.7816550000000007	1.8855649075599873e-05	7.950689195001781e-05
EPB41L5	1.32742	1.8855649075599873e-05	7.950689195001781e-05
SNX12	0.9142600000000014	1.8855649075599873e-05	7.950689195001781e-05
ENKD1	-1.376875	1.8855649075599873e-05	7.950689195001781e-05
TRNP1	-1.4384249999999996	1.8855649075599873e-05	7.950689195001781e-05
DDIT4L	-0.9619499999999999	1.8855649075599873e-05	7.950689195001781e-05
C22orf39	-0.47353999999999985	1.8855649075599873e-05	7.950689195001781e-05
ZNF624	-0.38874499999999923	1.8855649075599873e-05	7.950689195001781e-05
PDHX	1.3840500000000002	1.8855649075599873e-05	7.950689195001781e-05
CARMIL2	-0.6885349999999999	1.8855649075599873e-05	7.950689195001781e-05
LOC730268	-0.8244350000000011	1.8855649075599873e-05	7.950689195001781e-05
MFNG	-1.6032250000000001	1.8855649075599873e-05	7.950689195001781e-05
HPS3	0.8482450000000004	1.8855649075599873e-05	7.950689195001781e-05
METTL6	0.8882900000000005	1.8855649075599873e-05	7.950689195001781e-05
POMP	0.7750000000000021	1.8855649075599873e-05	7.950689195001781e-05
ZNF385D	-0.7248749999999999	1.8855649075599873e-05	7.950689195001781e-05
LRRD1	1.21246	1.8855649075599873e-05	7.950689195001781e-05
LHFP	-1.5009200000000007	1.8855649075599873e-05	7.950689195001781e-05
ZNF71	-0.2152750000000001	1.8855649075599873e-05	7.950689195001781e-05
RBM47	1.4519199999999994	1.885526133531783e-05	7.950689195001781e-05
N4BP2L1	-1.0693599999999996	1.8855649075599873e-05	7.950689195001781e-05
LOC102725451	-1.7803699999999996	1.9517484624309246e-05	8.175163302977181e-05
DKK3	-1.5244850000000003	1.9517084652328563e-05	8.175163302977181e-05
IGHV3-23	3.6792700000000007	1.9517484624309246e-05	8.175163302977181e-05
ARFGEF1	0.6815999999999995	1.9517084652328563e-05	8.175163302977181e-05
CC2D2A	-1.5297800000000001	1.9517484624309246e-05	8.175163302977181e-05
TRIP12	0.9714100000000006	1.9517084652328563e-05	8.175163302977181e-05
RBM33	0.5825749999999994	1.9517484624309246e-05	8.175163302977181e-05
OGN	-5.707795000000001	1.9517484624309246e-05	8.175163302977181e-05
ARHGAP10	-0.7926700000000002	1.9517484624309246e-05	8.175163302977181e-05
ZNF79	0.3920200000000005	1.9517484624309246e-05	8.175163302977181e-05
PLLP	-2.5850049999999998	1.9517484624309246e-05	8.175163302977181e-05
UNC13D	-0.8813750000000002	1.9517484624309246e-05	8.175163302977181e-05
ZCCHC14	0.9977750000000007	1.9517484624309246e-05	8.175163302977181e-05
PDE3B	-1.5199749999999996	1.9517084652328563e-05	8.175163302977181e-05
MADD	-0.6199750000000002	1.9517484624309246e-05	8.175163302977181e-05
PLPP4	3.5673949999999994	1.9517484624309246e-05	8.175163302977181e-05
MRPS10	0.5948650000000004	1.9517484624309246e-05	8.175163302977181e-05
SLC2A1-AS1	-0.5920199999999998	1.9517084652328563e-05	8.175163302977181e-05
BRWD3	-0.6468350000000003	1.9517484624309246e-05	8.175163302977181e-05
MIR3610	-0.8315549999999998	1.9517484624309246e-05	8.175163302977181e-05
LRRC37A2	-0.9342049999999986	1.9517484624309246e-05	8.175163302977181e-05
GEN1	1.3301850000000002	1.9517484624309246e-05	8.175163302977181e-05
TPCN1	-1.355525	1.9517484624309246e-05	8.175163302977181e-05
SH2D3A	-0.880585	2.0201407176357632e-05	8.401054840064878e-05
AGPS	1.8071649999999995	2.0201407176357632e-05	8.401054840064878e-05
WBSCR22	0.6216600000000003	2.0201407176357632e-05	8.401054840064878e-05
GCA	1.4691400000000003	2.0201407176357632e-05	8.401054840064878e-05
SUMO1	0.41774999999999984	2.0201407176357632e-05	8.401054840064878e-05
ATP5S	-0.6424300000000001	2.0201407176357632e-05	8.401054840064878e-05
CCDC107	-1.2026949999999994	2.0201407176357632e-05	8.401054840064878e-05
C10orf10	-2.2279850000000003	2.0201407176357632e-05	8.401054840064878e-05
ARHGAP30	1.813065	2.0201407176357632e-05	8.401054840064878e-05
HMGB1	0.4029500000000006	2.0200994612534385e-05	8.401054840064878e-05
LENG8	-1.4582350000000002	2.0201407176357632e-05	8.401054840064878e-05
ZC3H7B	-0.9308250000000005	2.0201407176357632e-05	8.401054840064878e-05
ZNF225	-0.6343700000000005	2.0201407176357632e-05	8.401054840064878e-05
HYMAI	-2.1192399999999996	2.0201407176357632e-05	8.401054840064878e-05
CPE	-1.57733	2.0201407176357632e-05	8.401054840064878e-05
TMEM132A	1.583895	2.0201407176357632e-05	8.401054840064878e-05
MAGOHB	1.4914099999999992	2.0201407176357632e-05	8.401054840064878e-05
RARB	-0.9515999999999996	2.0201407176357632e-05	8.401054840064878e-05
YIPF6	0.511000000000001	2.0200994612534385e-05	8.401054840064878e-05
CDS1	1.4119199999999994	2.0201407176357632e-05	8.401054840064878e-05
HIST1H2AM	0.7328549999999998	2.0201407176357632e-05	8.401054840064878e-05
RNF44	1.0952850000000005	2.0201407176357632e-05	8.401054840064878e-05
NFKB1	0.7841899999999988	2.0201407176357632e-05	8.401054840064878e-05
SLC19A1	1.7463049999999996	2.0201407176357632e-05	8.401054840064878e-05
GNG7	-1.2750000000000004	2.0201407176357632e-05	8.401054840064878e-05
LRP3	-1.1614500000000003	2.0908112062467003e-05	8.660228276416024e-05
RAD51B	-1.228195	2.0908112062467003e-05	8.660228276416024e-05
SEC24B	0.928189999999999	2.0908112062467003e-05	8.660228276416024e-05
MEF2D	-0.7537550000000008	2.0908112062467003e-05	8.660228276416024e-05
CPPED1	1.3075399999999995	2.0908112062467003e-05	8.660228276416024e-05
SMC3	1.4334450000000007	2.0908112062467003e-05	8.660228276416024e-05
ARRB2	0.9050699999999994	2.0908112062467003e-05	8.660228276416024e-05
TCEA1	0.7737499999999997	2.0908112062467003e-05	8.660228276416024e-05
TRAC	3.0644199999999993	2.0908112062467003e-05	8.660228276416024e-05
MMP9	4.352325	2.0908112062467003e-05	8.660228276416024e-05
MANF	0.8121399999999994	2.0908112062467003e-05	8.660228276416024e-05
C5orf22	0.47116000000000113	2.0908112062467003e-05	8.660228276416024e-05
EED	0.8000749999999996	2.0908112062467003e-05	8.660228276416024e-05
ZNFX1	0.7776949999999996	2.0908112062467003e-05	8.660228276416024e-05
CEP57	-1.1916150000000005	2.1638315038277548e-05	8.914371942861462e-05
CES2	-1.3577500000000011	2.1638315038277548e-05	8.914371942861462e-05
SLK	0.9965200000000003	2.1638315038277548e-05	8.914371942861462e-05
ADHFE1	-2.069895	2.1638315038277548e-05	8.914371942861462e-05
CYGB	-1.3326899999999995	2.1637876171147814e-05	8.914371942861462e-05
CNNM4	0.999085	2.1638315038277548e-05	8.914371942861462e-05
TRIM24	0.7723849999999999	2.1638315038277548e-05	8.914371942861462e-05
FAM20C	-1.3900550000000003	2.1638315038277548e-05	8.914371942861462e-05
FLT3LG	-0.9883999999999995	2.1638315038277548e-05	8.914371942861462e-05
KMT2B	1.1804049999999995	2.1638315038277548e-05	8.914371942861462e-05
CCNC	0.7674999999999983	2.1637437311081908e-05	8.914371942861462e-05
HIST1H2AJ	0.6844850000000005	2.1638315038277548e-05	8.914371942861462e-05
ZBTB21	2.1629500000000013	2.1638315038277548e-05	8.914371942861462e-05
ERI3	0.8348599999999999	2.1638315038277548e-05	8.914371942861462e-05
COLGALT1	0.5903049999999999	2.1638315038277548e-05	8.914371942861462e-05
LINC00997	-1.4415900000000001	2.1638315038277548e-05	8.914371942861462e-05
MMP25	-0.4789600000000003	2.1638315038277548e-05	8.914371942861462e-05
HOXD10	-2.0240799999999997	2.1638315038277548e-05	8.914371942861462e-05
CYB561D2	1.2534549999999998	2.1638315038277548e-05	8.914371942861462e-05
TSG101	0.8048300000000008	2.2011120674490755e-05	9.065385548353793e-05
TICAM1	0.7362199999999994	2.239275283510552e-05	9.17572112503957e-05
ZNF354A	0.7070849999999993	2.239275283510552e-05	9.17572112503957e-05
TBC1D8B	1.8678799999999995	2.239275283510552e-05	9.17572112503957e-05
WRB	1.4187849999999997	2.239275283510552e-05	9.17572112503957e-05
TGS1	1.0817449999999997	2.2392300236323536e-05	9.17572112503957e-05
XPO7	1.7015000000000002	2.239275283510552e-05	9.17572112503957e-05
SLC1A4	1.6898649999999993	2.239275283510552e-05	9.17572112503957e-05
MYL5	-1.447985	2.239275283510552e-05	9.17572112503957e-05
ZBTB8OS	0.6170599999999995	2.239275283510552e-05	9.17572112503957e-05
LOC101927137	0.7726000000000006	2.239275283510552e-05	9.17572112503957e-05
NREP	1.3599099999999993	2.2392300236323536e-05	9.17572112503957e-05
BGN	1.83197	2.239275283510552e-05	9.17572112503957e-05
UBA6	0.6801700000000004	2.239275283510552e-05	9.17572112503957e-05
MOB3B	-3.015129999999999	2.239275283510552e-05	9.17572112503957e-05
NDUFB8	-0.5396999999999998	2.2391847644794876e-05	9.17572112503957e-05
SKI	-0.9315149999999992	2.239275283510552e-05	9.17572112503957e-05
MRPL39	1.1691149999999988	2.239275283510552e-05	9.17572112503957e-05
PCOLCE2	-5.581065000000001	2.239275283510552e-05	9.17572112503957e-05
ERICH5	-0.3292999999999999	2.2778836279857525e-05	9.331290845023724e-05
SHPK	-0.79528	2.3172183723971727e-05	9.447121056696165e-05
DHRS7	1.1078200000000002	2.3172183723971727e-05	9.447121056696165e-05
IGH	-0.8102150000000004	2.3172183723971727e-05	9.447121056696165e-05
TIAL1	0.41197000000000017	2.3171716993007228e-05	9.447121056696165e-05
FABP2	-0.4527000000000001	2.3172183723971727e-05	9.447121056696165e-05
DAZAP2	0.8596999999999984	2.317125026948977e-05	9.447121056696165e-05
SMARCD1	-0.4632649999999998	2.3172183723971727e-05	9.447121056696165e-05
LINC01094	1.269775	2.3172183723971727e-05	9.447121056696165e-05
DOCK6	-1.2967699999999995	2.3172183723971727e-05	9.447121056696165e-05
SYT8	-1.8821849999999998	2.3172183723971727e-05	9.447121056696165e-05
ZBTB20	-1.4578999999999986	2.3172183723971727e-05	9.447121056696165e-05
SLC2A10	2.5487399999999996	2.3172183723971727e-05	9.447121056696165e-05
TIE1	-2.7638	2.3172183723971727e-05	9.447121056696165e-05
WLS	-2.052145000000001	2.3172183723971727e-05	9.447121056696165e-05
WBP1L	-1.0982250000000011	2.3172183723971727e-05	9.447121056696165e-05
CAMK1D	1.3521150000000004	2.3172183723971727e-05	9.447121056696165e-05
AMPD3	1.2912099999999995	2.3172183723971727e-05	9.447121056696165e-05
SHTN1	1.43724	2.3977388093175294e-05	9.726246644946693e-05
ND4	0.40549999999999997	2.3977388093175294e-05	9.726246644946693e-05
HOOK2	-0.9107799999999999	2.3977388093175294e-05	9.726246644946693e-05
METTL18	0.9337149999999994	2.397690681878769e-05	9.726246644946693e-05
DSP	1.029799999999998	2.3977388093175294e-05	9.726246644946693e-05
ABHD2	1.5003149999999996	2.3977388093175294e-05	9.726246644946693e-05
FPR1	2.11069	2.3977388093175294e-05	9.726246644946693e-05
KDM2B	0.49753500000000095	2.3977388093175294e-05	9.726246644946693e-05
THUMPD2	0.6704699999999999	2.3977388093175294e-05	9.726246644946693e-05
CRKL	0.48829999999999885	2.3977388093175294e-05	9.726246644946693e-05
NAA50	0.6152499999999996	2.3977388093175294e-05	9.726246644946693e-05
NFRKB	-0.8569699999999996	2.3977388093175294e-05	9.726246644946693e-05
RNF170	-1.4298649999999995	2.3977388093175294e-05	9.726246644946693e-05
UNC5B	1.9642199999999992	2.3977388093175294e-05	9.726246644946693e-05
HIF1A	0.8910499999999999	2.397690681878769e-05	9.726246644946693e-05
FAM71A	-0.9828299999999999	2.3977388093175294e-05	9.726246644946693e-05
PAIP2B	-2.2390399999999997	2.3977388093175294e-05	9.726246644946693e-05
TCF19	1.8959749999999995	2.3977388093175294e-05	9.726246644946693e-05
AK6	0.8513450000000002	2.480916903968539e-05	0.00010024450550759912
LOC105373738	-0.7576450000000001	2.480916903968539e-05	0.00010024450550759912
EMCN	-2.6634349999999998	2.480916903968539e-05	0.00010024450550759912
IDH3G	0.7633799999999997	2.480916903968539e-05	0.00010024450550759912
PPP2R5D	-0.6664999999999992	2.480916903968539e-05	0.00010024450550759912
NUP107	0.9911899999999996	2.480916903968539e-05	0.00010024450550759912
TAF1L	-0.23319499999999982	2.480867279966936e-05	0.00010024450550759912
WDR41	0.8433450000000002	2.480916903968539e-05	0.00010024450550759912
DENND2C	-0.35153999999999996	2.480916903968539e-05	0.00010024450550759912
SPN	-0.31949499999999986	2.480916903968539e-05	0.00010024450550759912
UFC1	0.7508499999999998	2.480916903968539e-05	0.00010024450550759912
MIR3671	-0.5837749999999993	2.480867279966936e-05	0.00010024450550759912
RSAD2	3.011924999999999	2.480916903968539e-05	0.00010024450550759912
NUDT1	1.1763050000000002	2.480916903968539e-05	0.00010024450550759912
PPM1L	-2.1221699999999997	2.56683529746342e-05	0.00010331369786519896
SBK1	1.6642499999999991	2.56683529746342e-05	0.00010331369786519896
PCBD1	1.3744549999999993	2.56683529746342e-05	0.00010331369786519896
PFDN4	0.7384199999999996	2.5667841335558313e-05	0.00010331369786519896
RAB23	0.6887100000000004	2.56683529746342e-05	0.00010331369786519896
MARCKS	1.1923500000000011	2.56683529746342e-05	0.00010331369786519896
INTS1	-0.9806699999999999	2.56683529746342e-05	0.00010331369786519896
GIT1	-0.6159199999999991	2.56683529746342e-05	0.00010331369786519896
HNF4A	-0.8352849999999998	2.56683529746342e-05	0.00010331369786519896
APPBP2	1.1859000000000002	2.56683529746342e-05	0.00010331369786519896
ZNF654	-0.6551650000000002	2.56683529746342e-05	0.00010331369786519896
WDPCP	-0.5263199999999992	2.56683529746342e-05	0.00010331369786519896
NCKIPSD	-0.7541349999999998	2.56683529746342e-05	0.00010331369786519896
PAPOLA	0.5481499999999997	2.5667841335558313e-05	0.00010331369786519896
RPS17	-0.3561000000000014	2.655526276013271e-05	0.00010629635774851756
FCGRT	-1.3356499999999993	2.6555790243191138e-05	0.00010629635774851756
RASL12	-1.5372400000000002	2.6555790243191138e-05	0.00010629635774851756
TWIST1	-1.1815000000000007	2.6555790243191138e-05	0.00010629635774851756
PCGF5	-1.0235199999999995	2.6555790243191138e-05	0.00010629635774851756
CCDC51	0.5303599999999999	2.6555790243191138e-05	0.00010629635774851756
CRLF3	0.9110499999999995	2.6555790243191138e-05	0.00010629635774851756
CDKN2AIP	1.1314099999999998	2.6555790243191138e-05	0.00010629635774851756
TOB1-AS1	-0.4022349999999997	2.655526276013271e-05	0.00010629635774851756
PAPSS1	0.9695899999999984	2.655526276013271e-05	0.00010629635774851756
LOC400927-CSNK1E	-0.6204199999999993	2.6555790243191138e-05	0.00010629635774851756
TAF13	0.74465	2.655526276013271e-05	0.00010629635774851756
ZMIZ1-AS1	-0.6833499999999999	2.655526276013271e-05	0.00010629635774851756
LMO2	-0.8345149999999997	2.6555790243191138e-05	0.00010629635774851756
PCDH18	-2.6961049999999993	2.6555790243191138e-05	0.00010629635774851756
ZNF592	-0.6383649999999994	2.6555790243191138e-05	0.00010629635774851756
FGFR3	2.85498	2.6555790243191138e-05	0.00010629635774851756
ARF5	0.6164800000000001	2.6555790243191138e-05	0.00010629635774851756
PLXNC1	1.5621500000000008	2.6555790243191138e-05	0.00010629635774851756
KBTBD4	0.9723750000000004	2.6555790243191138e-05	0.00010629635774851756
DHX8	1.0159499999999992	2.74723557591099e-05	0.00010942225735978989
SPIDR	0.4844350000000004	2.74723557591099e-05	0.00010942225735978989
PPP1R8	0.9219349999999995	2.74723557591099e-05	0.00010942225735978989
NUP85	0.915560000000001	2.74723557591099e-05	0.00010942225735978989
SHB	1.2875300000000003	2.74723557591099e-05	0.00010942225735978989
TSC1	-0.6754599999999993	2.74723557591099e-05	0.00010942225735978989
CTC-338M12.4	0.8099800000000004	2.74723557591099e-05	0.00010942225735978989
G2E3	0.6601700000000008	2.74723557591099e-05	0.00010942225735978989
GUCA1B	-0.6243749999999997	2.74723557591099e-05	0.00010942225735978989
GPN2	0.6958299999999991	2.74723557591099e-05	0.00010942225735978989
GNAI1	-2.0149500000000007	2.74723557591099e-05	0.00010942225735978989
S1PR2	-0.8023049999999996	2.74723557591099e-05	0.00010942225735978989
HRASLS5	-2.061965	2.74723557591099e-05	0.00010942225735978989
GABARAPL2	0.8491499999999998	2.7471268200145742e-05	0.00010942225735978989
ARHGAP6	-2.18853	2.74723557591099e-05	0.00010942225735978989
XIAP	0.5498849999999997	2.74723557591099e-05	0.00010942225735978989
TMEM178A	-2.764395	2.74723557591099e-05	0.00010942225735978989
SLC25A36	1.5365099999999998	2.747181197538359e-05	0.00010942225735978989
TMEM37	-4.45203	2.841894965423778e-05	0.00011242167989072216
MED29	0.8896749999999995	2.841894965423778e-05	0.00011242167989072216
SLC25A17	0.8984099999999993	2.841894965423778e-05	0.00011242167989072216
TM7SF3	0.9719399999999982	2.841894965423778e-05	0.00011242167989072216
LOC101930489	1.19801	2.841894965423778e-05	0.00011242167989072216
SUFU	-0.48856499999999947	2.841894965423778e-05	0.00011242167989072216
ATP6AP2	0.5660500000000006	2.8418389101119944e-05	0.00011242167989072216
MMRN2	-2.561285	2.841894965423778e-05	0.00011242167989072216
METTL10	0.39608000000000043	2.8418389101119944e-05	0.00011242167989072216
TMEM54	1.2672400000000001	2.841894965423778e-05	0.00011242167989072216
ZNF81	0.6494400000000002	2.841894965423778e-05	0.00011242167989072216
NT5C3B	-0.8736050000000013	2.841894965423778e-05	0.00011242167989072216
PITX2	-0.46884000000000015	2.841894965423778e-05	0.00011242167989072216
IL17B	-2.697945	2.8418389101119944e-05	0.00011242167989072216
B3GALT6	0.7510650000000005	2.841894965423778e-05	0.00011242167989072216
ATG16L1	1.5555850000000007	2.841894965423778e-05	0.00011242167989072216
DDIAS	1.837545	2.841894965423778e-05	0.00011242167989072216
CEP126	-3.3676250000000003	2.841894965423778e-05	0.00011242167989072216
HEATR5A	1.1073250000000003	2.841894965423778e-05	0.00011242167989072216
ASH1L	0.8422000000000001	2.8418389101119944e-05	0.00011242167989072216
ADAM15	0.9353499999999997	2.841894965423778e-05	0.00011242167989072216
IGSF9B	-0.8310750000000002	2.8418389101119944e-05	0.00011242167989072216
ATP5H	0.8150999999999993	2.841894965423778e-05	0.00011242167989072216
LOC100996419	-0.5030450000000002	2.841894965423778e-05	0.00011242167989072216
ISG15	2.208120000000001	2.841894965423778e-05	0.00011242167989072216
EEPD1	-0.7429299999999994	2.9395920139733117e-05	0.00011584693165058758
MEIS3P1	-1.2838399999999996	2.9396497943287102e-05	0.00011584693165058758
SETX	1.4888699999999995	2.9396497943287102e-05	0.00011584693165058758
PRPF6	-1.0671400000000002	2.9396497943287102e-05	0.00011584693165058758
HPR	-0.527615	2.9396497943287102e-05	0.00011584693165058758
FAM226B	-0.6681499999999998	2.9396497943287102e-05	0.00011584693165058758
ZNF625-ZNF20	-0.645975	2.9396497943287102e-05	0.00011584693165058758
ARPC5L	0.7654600000000009	2.9396497943287102e-05	0.00011584693165058758
PARD6B	2.129365	2.9396497943287102e-05	0.00011584693165058758
VEGFA	1.3056500000000018	2.9396497943287102e-05	0.00011584693165058758
USP1	0.9381900000000005	2.9396497943287102e-05	0.00011584693165058758
TMEM143	-0.5393499999999998	2.9396497943287102e-05	0.00011584693165058758
SLC10A3	0.82409	2.9396497943287102e-05	0.00011584693165058758
SNRPB2	0.6793500000000012	2.9395920139733117e-05	0.00011584693165058758
ZFP91	0.7626299999999979	3.040595320416539e-05	0.00011904967711806141
MIIP	-0.6761050000000006	3.040595320416539e-05	0.00011904967711806141
AMZ2	1.2946999999999989	3.040595320416539e-05	0.00011904967711806141
LOC101928000	-0.6385000000000005	3.040595320416539e-05	0.00011904967711806141
CTSL	1.617325000000001	3.040595320416539e-05	0.00011904967711806141
DDX46	0.5417349999999992	3.040595320416539e-05	0.00011904967711806141
NUTM2G	-0.2943300000000004	3.040595320416539e-05	0.00011904967711806141
GPI	1.5407799999999998	3.040595320416539e-05	0.00011904967711806141
PLA2G16	-2.3467900000000004	3.040595320416539e-05	0.00011904967711806141
EGF	-3.38289	3.040595320416539e-05	0.00011904967711806141
FBXO3	0.8712199999999992	3.040595320416539e-05	0.00011904967711806141
COQ2	1.0491899999999994	3.040595320416539e-05	0.00011904967711806141
CDKL5	1.6942650000000006	3.040595320416539e-05	0.00011904967711806141
SIK1	3.448130000000001	3.040595320416539e-05	0.00011904967711806141
KIAA1652	-0.9713650000000005	3.040595320416539e-05	0.00011904967711806141
SLAMF8	2.829765000000001	3.040595320416539e-05	0.00011904967711806141
DNAJB2	-1.3627049999999992	3.0405357656523007e-05	0.00011904967711806141
ITPR3	1.1925100000000013	3.040595320416539e-05	0.00011904967711806141
PNPLA8	0.843869999999999	3.040595320416539e-05	0.00011904967711806141
RPS7	-0.42440000000000033	3.0405357656523007e-05	0.00011904967711806141
FASTKD2	0.5742900000000004	3.040595320416539e-05	0.00011904967711806141
MAPKAP1	0.5251850000000005	3.040595320416539e-05	0.00011904967711806141
DDHD1	0.8299900000000013	3.040595320416539e-05	0.00011904967711806141
PREX1	2.0440249999999995	3.040595320416539e-05	0.00011904967711806141
DDX21	0.5680200000000006	3.0922346455183755e-05	0.00012103889898171926
ERG	-0.41597499999999954	3.144768147588953e-05	0.00012260191784471236
SGK494	1.1269399999999994	3.144829527417391e-05	0.00012260191784471236
DDX24	-0.7141249999999992	3.144768147588953e-05	0.00012260191784471236
PDE1A	-0.8209249999999999	3.144829527417391e-05	0.00012260191784471236
UPF3B	1.006520000000001	3.144829527417391e-05	0.00012260191784471236
GNB5	-1.7368599999999983	3.144829527417391e-05	0.00012260191784471236
IGFBP4	-1.87406	3.144768147588953e-05	0.00012260191784471236
DNMT3B	1.7475249999999996	3.144829527417391e-05	0.00012260191784471236
LOC100132167	-0.711195	3.144768147588953e-05	0.00012260191784471236
CMPK2	2.868800000000001	3.144829527417391e-05	0.00012260191784471236
EPAS1	-1.3736499999999996	3.144829527417391e-05	0.00012260191784471236
ZNF107	1.095555	3.144829527417391e-05	0.00012260191784471236
RHOG	0.5478949999999996	3.144829527417391e-05	0.00012260191784471236
RILPL2	-0.7947499999999996	3.144829527417391e-05	0.00012260191784471236
NEURL1	-0.512365	3.144768147588953e-05	0.00012260191784471236
SENP6	0.9431750000000019	3.1981489572796654e-05	0.0001246471260268795
GID4	-0.8452200000000003	3.252453196237901e-05	0.00012625534700819781
MAP3K13	1.1229700000000005	3.252453196237901e-05	0.00012625534700819781
RHBDD1	0.73306	3.252453196237901e-05	0.00012625534700819781
LOC101930241	-2.2303949999999997	3.252453196237901e-05	0.00012625534700819781
IL32	1.580495	3.252453196237901e-05	0.00012625534700819781
GLTSCR2	-0.5987499999999999	3.252453196237901e-05	0.00012625534700819781
SIGLEC7	-0.18555499999999991	3.252389939370009e-05	0.00012625534700819781
TAF1B	0.8240999999999996	3.2523266834678275e-05	0.00012625534700819781
RAB3GAP1	-0.41629999999999967	3.2522634285313235e-05	0.00012625534700819781
GRHL2	1.1086799999999997	3.252453196237901e-05	0.00012625534700819781
MPPED2	-2.4090849999999997	3.252453196237901e-05	0.00012625534700819781
FLJ35934	0.904585	3.252453196237901e-05	0.00012625534700819781
MIB1	0.6549799999999983	3.252453196237901e-05	0.00012625534700819781
PCSK7	0.5465300000000006	3.252453196237901e-05	0.00012625534700819781
PRIM2B	1.6859549999999999	3.252453196237901e-05	0.00012625534700819781
TRMT11	1.4769900000000007	3.363569977847523e-05	0.0001300126782494057
VRTN	-0.7788199999999996	3.363569977847523e-05	0.0001300126782494057
FLVCR2	-0.8198299999999996	3.363569977847523e-05	0.0001300126782494057
TMEM42	-0.775055	3.363569977847523e-05	0.0001300126782494057
SNHG1	1.2600999999999996	3.363569977847523e-05	0.0001300126782494057
BCL2L2-PABPN1	0.6595000000000013	3.36337441912066e-05	0.0001300126782494057
STOML2	0.8395500000000009	3.363569977847523e-05	0.0001300126782494057
ZNF138	0.9204600000000003	3.363569977847523e-05	0.0001300126782494057
MORN1	-0.39700000000000024	3.36337441912066e-05	0.0001300126782494057
PYCRL	1.8503349999999998	3.363569977847523e-05	0.0001300126782494057
ATG4A	1.0558199999999998	3.363569977847523e-05	0.0001300126782494057
ERGIC3	0.7567599999999999	3.363439604372242e-05	0.0001300126782494057
CASZ1	2.6345149999999995	3.363569977847523e-05	0.0001300126782494057
SCCPDH	1.4075350000000002	3.363569977847523e-05	0.0001300126782494057
FAM196A	-0.4584450000000002	3.363569977847523e-05	0.0001300126782494057
CBX2	4.433479999999999	3.363569977847523e-05	0.0001300126782494057
SLC1A2	-0.4599499999999992	3.420405307131287e-05	0.00013217436367791524
IFI44	2.258099999999999	3.4782864678452544e-05	0.0001338057644663544
POLB	0.985990000000001	3.47821929554008e-05	0.0001338057644663544
PAXBP1	0.8300849999999986	3.4782864678452544e-05	0.0001338057644663544
LOC105372255	1.2741250000000006	3.4782864678452544e-05	0.0001338057644663544
ABHD18	0.6361099999999995	3.4782864678452544e-05	0.0001338057644663544
LOC728392	-1.6278899999999998	3.4782864678452544e-05	0.0001338057644663544
MARVELD1	-1.0122199999999992	3.4782864678452544e-05	0.0001338057644663544
PSME4	1.0966000000000005	3.4782864678452544e-05	0.0001338057644663544
UBE2L6	1.5244900000000001	3.4782864678452544e-05	0.0001338057644663544
ARHGEF11	0.7735199999999995	3.4782864678452544e-05	0.0001338057644663544
URGCP	-0.5164749999999998	3.4782864678452544e-05	0.0001338057644663544
ZNF100	-0.34078500000000034	3.4782864678452544e-05	0.0001338057644663544
LDLRAP1	-0.7360099999999985	3.4782864678452544e-05	0.0001338057644663544
TAPBP	0.7550299999999996	3.4782864678452544e-05	0.0001338057644663544
ZKSCAN5	0.90374	3.4782864678452544e-05	0.0001338057644663544
LOC101930112	-0.8192999999999984	3.4782864678452544e-05	0.0001338057644663544
USP19	-0.540845	3.47821929554008e-05	0.0001338057644663544
TMEM181	1.0477100000000004	3.596712282739443e-05	0.0001376685708221987
RPSAP19	-0.5626499999999979	3.596712282739443e-05	0.0001376685708221987
SLC17A5	0.6800150000000009	3.596712282739443e-05	0.0001376685708221987
INPP1	-1.450429999999999	3.596712282739443e-05	0.0001376685708221987
ZCCHC7	0.7859549999999995	3.596504645374549e-05	0.0001376685708221987
ZNF598	0.5619899999999998	3.596712282739443e-05	0.0001376685708221987
UTP3	0.7094700000000014	3.596712282739443e-05	0.0001376685708221987
TGDS	1.7905999999999995	3.596712282739443e-05	0.0001376685708221987
GALM	-0.9148700000000005	3.596712282739443e-05	0.0001376685708221987
LOC105372526	-1.3685299999999998	3.596712282739443e-05	0.0001376685708221987
WBP11	0.61524	3.596712282739443e-05	0.0001376685708221987
NIP7	1.1017850000000005	3.596712282739443e-05	0.0001376685708221987
ITFG2	-0.5932899999999997	3.596712282739443e-05	0.0001376685708221987
GPR65	1.2291249999999998	3.596712282739443e-05	0.0001376685708221987
ADK	1.2367849999999994	3.596712282739443e-05	0.0001376685708221987
DPH5	-0.6891850000000002	3.596712282739443e-05	0.0001376685708221987
SMAD9	-2.2489950000000007	3.596712282739443e-05	0.0001376685708221987
LOC101930306	-0.5860000000000003	3.596712282739443e-05	0.0001376685708221987
SNAP47	0.7728350000000015	3.596712282739443e-05	0.0001376685708221987
MSANTD3	0.7514649999999996	3.71896013797294e-05	0.00014186167355829534
PSMA8	-0.7871900000000003	3.71896013797294e-05	0.00014186167355829534
PPIL4	1.1863150000000005	3.71896013797294e-05	0.00014186167355829534
RPP40	1.4706850000000005	3.71896013797294e-05	0.00014186167355829534
CYP2A6	-0.3998550000000005	3.71896013797294e-05	0.00014186167355829534
FRK	2.7505700000000006	3.71896013797294e-05	0.00014186167355829534
FSBP	-0.4081300000000003	3.71896013797294e-05	0.00014186167355829534
FAM89B	0.5983600000000013	3.718888825717948e-05	0.00014186167355829534
ST3GAL2	-0.32993000000000006	3.71896013797294e-05	0.00014186167355829534
LOC114224	1.1557999999999993	3.71896013797294e-05	0.00014186167355829534
PTPRZ1	-1.6196099999999989	3.71896013797294e-05	0.00014186167355829534
OPRPN	-1.7148849999999998	3.718888825717948e-05	0.00014186167355829534
ATG12	0.8326949999999993	3.71896013797294e-05	0.00014186167355829534
C16orf72	0.7743299999999991	3.8451459277270574e-05	0.00014598486055543094
EXOC3L2	-0.5855750000000004	3.8451459277270574e-05	0.00014598486055543094
GNL3	-1.0150499999999996	3.8451459277270574e-05	0.00014598486055543094
NUDT9	0.7840700000000016	3.8451459277270574e-05	0.00014598486055543094
NUP93	1.5095850000000013	3.8451459277270574e-05	0.00014598486055543094
ZNF7	0.9877900000000004	3.8451459277270574e-05	0.00014598486055543094
TFEC	1.4440150000000003	3.8451459277270574e-05	0.00014598486055543094
OCIAD2	0.8783149999999988	3.8451459277270574e-05	0.00014598486055543094
PLP1	-0.365205	3.845072457671141e-05	0.00014598486055543094
SAP18	0.6630499999999984	3.8451459277270574e-05	0.00014598486055543094
RNF10	0.9244699999999995	3.8451459277270574e-05	0.00014598486055543094
SLC25A42	-0.5185949999999995	3.8451459277270574e-05	0.00014598486055543094
RPS27A	-0.45309999999999917	3.845072457671141e-05	0.00014598486055543094
RFT1	0.4720599999999999	3.8451459277270574e-05	0.00014598486055543094
PDZD4	-1.3099949999999998	3.8451459277270574e-05	0.00014598486055543094
GSTM2	-2.937244999999999	3.8451459277270574e-05	0.00014598486055543094
LAMA3	-4.8292850000000005	3.8451459277270574e-05	0.00014598486055543094
TRUB2	0.6017950000000001	3.8451459277270574e-05	0.00014598486055543094
SAT1	0.7399000000000004	3.975313118125744e-05	0.0001498717451934989
KIF1B	-1.056915	3.975388806537376e-05	0.0001498717451934989
SIRT2	-0.37419000000000047	3.975388806537376e-05	0.0001498717451934989
CCDC180	-1.3574350000000002	3.975388806537376e-05	0.0001498717451934989
MAP4K3	1.1005699999999994	3.975388806537376e-05	0.0001498717451934989
SCML2	-0.7169500000000006	3.975388806537376e-05	0.0001498717451934989
AZI2	-0.44632999999999967	3.975388806537376e-05	0.0001498717451934989
KIAA1217	-0.9300149999999991	3.975388806537376e-05	0.0001498717451934989
RFC1	0.6854500000000003	3.975388806537376e-05	0.0001498717451934989
MS4A6A	2.8930750000000005	3.975388806537376e-05	0.0001498717451934989
RIF1	1.1282049999999995	3.975388806537376e-05	0.0001498717451934989
TMEM101	-1.6200600000000005	3.975388806537376e-05	0.0001498717451934989
CLK2	0.44852000000000025	3.975388806537376e-05	0.0001498717451934989
PTPN18	-0.5384599999999988	3.975388806537376e-05	0.0001498717451934989
GBP2	-1.4253999999999998	3.975388806537376e-05	0.0001498717451934989
F2R	1.4361000000000006	3.975388806537376e-05	0.0001498717451934989
MAP2K1	1.1674299999999995	3.975388806537376e-05	0.0001498717451934989
FDX1	2.013675	3.975388806537376e-05	0.0001498717451934989
CIAPIN1	0.8149150000000009	3.975388806537376e-05	0.0001498717451934989
MTURN	-2.57991	3.975388806537376e-05	0.0001498717451934989
NGDN	0.5658949999999994	3.975388806537376e-05	0.0001498717451934989
THEMIS2	1.7412999999999998	3.975388806537376e-05	0.0001498717451934989
OSR1	-2.0193499999999998	3.975388806537376e-05	0.0001498717451934989
LOC284600	-0.43654499999999974	3.975388806537376e-05	0.0001498717451934989
YY1	0.4048999999999996	3.975388806537376e-05	0.0001498717451934989
SNX1	-1.480599999999999	3.975388806537376e-05	0.0001498717451934989
FAM110A	0.9739000000000004	3.975388806537376e-05	0.0001498717451934989
PP7080	0.6659750000000004	4.10981127275583e-05	0.0001542188095683725
ADAM9	0.9498500000000014	4.10981127275583e-05	0.0001542188095683725
SGMS1	1.4193800000000012	4.10981127275583e-05	0.0001542188095683725
C7	-3.3396100000000004	4.10981127275583e-05	0.0001542188095683725
KCNAB1	-1.729544999999999	4.10981127275583e-05	0.0001542188095683725
CFAP43	-0.7838800000000004	4.10981127275583e-05	0.0001542188095683725
TMEM41A	0.6225900000000006	4.10981127275583e-05	0.0001542188095683725
ATP1B1	1.95805	4.10981127275583e-05	0.0001542188095683725
LOC100506718	-2.313904999999999	4.10981127275583e-05	0.0001542188095683725
SNX30	0.8268550000000001	4.10981127275583e-05	0.0001542188095683725
ANKRD39	1.3120499999999997	4.10981127275583e-05	0.0001542188095683725
RSBN1L	0.4749649999999992	4.10981127275583e-05	0.0001542188095683725
NTRK3	-1.20816	4.10981127275583e-05	0.0001542188095683725
COBL	-1.795679999999999	4.10981127275583e-05	0.0001542188095683725
COG7	0.9367999999999999	4.10981127275583e-05	0.0001542188095683725
ZNF793	-0.6363599999999998	4.10981127275583e-05	0.0001542188095683725
NDUFA11	-0.5139999999999993	4.10981127275583e-05	0.0001542188095683725
BLOC1S4	0.5156850000000004	4.10981127275583e-05	0.0001542188095683725
CLNS1A	0.5786999999999995	4.1785499342900695e-05	0.0001567576908957902
TMEM163	-1.497725	4.248539253892863e-05	0.00015844192872376003
TRMT112	0.6529499999999988	4.248458940888484e-05	0.00015844192872376003
ANKLE2	0.7189650000000007	4.248539253892863e-05	0.00015844192872376003
ADAMTS2	2.5300100000000008	4.248539253892863e-05	0.00015844192872376003
ITGA4	1.2956000000000003	4.248539253892863e-05	0.00015844192872376003
SLC7A7	1.4659900000000006	4.248539253892863e-05	0.00015844192872376003
RUNX2	1.7106950000000003	4.248539253892863e-05	0.00015844192872376003
CAMSAP3	1.3621150000000002	4.248539253892863e-05	0.00015844192872376003
EPM2A	-0.8499249999999998	4.248539253892863e-05	0.00015844192872376003
KLHL24	-0.4575400000000016	4.248539253892863e-05	0.00015844192872376003
SPARCL1	-2.168100000000001	4.248539253892863e-05	0.00015844192872376003
FUZ	-0.6675500000000003	4.248539253892863e-05	0.00015844192872376003
ZNF581	-0.969574999999999	4.248539253892863e-05	0.00015844192872376003
TUG1	0.68215	4.248539253892863e-05	0.00015844192872376003
RNF5P1	0.5926600000000004	4.248539253892863e-05	0.00015844192872376003
DRG2	1.4866650000000003	4.248539253892863e-05	0.00015844192872376003
ZNF165	1.1357899999999996	4.248539253892863e-05	0.00015844192872376003
RCC1	0.8057150000000002	4.248539253892863e-05	0.00015844192872376003
OSBPL5	-0.6497400000000004	4.248539253892863e-05	0.00015844192872376003
FILIP1	-0.6713449999999996	4.248539253892863e-05	0.00015844192872376003
CSTF3	0.7830200000000005	4.248539253892863e-05	0.00015844192872376003
DNAJB1	0.8307300000000009	4.248539253892863e-05	0.00015844192872376003
LOC105373878	-0.9442500000000003	4.248539253892863e-05	0.00015844192872376003
LPGAT1	1.03932	4.391619471437916e-05	0.0001628608254837932
SSSCA1	0.550555000000001	4.391702193875046e-05	0.0001628608254837932
FEM1A	-0.49026000000000103	4.391702193875046e-05	0.0001628608254837932
VAPB	0.5471650000000015	4.391702193875046e-05	0.0001628608254837932
METTL13	0.658125000000001	4.391702193875046e-05	0.0001628608254837932
PRUNE1	0.8415599999999994	4.391702193875046e-05	0.0001628608254837932
IDI1	1.5683000000000007	4.391619471437916e-05	0.0001628608254837932
CCNYL1	0.9608499999999998	4.391702193875046e-05	0.0001628608254837932
SNX5	0.6450500000000012	4.391536750213195e-05	0.0001628608254837932
SEPT4	-1.2599650000000002	4.391702193875046e-05	0.0001628608254837932
LINC00424	-0.48594000000000026	4.391702193875046e-05	0.0001628608254837932
PLEKHG5	-0.4014350000000002	4.391702193875046e-05	0.0001628608254837932
TUBD1	1.3171849999999994	4.391702193875046e-05	0.0001628608254837932
TRMT12	0.8336399999999999	4.391702193875046e-05	0.0001628608254837932
SLC26A4	-0.4792799999999997	4.391702193875046e-05	0.0001628608254837932
PECR	-0.6237400000000006	4.391702193875046e-05	0.0001628608254837932
NOP16	0.9157350000000006	4.391702193875046e-05	0.0001628608254837932
SRPRA	1.0489000000000015	4.391702193875046e-05	0.0001628608254837932
MTM1	0.7503450000000003	4.391702193875046e-05	0.0001628608254837932
SOS1-IT1	1.7164700000000002	4.391702193875046e-05	0.0001628608254837932
RPL36A	-0.43701500000000015	4.391702193875046e-05	0.0001628608254837932
ZDHHC6	0.7304250000000003	4.391702193875046e-05	0.0001628608254837932
FAM160B2	-0.6253000000000011	4.5394331422527944e-05	0.00016697479253240902
CD24	1.5690999999999988	4.5394331422527944e-05	0.00016697479253240902
RHBDF2	1.0656950000000007	4.5394331422527944e-05	0.00016697479253240902
RPS25	-0.42760000000000176	4.5394331422527944e-05	0.00016697479253240902
TTBK2	-0.6711749999999999	4.5394331422527944e-05	0.00016697479253240902
BDKRB2	-1.7462600000000004	4.5394331422527944e-05	0.00016697479253240902
GAB2	-1.2669750000000004	4.5394331422527944e-05	0.00016697479253240902
TOMM5	0.7381600000000006	4.539347943435342e-05	0.00016697479253240902
MYBL2	1.9370950000000002	4.5394331422527944e-05	0.00016697479253240902
CUL3	0.5124499999999994	4.539347943435342e-05	0.00016697479253240902
ATXN7L1	-1.4688149999999993	4.5394331422527944e-05	0.00016697479253240902
TTLL7	0.7242999999999999	4.5394331422527944e-05	0.00016697479253240902
APEX1	0.7931000000000008	4.539347943435342e-05	0.00016697479253240902
STK26	1.5876099999999997	4.5394331422527944e-05	0.00016697479253240902
FAM64A	2.4030299999999998	4.5394331422527944e-05	0.00016697479253240902
PPFIBP1	-1.0315649999999996	4.5394331422527944e-05	0.00016697479253240902
N4BP2	0.5931899999999999	4.5394331422527944e-05	0.00016697479253240902
TNN	-2.860195	4.5394331422527944e-05	0.00016697479253240902
MAATS1	-2.5865549999999997	4.5394331422527944e-05	0.00016697479253240902
LOC105376037	-0.47389000000000037	4.5394331422527944e-05	0.00016697479253240902
ZMYND8	1.1326599999999996	4.5394331422527944e-05	0.00016697479253240902
BAIAP3	-0.7599049999999989	4.539347943435342e-05	0.00016697479253240902
LOC101930595	-0.10042500000000043	4.5394331422527944e-05	0.00016697479253240902
LYSMD4	-0.8014899999999998	4.5394331422527944e-05	0.00016697479253240902
EXOSC5	1.0811149999999996	4.5394331422527944e-05	0.00016697479253240902
CDC6	2.593665	4.5394331422527944e-05	0.00016697479253240902
C7orf25	2.225275	4.5394331422527944e-05	0.00016697479253240902
TMEM92-AS1	-0.7547600000000001	4.5394331422527944e-05	0.00016697479253240902
TECPR1	-0.5973600000000001	4.5394331422527944e-05	0.00016697479253240902
ATXN10	0.585799999999999	4.5394331422527944e-05	0.00016697479253240902
ZSCAN21	0.6296399999999993	4.5394331422527944e-05	0.00016697479253240902
MRPL24	0.6861299999999986	4.5394331422527944e-05	0.00016697479253240902
LOC102724200	0.7144050000000002	4.691868845394246e-05	0.00017153907193558722
LHFPL3-AS2	-0.09135500000000008	4.691868845394246e-05	0.00017153907193558722
SOX10	-5.89414	4.691868845394246e-05	0.00017153907193558722
SMU1	-0.7423149999999996	4.691868845394246e-05	0.00017153907193558722
PCED1A	-1.065125	4.691868845394246e-05	0.00017153907193558722
EML2-AS1	-0.6853049999999996	4.691868845394246e-05	0.00017153907193558722
FAM126A	-1.9038199999999996	4.691868845394246e-05	0.00017153907193558722
TWIST2	-2.1582149999999998	4.691868845394246e-05	0.00017153907193558722
SBSPON	-0.6757300000000002	4.691868845394246e-05	0.00017153907193558722
UEVLD	0.8343349999999994	4.691868845394246e-05	0.00017153907193558722
PBX3	1.203245	4.691781101560715e-05	0.00017153907193558722
HSPG2	-1.197355	4.691868845394246e-05	0.00017153907193558722
SEPT7P2	-0.7756300000000005	4.691868845394246e-05	0.00017153907193558722
TSPAN17	0.6753900000000002	4.691868845394246e-05	0.00017153907193558722
MGAT4B	0.7733600000000003	4.691868845394246e-05	0.00017153907193558722
SNHG8	-1.6122949999999996	4.691868845394246e-05	0.00017153907193558722
MED10	1.7397999999999998	4.691868845394246e-05	0.00017153907193558722
LGI2	-0.4463400000000002	4.6916056177162697e-05	0.00017153907193558722
PUS1	0.8093449999999995	4.691868845394246e-05	0.00017153907193558722
ODF3B	-1.2303250000000006	4.691868845394246e-05	0.00017153907193558722
ZNF430	0.638374999999999	4.691868845394246e-05	0.00017153907193558722
RSL24D1	-0.6166499999999999	4.691868845394246e-05	0.00017153907193558722
TBC1D5	1.376619999999999	4.691868845394246e-05	0.00017153907193558722
PDDC1	-0.8503600000000002	4.691868845394246e-05	0.00017153907193558722
TFDP2	-1.1423699999999997	4.8491498397009936e-05	0.00017662240775555009
TNFRSF14	-0.7520899999999999	4.8491498397009936e-05	0.00017662240775555009
DDIT4	2.8026399999999994	4.8491498397009936e-05	0.00017662240775555009
PIGU	0.9473900000000004	4.8491498397009936e-05	0.00017662240775555009
MFSD3	0.7072149999999997	4.8491498397009936e-05	0.00017662240775555009
MIR5047	0.4422000000000015	4.8491498397009936e-05	0.00017662240775555009
PARN	0.45412499999999945	4.8491498397009936e-05	0.00017662240775555009
MAML1	0.9065300000000001	4.8491498397009936e-05	0.00017662240775555009
NFATC4	-1.4451649999999994	4.8491498397009936e-05	0.00017662240775555009
LY75-CD302	-1.4455500000000008	4.8491498397009936e-05	0.00017662240775555009
LOC101930400	-4.768469999999999	4.8491498397009936e-05	0.00017662240775555009
ZDHHC14	-1.4148300000000003	4.849059480490294e-05	0.00017662240775555009
NEK2	3.1908449999999995	4.8491498397009936e-05	0.00017662240775555009
SMAD3	-1.4212900000000008	4.8491498397009936e-05	0.00017662240775555009
ARL13B	1.160895	4.8491498397009936e-05	0.00017662240775555009
SNW1	-0.4701999999999984	5.011048368065929e-05	0.00018166712227116633
LSM1	0.6471400000000003	5.011420546882608e-05	0.00018166712227116633
TMEM160	0.8044900000000004	5.011420546882608e-05	0.00018166712227116633
BSPRY	2.0788649999999995	5.011420546882608e-05	0.00018166712227116633
TMEM45A	1.7599350000000014	5.011420546882608e-05	0.00018166712227116633
SATB1	-1.1921999999999997	5.011420546882608e-05	0.00018166712227116633
POR	1.1701400000000008	5.011420546882608e-05	0.00018166712227116633
VPS36	-0.9164700000000003	5.011420546882608e-05	0.00018166712227116633
DNAH14	1.3882750000000001	5.011420546882608e-05	0.00018166712227116633
TMEM200A	1.868195	5.011420546882608e-05	0.00018166712227116633
PTOV1-AS2	-0.3753599999999997	5.011420546882608e-05	0.00018166712227116633
FAM124A	-0.773835	5.011420546882608e-05	0.00018166712227116633
HSPA6	1.9595749999999992	5.011420546882608e-05	0.00018166712227116633
MIER2	-0.42054500000000017	5.011420546882608e-05	0.00018166712227116633
SLC4A4	-0.41715500000000016	5.011420546882608e-05	0.00018166712227116633
KLC3	-0.43758499999999945	5.011420546882608e-05	0.00018166712227116633
SNORA5B	1.115475	5.011420546882608e-05	0.00018166712227116633
APC	1.0111299999999996	5.011420546882608e-05	0.00018166712227116633
HADH	-1.202585000000001	5.011420546882608e-05	0.00018166712227116633
MS4A7	2.5820799999999995	5.178829371326262e-05	0.00018620193149393409
ARHGEF26	1.2236149999999997	5.178829371326262e-05	0.00018620193149393409
SNX17	0.7721800000000005	5.178829371326262e-05	0.00018620193149393409
CYTIP	2.01255	5.178829371326262e-05	0.00018620193149393409
GNPNAT1	0.7938799999999988	5.178829371326262e-05	0.00018620193149393409
GCLM	1.146375	5.178829371326262e-05	0.00018620193149393409
ZMYM6	2.6361950000000007	5.178829371326262e-05	0.00018620193149393409
LOC100507630	-0.49904999999999955	5.1787335631858823e-05	0.00018620193149393409
OTULIN	0.9556250000000004	5.178829371326262e-05	0.00018620193149393409
SLC25A23	-1.33596	5.178829371326262e-05	0.00018620193149393409
SEC63	0.7865199999999994	5.1787335631858823e-05	0.00018620193149393409
CHID1	-0.91397	5.178829371326262e-05	0.00018620193149393409
ZNF354B	-0.9594850000000004	5.1787335631858823e-05	0.00018620193149393409
ZFAND3	0.8206499999999997	5.178829371326262e-05	0.00018620193149393409
CTXN1	1.23006	5.178829371326262e-05	0.00018620193149393409
C16orf91	0.5710650000000008	5.178829371326262e-05	0.00018620193149393409
TMEM9	0.76877	5.178829371326262e-05	0.00018620193149393409
ASAP1-IT1	1.2584549999999997	5.178829371326262e-05	0.00018620193149393409
HSD17B10	0.4948750000000004	5.178829371326262e-05	0.00018620193149393409
RIMKLB	-1.3517649999999994	5.178829371326262e-05	0.00018620193149393409
RPS9	-0.7143000000000015	5.178829371326262e-05	0.00018620193149393409
BCAP29	1.8697149999999993	5.178829371326262e-05	0.00018620193149393409
BLOC1S1	-0.5805100000000003	5.178829371326262e-05	0.00018620193149393409
TOB1	1.4726499999999998	5.178829371326262e-05	0.00018620193149393409
EIF3D	-0.6763000000000012	5.1787335631858823e-05	0.00018620193149393409
LOC101930415	0.9805400000000013	5.1787335631858823e-05	0.00018620193149393409
ATP1B3	1.051400000000001	5.178829371326262e-05	0.00018620193149393409
KBTBD8	-1.58772	5.178829371326262e-05	0.00018620193149393409
SDK2	-1.9456299999999995	5.178829371326262e-05	0.00018620193149393409
GUCY1A3	-1.492469999999999	5.178829371326262e-05	0.00018620193149393409
SPSB3	-0.7631499999999996	5.178829371326262e-05	0.00018620193149393409
PSMB4	0.5922499999999982	5.1787335631858823e-05	0.00018620193149393409
LOC101930416	1.4897150000000012	5.178829371326262e-05	0.00018620193149393409
HCCS	0.8676849999999998	5.264410850197746e-05	0.00018923211476874174
ALDH3A2	-1.4178699999999989	5.3515287995993744e-05	0.0001914160128763106
RCAN2	-1.6581699999999993	5.3515287995993744e-05	0.0001914160128763106
RDH11	0.8183450000000008	5.3515287995993744e-05	0.0001914160128763106
DDX19B	-0.7836499999999997	5.3515287995993744e-05	0.0001914160128763106
PMS2P9	0.49653999999999954	5.3515287995993744e-05	0.0001914160128763106
PKD2L1	-0.12838499999999975	5.3514301542632386e-05	0.0001914160128763106
RALGAPA2	-1.231655	5.3515287995993744e-05	0.0001914160128763106
RBM28	0.9348150000000004	5.3515287995993744e-05	0.0001914160128763106
ARMC9	-0.19493000000000027	5.3514301542632386e-05	0.0001914160128763106
MRPS18B	-0.5504499999999997	5.351331510333278e-05	0.0001914160128763106
USP18	1.8783750000000001	5.3515287995993744e-05	0.0001914160128763106
PHAX	-0.6142450000000004	5.3515287995993744e-05	0.0001914160128763106
APBA1	-1.7344350000000004	5.3515287995993744e-05	0.0001914160128763106
NUDT11	-0.994745	5.3514301542632386e-05	0.0001914160128763106
TBC1D23	0.67699	5.3515287995993744e-05	0.0001914160128763106
C2CD4B	-0.0717150000000002	5.3515287995993744e-05	0.0001914160128763106
HRCT1	-1.7116550000000004	5.3515287995993744e-05	0.0001914160128763106
EMC1	1.2044300000000003	5.3515287995993744e-05	0.0001914160128763106
FMOD	-1.7857450000000004	5.3515287995993744e-05	0.0001914160128763106
CORT	-0.22740500000000008	5.3515287995993744e-05	0.0001914160128763106
CLINT1	0.5791500000000003	5.4397110989784144e-05	0.0001945222471789326
ATP6	0.4131999999999998	5.5294723832016755e-05	0.00019648139868319622
FER	-0.5480400000000003	5.529675502122455e-05	0.00019648139868319622
NPHP1	-0.8715900000000003	5.529675502122455e-05	0.00019648139868319622
GCLC	1.8725649999999998	5.529675502122455e-05	0.00019648139868319622
AGPAT5	1.0596850000000009	5.529675502122455e-05	0.00019648139868319622
FAM185A	1.0962949999999996	5.529675502122455e-05	0.00019648139868319622
RASSF2	1.5415750000000008	5.529675502122455e-05	0.00019648139868319622
LLGL1	-0.8820649999999999	5.529675502122455e-05	0.00019648139868319622
BLOC1S3	1.0756750000000004	5.529675502122455e-05	0.00019648139868319622
TVP23C-CDRT4	-1.4110800000000001	5.529675502122455e-05	0.00019648139868319622
SIRT7	0.8635200000000003	5.529675502122455e-05	0.00019648139868319622
CELF6	-0.49668	5.529573941941575e-05	0.00019648139868319622
ZNF12	0.6913549999999997	5.529675502122455e-05	0.00019648139868319622
SRP72	0.5367000000000015	5.529573941941575e-05	0.00019648139868319622
KMO	3.32683	5.529675502122455e-05	0.00019648139868319622
LOC105369477	-0.23397000000000023	5.529675502122455e-05	0.00019648139868319622
MBD4	0.41445000000000043	5.529675502122455e-05	0.00019648139868319622
NUP133	0.6728300000000011	5.529675502122455e-05	0.00019648139868319622
TTC30B	0.7520800000000003	5.529675502122455e-05	0.00019648139868319622
CPLX1	-3.455865	5.529675502122455e-05	0.00019648139868319622
RASSF9	-0.7787900000000003	5.529675502122455e-05	0.00019648139868319622
AVPR1A	-2.127185	5.529675502122455e-05	0.00019648139868319622
MUC8	-0.44296000000000024	5.529675502122455e-05	0.00019648139868319622
ITPK1	-0.9554900000000011	5.529675502122455e-05	0.00019648139868319622
C7orf49	0.9679250000000001	5.529675502122455e-05	0.00019648139868319622
GEMIN4	-1.3139349999999999	5.529675502122455e-05	0.00019648139868319622
FAM206A	0.716545	5.713430437050835e-05	0.0002021696803285873
UBE2Z	0.48342500000000044	5.713430437050835e-05	0.0002021696803285873
LINC01312	-0.3055450000000004	5.713430437050835e-05	0.0002021696803285873
KIF21A	1.1843400000000006	5.713430437050835e-05	0.0002021696803285873
CHEK1	2.359635	5.713430437050835e-05	0.0002021696803285873
CPTP	-0.5178550000000008	5.713430437050835e-05	0.0002021696803285873
E2F8	2.90114	5.713430437050835e-05	0.0002021696803285873
NNT	1.2453249999999993	5.713325882454213e-05	0.0002021696803285873
KIAA1755	-1.7057349999999998	5.713430437050835e-05	0.0002021696803285873
FAM127B	1.16683	5.713430437050835e-05	0.0002021696803285873
COX4I1	-0.6768000000000001	5.713430437050835e-05	0.0002021696803285873
KMT2D	-0.5801350000000003	5.713430437050835e-05	0.0002021696803285873
POLH	-0.7361550000000001	5.713430437050835e-05	0.0002021696803285873
ARHGAP12	0.9385500000000002	5.713430437050835e-05	0.0002021696803285873
BRK1	0.7477	5.713430437050835e-05	0.0002021696803285873
LOC101930578	-1.1762700000000006	5.713430437050835e-05	0.0002021696803285873
NUDT21	0.6422499999999989	5.713430437050835e-05	0.0002021696803285873
GGT7	-0.9357199999999999	5.902958956403186e-05	0.00020766174894594738
PIAS3	1.958145	5.902958956403186e-05	0.00020766174894594738
ZMIZ1	0.9567899999999998	5.902958956403186e-05	0.00020766174894594738
PPP3R1	0.557385	5.902958956403186e-05	0.00020766174894594738
CES4A	-0.8725100000000001	5.902958956403186e-05	0.00020766174894594738
SMAD5	-0.5357600000000016	5.902958956403186e-05	0.00020766174894594738
ARL15	-1.4679099999999998	5.902958956403186e-05	0.00020766174894594738
UNG	0.7618349999999996	5.902958956403186e-05	0.00020766174894594738
SKA3	1.5408850000000003	5.902958956403186e-05	0.00020766174894594738
PCNX3	0.6587350000000001	5.902958956403186e-05	0.00020766174894594738
PLEKHG2	-0.38644000000000034	5.9028513258565516e-05	0.00020766174894594738
HIRA	0.7674599999999998	5.902958956403186e-05	0.00020766174894594738
SMARCD3	-1.6986349999999995	5.902958956403186e-05	0.00020766174894594738
MESP1	-2.373849999999999	5.902958956403186e-05	0.00020766174894594738
NXT1	0.6134600000000008	5.902958956403186e-05	0.00020766174894594738
MYEOV	-2.323005	5.902958956403186e-05	0.00020766174894594738
ZSCAN32	0.8944149999999995	5.902958956403186e-05	0.00020766174894594738
RASAL2	1.7416850000000004	5.902958956403186e-05	0.00020766174894594738
LPCAT3	0.8259850000000002	5.902958956403186e-05	0.00020766174894594738
HRH3	-0.4940199999999999	5.902958956403186e-05	0.00020766174894594738
LOC102725051	-2.2574450000000006	5.9028513258565516e-05	0.00020766174894594738
PPP2R2D	0.4761949999999997	5.902958956403186e-05	0.00020766174894594738
PEMT	-1.0107050000000006	5.902958956403186e-05	0.00020766174894594738
AMIGO2	-1.96148	5.902958956403186e-05	0.00020766174894594738
NAPG	1.4670799999999993	6.098430914476652e-05	0.00021370997524138499
CASP9	-0.9067500000000006	6.098430914476652e-05	0.00021370997524138499
C21orf33	-0.6274999999999995	6.098430914476652e-05	0.00021370997524138499
IQCE	1.1093450000000002	6.098430914476652e-05	0.00021370997524138499
RPL7L1	0.39755000000000074	6.098430914476652e-05	0.00021370997524138499
MYL10	-0.4482300000000006	6.098430914476652e-05	0.00021370997524138499
THOC2	0.4744049999999991	6.098430914476652e-05	0.00021370997524138499
OIP5	2.396725	6.098430914476652e-05	0.00021370997524138499
CDKN2A	1.4562049999999997	6.098430914476652e-05	0.00021370997524138499
STXBP1	-1.8309599999999993	6.098430914476652e-05	0.00021370997524138499
ZNF337	-0.9271549999999991	6.098430914476652e-05	0.00021370997524138499
ZBTB2	0.548235	6.098430914476652e-05	0.00021370997524138499
BCAT2	1.1110950000000006	6.098430914476652e-05	0.00021370997524138499
CACNG1	-0.21943500000000027	6.098320124440149e-05	0.00021370997524138499
TMOD2	-1.4719800000000003	6.098430914476652e-05	0.00021370997524138499
HSP90AB1	0.7071000000000005	6.098430914476652e-05	0.00021370997524138499
FAIM	1.3715549999999999	6.300020778586963e-05	0.00021966122868340908
MSH6	0.8055650000000014	6.300020778586963e-05	0.00021966122868340908
SLF1	1.2776000000000005	6.300020778586963e-05	0.00021966122868340908
SMUG1	0.44509500000000024	6.299906743472483e-05	0.00021966122868340908
MAPRE2	1.7486449999999998	6.300020778586963e-05	0.00021966122868340908
FAT4	-1.40538	6.300020778586963e-05	0.00021966122868340908
TMTC1	-3.388635	6.299906743472483e-05	0.00021966122868340908
PSMD3	1.2193100000000001	6.300020778586963e-05	0.00021966122868340908
CNOT10	1.16866	6.300020778586963e-05	0.00021966122868340908
PEX11G	-0.6631599999999995	6.300020778586963e-05	0.00021966122868340908
FAM43A	-1.7126299999999999	6.300020778586963e-05	0.00021966122868340908
DTWD2	-0.5822300000000009	6.300020778586963e-05	0.00021966122868340908
LTB4R	-1.5864700000000003	6.300020778586963e-05	0.00021966122868340908
PPP2R3C	1.083244999999999	6.300020778586963e-05	0.00021966122868340908
LOC100289230	-1.06482	6.300020778586963e-05	0.00021966122868340908
TMEM55A	-0.953450000000001	6.300020778586963e-05	0.00021966122868340908
MECOM	-1.5350750000000009	6.300020778586963e-05	0.00021966122868340908
CD3EAP	-1.3670850000000003	6.300020778586963e-05	0.00021966122868340908
PRSS8	1.271189999999999	6.300020778586963e-05	0.00021966122868340908
CIC	-0.6559499999999998	6.300020778586963e-05	0.00021966122868340908
UBXN2B	0.6114200000000007	6.300020778586963e-05	0.00021966122868340908
ZNF266	-0.6865749999999995	6.507907742174189e-05	0.00022577122845641084
MYO9A	-1.181890000000001	6.507907742174189e-05	0.00022577122845641084
LOC642533	-0.39034000000000013	6.507790374301657e-05	0.00022577122845641084
MYL6B	-0.9641200000000012	6.507907742174189e-05	0.00022577122845641084
MYOD1	-0.038015000000000576	6.507907742174189e-05	0.00022577122845641084
LOC646214	-1.2739049999999992	6.507907742174189e-05	0.00022577122845641084
TPSG1	-0.6299549999999998	6.507907742174189e-05	0.00022577122845641084
NID2	2.120875	6.507907742174189e-05	0.00022577122845641084
SYS1	0.9533399999999999	6.507907742174189e-05	0.00022577122845641084
SLC26A3	-4.396224999999999	6.507907742174189e-05	0.00022577122845641084
SLC26A6	0.8365399999999994	6.507907742174189e-05	0.00022577122845641084
KMT2A	-1.0070250000000005	6.507907742174189e-05	0.00022577122845641084
EMB	1.4485100000000006	6.507907742174189e-05	0.00022577122845641084
TYRO3	-0.5378850000000002	6.507907742174189e-05	0.00022577122845641084
SNORD77	-1.138849999999998	6.507907742174189e-05	0.00022577122845641084
TFPI2	-0.8112849999999998	6.507907742174189e-05	0.00022577122845641084
DOK4	-0.8113799999999998	6.507907742174189e-05	0.00022577122845641084
DCAF10	0.9455749999999989	6.507907742174189e-05	0.00022577122845641084
ZSCAN9	0.8977349999999991	6.507907742174189e-05	0.00022577122845641084
CEP192	1.2568199999999994	6.507907742174189e-05	0.00022577122845641084
C17orf75	1.0892250000000008	6.507907742174189e-05	0.00022577122845641084
ZNF318	0.6271499999999994	6.722275840313638e-05	0.00023209911971715323
EMSY	0.9380750000000004	6.722275840313638e-05	0.00023209911971715323
FBLN7	-1.6431900000000006	6.722275840313638e-05	0.00023209911971715323
TAF5L	0.7790650000000001	6.722275840313638e-05	0.00023209911971715323
TTI1	0.6401050000000001	6.722155049866839e-05	0.00023209911971715323
APOA5	-0.3104950000000004	6.722275840313638e-05	0.00023209911971715323
FBXO24	-0.45561000000000007	6.722275840313638e-05	0.00023209911971715323
MIR5193	-1.0950799999999994	6.722275840313638e-05	0.00023209911971715323
C18orf25	0.6572249999999995	6.722275840313638e-05	0.00023209911971715323
PGRMC1	0.7957000000000001	6.722275840313638e-05	0.00023209911971715323
GLIPR1	1.8078399999999997	6.722155049866839e-05	0.00023209911971715323
ZFYVE27	-0.9370799999999999	6.722275840313638e-05	0.00023209911971715323
RNASE6	2.77909	6.722275840313638e-05	0.00023209911971715323
MCU	0.9387749999999997	6.722275840313638e-05	0.00023209911971715323
TGFBR1	1.1549449999999997	6.722275840313638e-05	0.00023209911971715323
ICA1L	-1.1324049999999994	6.722275840313638e-05	0.00023209911971715323
TMX2	0.6129000000000016	6.722034261086101e-05	0.00023209911971715323
PSMA7	0.637550000000001	6.722155049866839e-05	0.00023209911971715323
ZW10	1.0827999999999998	6.722275840313638e-05	0.00023209911971715323
RAB20	0.9226349999999988	6.722275840313638e-05	0.00023209911971715323
UPF2	0.7436899999999991	6.943314067672877e-05	0.00023825805030894498
LRRC49	-1.063615	6.943314067672877e-05	0.00023825805030894498
SEP15	0.8323499999999999	6.943189762654398e-05	0.00023825805030894498
PRPSAP2	0.8357849999999996	6.943314067672877e-05	0.00023825805030894498
ANKRD13D	1.0503800000000005	6.943314067672877e-05	0.00023825805030894498
ZEB2	-1.378635	6.943314067672877e-05	0.00023825805030894498
BTBD19	0.8676599999999999	6.943314067672877e-05	0.00023825805030894498
P4HB	0.6164500000000004	6.943314067672877e-05	0.00023825805030894498
TP73-AS1	-1.1647999999999996	6.943314067672877e-05	0.00023825805030894498
IL22RA2	-0.5036500000000004	6.943314067672877e-05	0.00023825805030894498
HEMK1	-0.9777100000000001	6.943314067672877e-05	0.00023825805030894498
CNST	0.8084750000000005	6.943314067672877e-05	0.00023825805030894498
CDYL2	1.721825	6.943314067672877e-05	0.00023825805030894498
C4orf47	-0.8603350000000001	6.943314067672877e-05	0.00023825805030894498
CAPS2	-1.01565	6.943189762654398e-05	0.00023825805030894498
NFE2L2	0.6205999999999996	6.943314067672877e-05	0.00023825805030894498
C2orf42	1.5494950000000003	6.943314067672877e-05	0.00023825805030894498
EXOC2	1.4208299999999996	6.943314067672877e-05	0.00023825805030894498
C7orf50	1.115240000000001	6.943314067672877e-05	0.00023825805030894498
GINM1	1.2742300000000002	6.943314067672877e-05	0.00023825805030894498
CCNL2	-0.8673500000000001	6.943314067672877e-05	0.00023825805030894498
CSPG4	-1.1408299999999993	6.943314067672877e-05	0.00023825805030894498
NIPBL	-0.6332100000000018	6.943314067672877e-05	0.00023825805030894498
C2orf47	0.4640599999999999	6.943189762654398e-05	0.00023825805030894498
RGAG4	-0.766775	6.943314067672877e-05	0.00023825805030894498
NMB	-1.6342600000000003	6.943314067672877e-05	0.00023825805030894498
ID2B	1.7190350000000016	7.17121649895557e-05	0.00024497860738139916
RAVER1	0.5303849999999999	7.17121649895557e-05	0.00024497860738139916
RNFT2	1.1734650000000002	7.17121649895557e-05	0.00024497860738139916
ZNF565	0.8346050000000007	7.17121649895557e-05	0.00024497860738139916
SGK1	1.2503700000000002	7.17121649895557e-05	0.00024497860738139916
IL34	-1.1836099999999998	7.17121649895557e-05	0.00024497860738139916
EBF2	-0.6018750000000002	7.17121649895557e-05	0.00024497860738139916
MAFF	-1.5263749999999998	7.17121649895557e-05	0.00024497860738139916
ZMYM5	0.7599099999999996	7.17121649895557e-05	0.00024497860738139916
LOC101060443	-1.1419050000000004	7.17121649895557e-05	0.00024497860738139916
LEMD3	0.5877250000000007	7.17121649895557e-05	0.00024497860738139916
LOC101927699	-0.4341299999999997	7.17121649895557e-05	0.00024497860738139916
NDUFA5	0.8073499999999996	7.17121649895557e-05	0.00024497860738139916
PI15	-6.034690000000001	7.17121649895557e-05	0.00024497860738139916
FAM69B	-1.8433400000000004	7.17121649895557e-05	0.00024497860738139916
EOGT	-1.0730000000000004	7.17121649895557e-05	0.00024497860738139916
C5orf51	0.6050700000000004	7.17121649895557e-05	0.00024497860738139916
ABI1	0.6090300000000006	7.17121649895557e-05	0.00024497860738139916
ZNHIT6	0.6325100000000008	7.17121649895557e-05	0.00024497860738139916
NARS	0.46110000000000007	7.406182411873598e-05	0.000252115754770812
PHLPP1	-1.726495	7.406182411873598e-05	0.000252115754770812
NUPL2	0.8274499999999998	7.406182411873598e-05	0.000252115754770812
XIST	-0.6958500000000001	7.406050792764872e-05	0.000252115754770812
ZNF677	-1.7392849999999997	7.406182411873598e-05	0.000252115754770812
EXOSC9	0.6610899999999997	7.406182411873598e-05	0.000252115754770812
RBM3	0.9371200000000002	7.405919175445695e-05	0.000252115754770812
NIPAL3	-1.0932700000000004	7.406182411873598e-05	0.000252115754770812
SON	-0.37899999999999956	7.406050792764872e-05	0.000252115754770812
RGS22	-0.9146899999999998	7.406050792764872e-05	0.000252115754770812
APEH	0.884669999999999	7.406182411873598e-05	0.000252115754770812
NSUN5P1	-0.6674699999999998	7.406182411873598e-05	0.000252115754770812
INPP5K	-0.87432	7.406182411873598e-05	0.000252115754770812
RBM45	0.47065999999999963	7.406182411873598e-05	0.000252115754770812
STXBP6	-0.4858749999999996	7.406050792764872e-05	0.000252115754770812
LOC654342	-0.9412599999999998	7.526244393104108e-05	0.000256142772619306
PP14571	0.4954099999999997	7.648416412688916e-05	0.0002590863147773931
TPD52L2	0.8038000000000007	7.648416412688916e-05	0.0002590863147773931
RBBP6	0.8697850000000003	7.648416412688916e-05	0.0002590863147773931
ALB	-0.5242200000000001	7.648010148521175e-05	0.0002590863147773931
TNFSF4	1.2648099999999998	7.648416412688916e-05	0.0002590863147773931
RPN2	0.6472499999999997	7.648280989467206e-05	0.0002590863147773931
ZNF362	-0.7229650000000003	7.648416412688916e-05	0.0002590863147773931
LOC101927157	-0.44803499999999996	7.648416412688916e-05	0.0002590863147773931
CARF	-0.29622000000000037	7.648416412688916e-05	0.0002590863147773931
CUEDC1	1.7521649999999998	7.648280989467206e-05	0.0002590863147773931
SLC25A16	-0.9081949999999992	7.648280989467206e-05	0.0002590863147773931
PLCG1	-0.6852499999999999	7.648416412688916e-05	0.0002590863147773931
FANCL	0.6509549999999997	7.648416412688916e-05	0.0002590863147773931
CAPZB	0.4930000000000003	7.648416412688916e-05	0.0002590863147773931
C9orf69	0.49314500000000017	7.648416412688916e-05	0.0002590863147773931
SNX15	-0.5176750000000006	7.648416412688916e-05	0.0002590863147773931
ANKRD20A11P	-1.6052049999999998	7.648416412688916e-05	0.0002590863147773931
THRB	-1.5872599999999997	7.648416412688916e-05	0.0002590863147773931
CPAMD8	-2.161270000000001	7.648416412688916e-05	0.0002590863147773931
KRT19	1.5737999999999985	7.648416412688916e-05	0.0002590863147773931
LOC101060835	1.2671500000000009	7.772187010950354e-05	0.0002632175834258886
HSPD1	0.6755999999999993	7.898128564367609e-05	0.00026593235105899934
DCLRE1A	0.6458350000000008	7.898128564367609e-05	0.00026593235105899934
ENG	-1.3824249999999996	7.898128564367609e-05	0.00026593235105899934
LCAT	-1.3905149999999997	7.898128564367609e-05	0.00026593235105899934
IFI27L2	-0.779935	7.898128564367609e-05	0.00026593235105899934
BFAR	0.5389549999999996	7.898128564367609e-05	0.00026593235105899934
RNPS1	0.44045000000000023	7.898128564367609e-05	0.00026593235105899934
DCX	-0.3269500000000001	7.898128564367609e-05	0.00026593235105899934
SETD1B	-0.42103	7.897989235845143e-05	0.00026593235105899934
ZNF573	-0.718869999999999	7.898128564367609e-05	0.00026593235105899934
SNCAIP	-1.8902700000000001	7.898128564367609e-05	0.00026593235105899934
LOC101927122	-0.478545	7.898128564367609e-05	0.00026593235105899934
DOCK10	1.444234999999999	7.898128564367609e-05	0.00026593235105899934
POU2F2	-0.13473999999999986	7.897989235845143e-05	0.00026593235105899934
PLIN5	-1.47058	7.898128564367609e-05	0.00026593235105899934
HDGFRP2	-0.6530750000000003	7.898128564367609e-05	0.00026593235105899934
OVOL1	1.6032950000000001	7.898128564367609e-05	0.00026593235105899934
PRR14L	0.7562949999999997	7.898128564367609e-05	0.00026593235105899934
ITGA10	-1.128285	7.898128564367609e-05	0.00026593235105899934
COG3	1.014055	7.898128564367609e-05	0.00026593235105899934
ZNF514	1.5392649999999994	7.898128564367609e-05	0.00026593235105899934
ATP13A4	-0.8883249999999996	7.897989235845143e-05	0.00026593235105899934
SLC39A11	1.3481800000000002	7.898128564367609e-05	0.00026593235105899934
GRAMD2	-1.3125299999999998	7.898128564367609e-05	0.00026593235105899934
FAM86B3P	-0.6684950000000001	7.898128564367609e-05	0.00026593235105899934
LOC101930388	-0.5253500000000004	8.155534517388106e-05	0.0002735211830519863
ZNF24	0.9273000000000007	8.155534517388106e-05	0.0002735211830519863
RPL36A-HNRNPH2	-0.5199499999999997	8.155534517388106e-05	0.0002735211830519863
LOC100506603	-0.27414499999999986	8.155534517388106e-05	0.0002735211830519863
TRIM56	-0.7047449999999991	8.155534517388106e-05	0.0002735211830519863
COX8A	0.5160000000000018	8.155534517388106e-05	0.0002735211830519863
PMF1	0.6700649999999992	8.155534517388106e-05	0.0002735211830519863
OSBPL2	0.8367249999999995	8.155534517388106e-05	0.0002735211830519863
IGSF9	1.5140049999999992	8.155534517388106e-05	0.0002735211830519863
SNORA17B	-1.152985000000001	8.155534517388106e-05	0.0002735211830519863
WHSC1L1	1.0626400000000018	8.155534517388106e-05	0.0002735211830519863
SIX2	0.44768500000000033	8.155534517388106e-05	0.0002735211830519863
PRB3	-0.5085100000000002	8.155534517388106e-05	0.0002735211830519863
GPR26	-0.6014750000000006	8.155534517388106e-05	0.0002735211830519863
MED16	-1.37873	8.155534517388106e-05	0.0002735211830519863
TLR1	1.7307749999999995	8.155534517388106e-05	0.0002735211830519863
SMURF1	0.8996199999999996	8.155534517388106e-05	0.0002735211830519863
KLHDC10	-0.7705600000000015	8.420855643246788e-05	0.00028144456996830806
LOC101930373	-0.35231499999999993	8.420855643246788e-05	0.00028144456996830806
TUBA3D	0.34811999999999976	8.420855643246788e-05	0.00028144456996830806
COL1A2	1.4534500000000001	8.420855643246788e-05	0.00028144456996830806
ARRDC1	1.0234850000000009	8.420855643246788e-05	0.00028144456996830806
TRIB3	1.6469450000000005	8.420855643246788e-05	0.00028144456996830806
DOCK5	1.4501350000000004	8.420708190838817e-05	0.00028144456996830806
BLM	1.9953250000000002	8.420855643246788e-05	0.00028144456996830806
LOC102724165	-0.48984000000000005	8.420855643246788e-05	0.00028144456996830806
OSBPL1A	-1.1335550000000012	8.420855643246788e-05	0.00028144456996830806
CDH19	-0.5247200000000003	8.420855643246788e-05	0.00028144456996830806
SCAMP2	0.7072250000000011	8.420855643246788e-05	0.00028144456996830806
PON2	0.7818899999999989	8.420855643246788e-05	0.00028144456996830806
LOC101930243	-0.4424000000000001	8.420708190838817e-05	0.00028144456996830806
LYRM1	-0.7344500000000007	8.420855643246788e-05	0.00028144456996830806
CDK9	0.4418500000000005	8.694319170703661e-05	0.000288988104822519
DLX6	-0.654585	8.694319170703661e-05	0.000288988104822519
KIF5B	0.6141500000000004	8.694319170703661e-05	0.000288988104822519
PDIK1L	0.8141300000000005	8.694319170703661e-05	0.000288988104822519
NAV3	-3.520365	8.694319170703661e-05	0.000288988104822519
RPA2	1.0169349999999993	8.694319170703661e-05	0.000288988104822519
MAFG	0.4161950000000001	8.694319170703661e-05	0.000288988104822519
SHROOM4	-0.7437750000000003	8.694319170703661e-05	0.000288988104822519
LOC101928615	1.0777499999999982	8.694319170703661e-05	0.000288988104822519
F12	1.8238250000000003	8.694319170703661e-05	0.000288988104822519
TIMM9	-0.7075250000000004	8.694319170703661e-05	0.000288988104822519
ZNF3	0.9010300000000013	8.694319170703661e-05	0.000288988104822519
CASD1	1.4949950000000003	8.694319170703661e-05	0.000288988104822519
TSGA10	-0.9974349999999998	8.694319170703661e-05	0.000288988104822519
MPST	-0.95791	8.694319170703661e-05	0.000288988104822519
DNAJB9	0.7662200000000006	8.694319170703661e-05	0.000288988104822519
LINC00312	-1.8011100000000004	8.694319170703661e-05	0.000288988104822519
RAB27A	1.1914500000000006	8.694319170703661e-05	0.000288988104822519
CTGF	2.00389	8.694167494725724e-05	0.000288988104822519
ACD	-0.7788249999999994	8.694319170703661e-05	0.000288988104822519
TNKS2	0.8757549999999998	8.694319170703661e-05	0.000288988104822519
ADAT1	1.2888450000000002	8.694319170703661e-05	0.000288988104822519
SORBS2	-2.211789999999999	8.694319170703661e-05	0.000288988104822519
RBM15B	0.8795200000000003	8.694319170703661e-05	0.000288988104822519
GPX8	1.7980549999999997	8.834023150485694e-05	0.00029356449471705547
COX6C	0.56325	8.976158324811985e-05	0.00029719966072257105
HLX	-0.8930400000000001	8.976158324811985e-05	0.00029719966072257105
IKBKAP	0.613760000000001	8.976158324811985e-05	0.00029719966072257105
FECH	2.1338100000000004	8.976158324811985e-05	0.00029719966072257105
TNIP1	-0.7200950000000006	8.976158324811985e-05	0.00029719966072257105
FBXW4	-0.5954800000000002	8.976158324811985e-05	0.00029719966072257105
DSCR10	-0.1697949999999997	8.976158324811985e-05	0.00029719966072257105
SPRY2	-1.861064999999999	8.976158324811985e-05	0.00029719966072257105
EWSR1	0.3757850000000005	8.976158324811985e-05	0.00029719966072257105
FAM109A	-0.6359150000000007	8.976002314104276e-05	0.00029719966072257105
GRK5	-1.37847	8.976158324811985e-05	0.00029719966072257105
DNAJC16	1.1157999999999992	8.976158324811985e-05	0.00029719966072257105
CYB5R3	-0.6085499999999993	8.976158324811985e-05	0.00029719966072257105
ZNF444	-0.9145299999999992	8.976158324811985e-05	0.00029719966072257105
MIR4467	0.5119550000000004	8.976158324811985e-05	0.00029719966072257105
CCDC125	2.0266499999999996	8.976158324811985e-05	0.00029719966072257105
RPL29	-0.5515500000000007	9.119976880088078e-05	0.0003018926470313177
ADNP2	0.6869199999999989	9.266612468775369e-05	0.0003048012373081674
MAF	-1.06757	9.266612468775369e-05	0.0003048012373081674
TBPL1	0.8236350000000003	9.266612468775369e-05	0.0003048012373081674
SERINC3	0.6663499999999996	9.266452009557139e-05	0.0003048012373081674
NOSIP	-0.5621199999999984	9.266452009557139e-05	0.0003048012373081674
SNRNP27	1.4776450000000008	9.266612468775369e-05	0.0003048012373081674
DTX2P1-UPK3BP1-PMS2P11	0.727825000000001	9.266612468775369e-05	0.0003048012373081674
L3MBTL4	-1.8518050000000001	9.266612468775369e-05	0.0003048012373081674
HPCAL1	1.020884999999999	9.266612468775369e-05	0.0003048012373081674
TRMT2B	0.35403999999999947	9.266612468775369e-05	0.0003048012373081674
DDX43	-0.2155250000000004	9.266612468775369e-05	0.0003048012373081674
TMIGD2	-0.43515000000000015	9.266612468775369e-05	0.0003048012373081674
COL5A1	2.187310000000002	9.266612468775369e-05	0.0003048012373081674
AMN	-0.3580000000000001	9.266612468775369e-05	0.0003048012373081674
MID1	-1.8709600000000002	9.266612468775369e-05	0.0003048012373081674
CAMK2G	1.3848399999999996	9.266612468775369e-05	0.0003048012373081674
RAB4B-EGLN2	-0.6615249999999993	9.266612468775369e-05	0.0003048012373081674
SLC9A9	-0.9376699999999998	9.266452009557139e-05	0.0003048012373081674
CAV2	-2.1247999999999987	9.266612468775369e-05	0.0003048012373081674
ETAA1	-0.37381500000000045	9.266612468775369e-05	0.0003048012373081674
KLHL20	0.7825199999999999	9.266452009557139e-05	0.0003048012373081674
CORO7	-0.5165150000000001	9.266612468775369e-05	0.0003048012373081674
RASGRF2	-2.0061600000000004	9.266612468775369e-05	0.0003048012373081674
PLEKHA8P1	-0.8953199999999999	9.266612468775369e-05	0.0003048012373081674
TRIM68	-1.5667150000000003	9.266612468775369e-05	0.0003048012373081674
LURAP1L	2.7757600000000004	9.266612468775369e-05	0.0003048012373081674
MON1B	-0.6422800000000013	9.266612468775369e-05	0.0003048012373081674
PRDM15	-0.7881099999999996	9.266612468775369e-05	0.0003048012373081674
CC2D1A	-1.297415	9.565927248676736e-05	0.00031407731292173535
TRAK2	1.0609250000000001	9.565927248676736e-05	0.00031407731292173535
C16orf86	-0.16381999999999985	9.565927248676736e-05	0.00031407731292173535
MAGI2	-1.7410550000000002	9.565927248676736e-05	0.00031407731292173535
TEP1	0.7410300000000003	9.565927248676736e-05	0.00031407731292173535
IGBP1	-0.7501850000000001	9.565927248676736e-05	0.00031407731292173535
C2CD2	-1.1199149999999989	9.565927248676736e-05	0.00031407731292173535
NDUFA12	0.7034499999999984	9.565927248676736e-05	0.00031407731292173535
IFT27	1.0010750000000002	9.874354741123184e-05	0.00032252671963695653
CCT7	0.6201299999999996	9.874354741123184e-05	0.00032252671963695653
ZNF587	0.721824999999999	9.874185032792428e-05	0.00032252671963695653
HELB	-0.368595	9.874354741123184e-05	0.00032252671963695653
PPP1R12B	-1.2988749999999998	9.874354741123184e-05	0.00032252671963695653
KLC4	-0.5041350000000007	9.874354741123184e-05	0.00032252671963695653
EPB41L2	-1.209105000000001	9.874354741123184e-05	0.00032252671963695653
FBXW12	-0.5056999999999992	9.87384562275712e-05	0.00032252671963695653
PAK4	0.699069999999999	9.874354741123184e-05	0.00032252671963695653
HLA-DRB1	0.9275000000000002	9.874354741123184e-05	0.00032252671963695653
LINC00675	-0.246035	9.874185032792428e-05	0.00032252671963695653
METAP1D	-0.8054150000000009	9.874354741123184e-05	0.00032252671963695653
OXSM	0.7676549999999995	9.874354741123184e-05	0.00032252671963695653
IL1RAP	-0.4897049999999994	9.874354741123184e-05	0.00032252671963695653
MIR6733	0.6600950000000001	9.874354741123184e-05	0.00032252671963695653
MIR29C	-3.1600699999999993	9.874354741123184e-05	0.00032252671963695653
CDK8	0.8408749999999987	9.874354741123184e-05	0.00032252671963695653
DMC1	-0.14329000000000036	9.874354741123184e-05	0.00032252671963695653
C16orf87	1.24852	9.874354741123184e-05	0.00032252671963695653
LTBP2	-1.1162149999999986	9.874354741123184e-05	0.00032252671963695653
HDAC2	0.823129999999999	9.874354741123184e-05	0.00032252671963695653
CHD4	0.7310800000000022	9.874354741123184e-05	0.00032252671963695653
SMG9	-0.534885	9.874354741123184e-05	0.00032252671963695653
DIAPH3	1.8988950000000004	0.00010192153603852057	0.0003319364311171554
TXNDC16	1.088935000000001	0.00010192153603852057	0.0003319364311171554
PPP1R3F	-0.25819499999999973	0.00010192153603852057	0.0003319364311171554
GMCL1P1	0.7132149999999999	0.00010192153603852057	0.0003319364311171554
MMP1	4.8884599999999985	0.00010192153603852057	0.0003319364311171554
ARL5B	0.7790850000000002	0.00010192153603852057	0.0003319364311171554
FAM172A	-1.1025950000000009	0.00010192153603852057	0.0003319364311171554
ARHGDIB	0.7826000000000004	0.00010191979089409996	0.0003319364311171554
KAZN	-1.1997299999999989	0.00010192153603852057	0.0003319364311171554
DAPK1	1.3106499999999999	0.00010192153603852057	0.0003319364311171554
SLC35F2	1.2047600000000003	0.00010192153603852057	0.0003319364311171554
SPATA13	1.1563350000000003	0.00010192153603852057	0.0003319364311171554
ARHGEF9	0.8340050000000003	0.00010192153603852057	0.0003319364311171554
IKBKG	0.6561250000000003	0.00010519589229342823	0.00034091826554009475
LAMTOR5	0.44340000000000046	0.00010519409783988297	0.00034091826554009475
SEC61A1	0.4868649999999981	0.00010519589229342823	0.00034091826554009475
NRAS	0.6463350000000005	0.00010519589229342823	0.00034091826554009475
SSPN	-1.358600000000001	0.00010519589229342823	0.00034091826554009475
PDK2	-1.2759749999999999	0.00010519589229342823	0.00034091826554009475
ZNF253	0.8452299999999999	0.00010519589229342823	0.00034091826554009475
SAP25	-0.600954999999999	0.00010519589229342823	0.00034091826554009475
C1QC	1.3345699999999994	0.00010519589229342823	0.00034091826554009475
SLC15A3	1.6343850000000009	0.00010519589229342823	0.00034091826554009475
COMMD10	1.0498550000000009	0.00010519589229342823	0.00034091826554009475
TAOK1	0.74864	0.00010519409783988297	0.00034091826554009475
EHD3	-0.709905	0.00010519589229342823	0.00034091826554009475
GULP1	-2.1977850000000014	0.00010519589229342823	0.00034091826554009475
TBXA2R	-0.5953050000000006	0.00010519589229342823	0.00034091826554009475
PTPRO	1.0032499999999995	0.00010519589229342823	0.00034091826554009475
PDE3A	-0.5679000000000003	0.00010519589229342823	0.00034091826554009475
AKAP8L	0.9078200000000001	0.00010519589229342823	0.00034091826554009475
FAM13C	-2.659985	0.00010519589229342823	0.00034091826554009475
NFE2L3	1.8621999999999996	0.00010519589229342823	0.00034091826554009475
PXN	-0.9912900000000002	0.00010519589229342823	0.00034091826554009475
LOC101929796	1.4352549999999997	0.00010519589229342823	0.00034091826554009475
ELF5	-4.776445	0.00010856933901480448	0.00034966598828409636
USP31	2.197825000000001	0.00010856933901480448	0.00034966598828409636
DHRS3	-1.7378350000000005	0.00010856933901480448	0.00034966598828409636
LIX1L	-0.9857349999999983	0.00010856933901480448	0.00034966598828409636
ACOT9	1.072424999999999	0.00010856933901480448	0.00034966598828409636
MYO1E	0.814565	0.00010856933901480448	0.00034966598828409636
KLHL3	-1.5217550000000006	0.00010856933901480448	0.00034966598828409636
EEF1D	-0.5842500000000008	0.00010856564895923526	0.00034966598828409636
SMG7	0.7528300000000003	0.00010856933901480448	0.00034966598828409636
TOM1L2	-0.9334600000000002	0.00010856933901480448	0.00034966598828409636
MYNN	0.772005	0.00010856933901480448	0.00034966598828409636
BHLHE22	-1.3075100000000006	0.00010856933901480448	0.00034966598828409636
MOB4	0.6499600000000001	0.00010856933901480448	0.00034966598828409636
MAP4K2	1.0191050000000001	0.00010856933901480448	0.00034966598828409636
ACOT13	1.218449999999999	0.00010856933901480448	0.00034966598828409636
PTPRB	-2.582585000000001	0.00010856933901480448	0.00034966598828409636
GATSL3	0.5953249999999999	0.00010856749397519031	0.00034966598828409636
HIPK1	0.7053049999999992	0.00010856933901480448	0.00034966598828409636
EFHD2	0.7291550000000004	0.00010856933901480448	0.00034966598828409636
CAMTA1	0.6870700000000003	0.00010856933901480448	0.00034966598828409636
MGAT3	-0.73177	0.00010856933901480448	0.00034966598828409636
HERC4	0.9024300000000007	0.00010856933901480448	0.00034966598828409636
NPRL3	-0.7687200000000001	0.00010856933901480448	0.00034966598828409636
KCMF1	0.45191999999999943	0.00010856933901480448	0.00034966598828409636
ARHGEF5	-0.9774350000000016	0.00010856933901480448	0.00034966598828409636
RIPK4	-1.2662349999999991	0.00010856933901480448	0.00034966598828409636
TIMP1	0.9617000000000004	0.00010856933901480448	0.00034966598828409636
AIF1L	-2.6131949999999993	0.00010856933901480448	0.00034966598828409636
MIR664B	0.7244150000000005	0.00011204277262102595	0.00035847382490657
YBX3	-0.8748500000000003	0.00011204277262102595	0.00035847382490657
QRICH2	-0.3935599999999999	0.00011204466955315531	0.00035847382490657
TREM2	1.0058699999999998	0.00011204466955315531	0.00035847382490657
SLAIN2	0.8778450000000007	0.00011204466955315531	0.00035847382490657
PPM1D	0.9518099999999992	0.00011204466955315531	0.00035847382490657
CAMLG	-0.5854000000000017	0.00011204277262102595	0.00035847382490657
MED7	0.5435549999999996	0.00011204466955315531	0.00035847382490657
PDXP	0.6787700000000001	0.00011204466955315531	0.00035847382490657
ZER1	-0.6676200000000003	0.00011204466955315531	0.00035847382490657
JSRP1	-0.424925	0.00011204466955315531	0.00035847382490657
CITED1	-2.9954550000000006	0.00011204277262102595	0.00035847382490657
DAPL1	-1.239595	0.00011204466955315531	0.00035847382490657
ZNF587B	0.8338200000000002	0.00011204466955315531	0.00035847382490657
FAM65A	-0.4316550000000001	0.00011204466955315531	0.00035847382490657
NCBP2	0.8319599999999987	0.00011204466955315531	0.00035847382490657
CARD10	-2.1418649999999992	0.00011204466955315531	0.00035847382490657
ACAP2	0.7079400000000007	0.00011204466955315531	0.00035847382490657
SVIP	1.01459	0.00011204466955315531	0.00035847382490657
DHX33	0.8694699999999997	0.00011204466955315531	0.00035847382490657
PMS2P3	0.4520799999999987	0.00011204466955315531	0.00035847382490657
PREB	0.5883349999999998	0.00011204466955315531	0.00035847382490657
PCSK5	-2.8017249999999994	0.00011204466955315531	0.00035847382490657
PLEKHH1	-1.5632149999999996	0.00011204466955315531	0.00035847382490657
DNAJC15	1.6667500000000004	0.00011204466955315531	0.00035847382490657
HLA-F-AS1	-0.9234300000000006	0.00011204466955315531	0.00035847382490657
MRPL49	0.5155300000000018	0.00011204466955315531	0.00035847382490657
PTP4A2	0.6815999999999995	0.00011204466955315531	0.00035847382490657
CRK	0.840325	0.00011204466955315531	0.00035847382490657
CDK5RAP2	-1.3100449999999988	0.00011204466955315531	0.00035847382490657
MAP3K11	-0.9283649999999994	0.0001156247493996746	0.00036879038233737636
VPS13D	-0.73041	0.0001156247493996746	0.00036879038233737636
CCDC71	-0.38777499999999954	0.0001156247493996746	0.00036879038233737636
LZTR1	-0.6400600000000001	0.0001156247493996746	0.00036879038233737636
PENK	-0.35317500000000024	0.0001156247493996746	0.00036879038233737636
DGKA	1.5779749999999995	0.0001156247493996746	0.00036879038233737636
RAB5C	0.8240499999999997	0.0001156247493996746	0.00036879038233737636
ZNF664	0.7954999999999988	0.00011562279923850514	0.00036879038233737636
PITRM1	1.0555649999999996	0.0001156247493996746	0.00036879038233737636
B3GALNT1	1.2446100000000007	0.0001156247493996746	0.00036879038233737636
HIP1R	-1.0729999999999995	0.0001156247493996746	0.00036879038233737636
APP	-0.8753499999999992	0.00011562279923850514	0.00036879038233737636
RSG1	-0.5971950000000001	0.0001156247493996746	0.00036879038233737636
TRIM35	-0.3482700000000003	0.0001156247493996746	0.00036879038233737636
DVL2	-0.8235450000000002	0.00011931051308976692	0.00037930306133462233
CDH22	-0.18230500000000038	0.0001193125178471667	0.00037930306133462233
ZXDC	1.5564750000000007	0.0001193125178471667	0.00037930306133462233
STUM	-1.2084549999999998	0.0001193125178471667	0.00037930306133462233
RAB9A	1.047835000000001	0.0001193125178471667	0.00037930306133462233
IGHD	3.295685	0.0001193125178471667	0.00037930306133462233
LOC642846	1.3191999999999995	0.0001193125178471667	0.00037930306133462233
LOC115110	-0.8391250000000001	0.0001193125178471667	0.00037930306133462233
ELP4	0.5353950000000003	0.0001193125178471667	0.00037930306133462233
GALNT3	1.6713050000000003	0.0001193125178471667	0.00037930306133462233
ZDHHC24	0.5114549999999998	0.0001193125178471667	0.00037930306133462233
ZFYVE1	-0.9231250000000006	0.00011931051308976692	0.00037930306133462233
HLA-DRB6	0.7643500000000003	0.0001193125178471667	0.00037930306133462233
ERC1	1.7848050000000004	0.0001193125178471667	0.00037930306133462233
C20orf196	-0.29124000000000017	0.0001193125178471667	0.00037930306133462233
RABL3	0.6296849999999994	0.00012311098968332046	0.00038992754464147865
PHRF1	-0.67631	0.00012311098968332046	0.00038992754464147865
IL33	-1.5380250000000002	0.00012311098968332046	0.00038992754464147865
NALCN	-2.4397449999999994	0.00012311098968332046	0.00038992754464147865
ZNF239	1.2556599999999998	0.00012311098968332046	0.00038992754464147865
TMEM177	0.6932299999999998	0.00012311098968332046	0.00038992754464147865
TANC2	1.5117600000000007	0.00012311098968332046	0.00038992754464147865
POLM	1.2266899999999992	0.00012311098968332046	0.00038992754464147865
PROX1	-0.6531850000000001	0.00012311098968332046	0.00038992754464147865
YIPF1	0.7477350000000005	0.00012311098968332046	0.00038992754464147865
LANCL2	-0.6899449999999998	0.00012311098968332046	0.00038992754464147865
TSPAN7	-2.2655000000000003	0.00012311098968332046	0.00038992754464147865
CTSC	1.5550700000000024	0.00012310686820506245	0.00038992754464147865
SUZ12	0.6588499999999993	0.00012310686820506245	0.00038992754464147865
CAPN7	0.8351999999999995	0.00012311098968332046	0.00038992754464147865
MSTO2P	0.9990800000000002	0.00012311098968332046	0.00038992754464147865
PFDN5	-0.6178000000000008	0.00012311098968332046	0.00038992754464147865
CACYBP	0.6010000000000009	0.00012504852401918267	0.00039597790357753397
DLGAP1	-0.3626549999999993	0.000127023256916808	0.00040013703621385815
FAM192A	0.713635	0.000127023256916808	0.00040013703621385815
IL1RN	2.156505	0.000127023256916808	0.00040013703621385815
ID2-AS1	-0.9542900000000003	0.000127023256916808	0.00040013703621385815
NCKAP1	0.5685999999999982	0.000127023256916808	0.00040013703621385815
PLRG1	0.5824800000000003	0.000127023256916808	0.00040013703621385815
IFIH1	1.5676000000000005	0.000127023256916808	0.00040013703621385815
CTR9	0.7410450000000015	0.000127023256916808	0.00040013703621385815
ZNF141	-0.9551149999999993	0.000127023256916808	0.00040013703621385815
UBXN10	-0.43256999999999923	0.000127023256916808	0.00040013703621385815
NUP54	0.5714849999999991	0.00012702113873973517	0.00040013703621385815
COL4A6	-2.1765	0.000127023256916808	0.00040013703621385815
AP1S1	0.7680699999999998	0.000127023256916808	0.00040013703621385815
ADAM8	1.191324999999999	0.000127023256916808	0.00040013703621385815
RBM18	0.7700899999999997	0.000127023256916808	0.00040013703621385815
ATP5C1	0.4410999999999987	0.00012701902058915264	0.00040013703621385815
TCTEX1D2	0.7562949999999997	0.000127023256916808	0.00040013703621385815
RPL38	-0.47075000000000067	0.00012701690246506023	0.00040013703621385815
YAE1D1	0.5709600000000004	0.000127023256916808	0.00040013703621385815
GMPR2	0.8508949999999995	0.000127023256916808	0.00040013703621385815
RGS5	-1.3676000000000013	0.000127023256916808	0.00040013703621385815
DDB2	-1.0230149999999991	0.000127023256916808	0.00040013703621385815
KLHDC4	-0.9886249999999999	0.000127023256916808	0.00040013703621385815
TMEM97	2.3124699999999994	0.000127023256916808	0.00040013703621385815
NTAN1	0.9703049999999998	0.00013105249053666846	0.0004112239126131157
SPATA21	-0.36446500000000004	0.00013105249053666846	0.0004112239126131157
ANKZF1	-0.8555250000000001	0.00013105249053666846	0.0004112239126131157
SMCHD1	0.7240149999999996	0.00013105249053666846	0.0004112239126131157
SLX4IP	1.1216249999999999	0.00013105249053666846	0.0004112239126131157
SLC38A1	1.35065	0.00013105031347181634	0.0004112239126131157
CYP4F2	-0.8066449999999996	0.00013105031347181634	0.0004112239126131157
PDS5B	1.0042799999999996	0.00013105249053666846	0.0004112239126131157
PDK3	-1.1402399999999986	0.00013105249053666846	0.0004112239126131157
DGCR2	-0.6048100000000005	0.00013105249053666846	0.0004112239126131157
TAB3	0.4644649999999988	0.00013105249053666846	0.0004112239126131157
ALDOC	-1.7532250000000005	0.00013105249053666846	0.0004112239126131157
GNPDA2	1.6097799999999998	0.00013105249053666846	0.0004112239126131157
SUB1	0.7645500000000016	0.00013105249053666846	0.0004112239126131157
LOC100506990	-1.7101550000000003	0.00013105249053666846	0.0004112239126131157
POLR2H	0.5343700000000009	0.00013105249053666846	0.0004112239126131157
MYRIP	-2.0625600000000004	0.00013105249053666846	0.0004112239126131157
SLC27A6	-0.3943500000000002	0.00013105249053666846	0.0004112239126131157
PIP4K2C	0.6848349999999988	0.00013520194230545485	0.00042223711960426134
COX16	0.5855149999999991	0.00013520194230545485	0.00042223711960426134
ELAVL4	-0.2967000000000004	0.00013520194230545485	0.00042223711960426134
TARBP1	0.996715	0.00013520194230545485	0.00042223711960426134
OS9	-0.5516900000000007	0.00013520194230545485	0.00042223711960426134
PIGH	1.1161199999999996	0.00013520194230545485	0.00042223711960426134
EPG5	1.0652400000000002	0.00013520194230545485	0.00042223711960426134
MESDC2	0.4993099999999995	0.00013520194230545485	0.00042223711960426134
HERC2P7	-0.9636499999999995	0.00013520194230545485	0.00042223711960426134
AP1S2	1.0355100000000004	0.00013520194230545485	0.00042223711960426134
TYW1	0.6084649999999998	0.00013520194230545485	0.00042223711960426134
SCRN1	1.7834450000000013	0.00013520194230545485	0.00042223711960426134
GABRB2	-0.4906800000000002	0.00013520194230545485	0.00042223711960426134
PIGV	-0.8593200000000003	0.00013520194230545485	0.00042223711960426134
IP6K1	-0.5922249999999991	0.0001351997048569438	0.00042223711960426134
KBTBD11	-0.32464999999999966	0.00013520194230545485	0.00042223711960426134
MARC1	-1.6935000000000002	0.00013520194230545485	0.00042223711960426134
LARS2	0.8849850000000004	0.00013520194230545485	0.00042223711960426134
GEMIN5	0.5492999999999997	0.00013520194230545485	0.00042223711960426134
WWP1	0.9966999999999988	0.0001351997048569438	0.00042223711960426134
TTC5	1.1870500000000002	0.00013520194230545485	0.00042223711960426134
HIST1H1C	2.080805	0.00013520194230545485	0.00042223711960426134
PUDP	1.01199	0.00013947494658661373	0.00043325244370712396
MFSD4A	-3.399385	0.00013947494658661373	0.00043325244370712396
SLC22A17	-1.8352050000000002	0.00013947494658661373	0.00043325244370712396
LOC100310756	0.7657049999999996	0.00013947494658661373	0.00043325244370712396
SLC37A1	0.925745	0.00013947494658661373	0.00043325244370712396
ZFAND2B	-0.7155399999999998	0.00013947494658661373	0.00043325244370712396
PSMF1	-0.5204400000000007	0.00013947494658661373	0.00043325244370712396
METTL23	0.6614850000000008	0.00013947494658661373	0.00043325244370712396
LAMTOR4	-0.6181199999999993	0.00013947494658661373	0.00043325244370712396
C11orf68	-0.4338299999999995	0.00013947494658661373	0.00043325244370712396
GPANK1	-0.6474250000000001	0.00013947494658661373	0.00043325244370712396
SPRTN	0.6876249999999997	0.00013947494658661373	0.00043325244370712396
CARHSP1	0.8303199999999995	0.00013947264722484115	0.00043325244370712396
DDAH2	-0.973370000000001	0.00013947494658661373	0.00043325244370712396
ZNF665	0.3701350000000003	0.00013947494658661373	0.00043325244370712396
DCP1A	-0.4867399999999993	0.00013947494658661373	0.00043325244370712396
MAP3K10	-0.26905999999999963	0.00013947494658661373	0.00043325244370712396
STK17B	1.1600300000000008	0.00013947494658661373	0.00043325244370712396
APCDD1L	-1.4856050000000005	0.00013947494658661373	0.00043325244370712396
FAM122B	0.4995699999999985	0.00013947494658661373	0.00043325244370712396
JOSD1	0.5451949999999997	0.00013947494658661373	0.00043325244370712396
NRXN3	-1.9075249999999997	0.00013947494658661373	0.00043325244370712396
CDK13	-0.47775000000000034	0.00013947264722484115	0.00043325244370712396
FBXW11	0.6555149999999994	0.00013947264722484115	0.00043325244370712396
SUZ12P1	0.6865800000000011	0.00013947494658661373	0.00043325244370712396
TRAPPC13	0.9229150000000006	0.00014387492220656868	0.00044473214565427633
CRELD2	0.7772699999999997	0.0001438701965575325	0.00044473214565427633
FH	0.6107900000000015	0.0001438701965575325	0.00044473214565427633
TBC1D17	-0.9625599999999999	0.00014387492220656868	0.00044473214565427633
CD52	1.863224999999999	0.00014387492220656868	0.00044473214565427633
LOC100505874	-3.2471500000000004	0.00014387492220656868	0.00044473214565427633
TBC1D2	0.8443199999999997	0.00014387492220656868	0.00044473214565427633
WNT11	-0.6500150000000002	0.00014387492220656868	0.00044473214565427633
NME7	2.05462	0.00014387492220656868	0.00044473214565427633
OCIAD1	0.7187999999999999	0.00014387492220656868	0.00044473214565427633
AGPAT4	-1.3245399999999998	0.00014387492220656868	0.00044473214565427633
OFD1	-0.8425700000000003	0.00014387492220656868	0.00044473214565427633
COL8A1	3.8257400000000006	0.00014387492220656868	0.00044473214565427633
LOC728024	-0.839505	0.00014387492220656868	0.00044473214565427633
MARK3	0.73325	0.00014387492220656868	0.00044473214565427633
CEMIP	2.0656250000000003	0.00014387492220656868	0.00044473214565427633
MIPEP	1.02053	0.00014387492220656868	0.00044473214565427633
RIOK1	1.024	0.00014387492220656868	0.00044473214565427633
LOC102725526	2.773554999999999	0.00014387492220656868	0.00044473214565427633
C1D	0.5480750000000008	0.00014387492220656868	0.00044473214565427633
FUCA2	0.6040199999999984	0.00014387492220656868	0.00044473214565427633
PSMB8	1.6865099999999993	0.00014387492220656868	0.00044473214565427633
CREB5	-0.72898	0.00014387492220656868	0.00044473214565427633
LOC401317	-1.9540199999999999	0.00014840537435199065	0.000457179220691474
ARVCF	-0.61679	0.00014840537435199065	0.000457179220691474
LOC102724093	-0.7556299999999982	0.00014840537435199065	0.000457179220691474
CDHR2	-0.06687999999999983	0.00014840537435199065	0.000457179220691474
TUBGCP2	-0.6746850000000002	0.00014840537435199065	0.000457179220691474
LOC101929368	1.1067	0.00014840051855121786	0.000457179220691474
MRPL9	0.5770900000000001	0.00014840537435199065	0.000457179220691474
TIFA	1.0651399999999995	0.00014840537435199065	0.000457179220691474
ARHGEF6	-1.4288650000000018	0.00014840537435199065	0.000457179220691474
SETBP1	-1.9588549999999998	0.00014840537435199065	0.000457179220691474
MSI2	1.1585199999999993	0.00014840537435199065	0.000457179220691474
FBXO16	-1.4442000000000004	0.00014840537435199065	0.000457179220691474
FKBP7	1.2026600000000007	0.00014840294643680318	0.000457179220691474
GRB7	2.183325	0.00014840537435199065	0.000457179220691474
IFNGR2	0.4727300000000003	0.00014840537435199065	0.000457179220691474
AHDC1	-0.6938649999999997	0.00014840537435199065	0.000457179220691474
LOC101930349	-2.0459650000000007	0.00015306989650272683	0.00046965582865256684
ZNF839	-0.9896599999999998	0.00015306989650272683	0.00046965582865256684
DPY19L2	-1.3227799999999998	0.00015306989650272683	0.00046965582865256684
ABCF1	0.48661500000000046	0.00015306989650272683	0.00046965582865256684
ZNF292	0.9605899999999998	0.0001530674018767212	0.00046965582865256684
DDX56	0.9925600000000001	0.00015306989650272683	0.00046965582865256684
MAGEF1	0.7764949999999997	0.00015306989650272683	0.00046965582865256684
ZGLP1	-0.6874849999999997	0.00015306989650272683	0.00046965582865256684
MRPL22	0.5466149999999992	0.00015306989650272683	0.00046965582865256684
KARS	-0.6775000000000002	0.00015306989650272683	0.00046965582865256684
TNKS	-1.135860000000001	0.00015306989650272683	0.00046965582865256684
TBL2	0.6682299999999994	0.00015306989650272683	0.00046965582865256684
APH1B	-2.046565	0.00015306989650272683	0.00046965582865256684
TMEM256	-1.1111050000000002	0.0001530674018767212	0.00046965582865256684
SGCD	-0.9377650000000006	0.0001530674018767212	0.00046965582865256684
ZNF629	-0.7048799999999993	0.00015306989650272683	0.00046965582865256684
INTS2	0.6091050000000005	0.0001530674018767212	0.00046965582865256684
ADRA2A	-4.07122	0.00015306989650272683	0.00046965582865256684
KLHDC8A	-0.07100000000000017	0.00015306989650272683	0.00046965582865256684
KANK1	-1.9238700000000009	0.00015787217240087242	0.0004833691097629073
TMCO4	-0.87643	0.00015787217240087242	0.0004833691097629073
CASP7	0.4956300000000011	0.00015787217240087242	0.0004833691097629073
PPA1	0.5364000000000004	0.00015786960939309798	0.0004833691097629073
TPPP	-1.0085050000000004	0.00015787217240087242	0.0004833691097629073
DTYMK	0.712299999999999	0.00015787217240087242	0.0004833691097629073
THRSP	-1.6702900000000005	0.00015787217240087242	0.0004833691097629073
STOX1	-0.9392649999999998	0.00015787217240087242	0.0004833691097629073
PKI55	-0.7444349999999997	0.00015786960939309798	0.0004833691097629073
RELL1	-0.8809000000000005	0.00015787217240087242	0.0004833691097629073
TMEM14C	0.6580499999999994	0.00016281334495896782	0.0004968299292573784
SLC12A6	-0.4595900000000004	0.00016281597805645667	0.0004968299292573784
LOC101928195	1.3995000000000006	0.00016281597805645667	0.0004968299292573784
USP8	0.37611499999999864	0.00016281597805645667	0.0004968299292573784
ARFIP1	0.636965	0.00016281597805645667	0.0004968299292573784
TMEM129	-0.6015350000000002	0.00016281597805645667	0.0004968299292573784
IFT22	0.775785	0.00016281597805645667	0.0004968299292573784
LOC729966	-0.404300000000001	0.00016281071189309097	0.0004968299292573784
ECSIT	-0.6306250000000002	0.00016281597805645667	0.0004968299292573784
AGTR1	-3.86423	0.00016281597805645667	0.0004968299292573784
LZTS1	-1.1862849999999998	0.00016281597805645667	0.0004968299292573784
USO1	0.5251000000000001	0.00016281597805645667	0.0004968299292573784
B3GALT5	-3.2233049999999994	0.00016281597805645667	0.0004968299292573784
PITPNM2	-0.26607000000000003	0.00016281597805645667	0.0004968299292573784
PHF8	0.5271399999999993	0.00016281597805645667	0.0004968299292573784
ACAD8	1.1246799999999997	0.00016281597805645667	0.0004968299292573784
GSS	0.6121049999999997	0.00016790518379023714	0.0005106427390579735
CCDC186	0.5850849999999994	0.00016790518379023714	0.0005106427390579735
KLHDC8B	-0.9722250000000017	0.00016790518379023714	0.0005106427390579735
SEC11A	-0.5949500000000008	0.00016790518379023714	0.0005106427390579735
LINC00926	-0.48519000000000023	0.00016790518379023714	0.0005106427390579735
TMED3	0.7834800000000008	0.00016790518379023714	0.0005106427390579735
C11orf98	0.7438549999999999	0.00016790518379023714	0.0005106427390579735
UTRN	-0.9842000000000013	0.00016790518379023714	0.0005106427390579735
GIMAP2	1.53228	0.00016790518379023714	0.0005106427390579735
RAD51	2.1950650000000005	0.00016790518379023714	0.0005106427390579735
HIST1H4J	1.60921	0.00016789977395689545	0.0005106427390579735
ADAD2	-0.4818249999999997	0.00016790518379023714	0.0005106427390579735
TFAM	0.632810000000001	0.00016790518379023714	0.0005106427390579735
MAP2	-2.8878400000000006	0.00016790518379023714	0.0005106427390579735
PQLC3	1.4766899999999996	0.0001679024788574125	0.0005106427390579735
PRKCSH	-0.34590999999999994	0.00016790518379023714	0.0005106427390579735
C3	-1.1103999999999985	0.0001731437563140717	0.0005247065169434368
TPPP3	-1.7281500000000003	0.0001731437563140717	0.0005247065169434368
ARHGAP4	-0.8633249999999997	0.0001731437563140717	0.0005247065169434368
CDC37	0.8094899999999994	0.0001731437563140717	0.0005247065169434368
CEP164	-0.6312250000000006	0.0001731437563140717	0.0005247065169434368
GATAD2A	0.8565050000000012	0.0001731437563140717	0.0005247065169434368
ECM1	1.5004499999999998	0.0001731437563140717	0.0005247065169434368
OGDH	0.8168899999999999	0.0001731437563140717	0.0005247065169434368
DEPDC1B	1.5524250000000004	0.0001731437563140717	0.0005247065169434368
SULF2	1.7616950000000013	0.0001731437563140717	0.0005247065169434368
REXO1	-0.2525349999999995	0.0001731437563140717	0.0005247065169434368
FYN	-0.7013949999999998	0.0001731437563140717	0.0005247065169434368
NSMCE2	0.6405850000000006	0.0001731437563140717	0.0005247065169434368
NDUFB10	0.6399400000000011	0.0001731437563140717	0.0005247065169434368
GREM1	3.1307849999999995	0.0001731437563140717	0.0005247065169434368
QPCT	0.9116250000000017	0.0001731437563140717	0.0005247065169434368
FAM114A2	0.7995349999999997	0.0001731437563140717	0.0005247065169434368
KRT17	-3.2596250000000007	0.00017853576084936193	0.0005384623715585532
SCAP	-0.9036549999999988	0.00017853576084936193	0.0005384623715585532
VPS45	0.660239999999999	0.00017853576084936193	0.0005384623715585532
KYNU	3.4283200000000007	0.00017853576084936193	0.0005384623715585532
XDH	-4.54483	0.00017853576084936193	0.0005384623715585532
HSP90B1	0.8125099999999996	0.00017853290685484476	0.0005384623715585532
QRICH1	0.5024100000000011	0.00017853576084936193	0.0005384623715585532
CD83	0.933650000000001	0.00017853576084936193	0.0005384623715585532
MRPL34	1.1567549999999995	0.00017853576084936193	0.0005384623715585532
NOS1AP	-1.5405799999999994	0.00017853576084936193	0.0005384623715585532
COPS8	0.687009999999999	0.00017853290685484476	0.0005384623715585532
BRD4	-0.4508499999999991	0.00017853290685484476	0.0005384623715585532
EBF4	-1.4345500000000007	0.00017853576084936193	0.0005384623715585532
UFD1L	0.5628799999999998	0.00017853576084936193	0.0005384623715585532
FNTB	1.6294049999999993	0.00017853576084936193	0.0005384623715585532
GNPAT	0.5702250000000006	0.00017853576084936193	0.0005384623715585532
MORC2-AS1	0.7132800000000001	0.00017853576084936193	0.0005384623715585532
KMT5B	0.7960199999999986	0.00017853576084936193	0.0005384623715585532
SHC2	-2.1783799999999998	0.00017853576084936193	0.0005384623715585532
LIG4	0.6460550000000005	0.00017853576084936193	0.0005384623715585532
C9orf85	-0.42733499999999935	0.00017853576084936193	0.0005384623715585532
EIF6	0.3990050000000007	0.00017853576084936193	0.0005384623715585532
C6orf47	-0.6296350000000004	0.00017853576084936193	0.0005384623715585532
MAGI3	1.7967950000000004	0.0001840853632840399	0.0005527890086043895
TUBGCP3	0.6081249999999994	0.0001840853632840399	0.0005527890086043895
MVB12B	-0.4933399999999999	0.00018408243198433225	0.0005527890086043895
FBLN1	-1.6407649999999983	0.0001840853632840399	0.0005527890086043895
AMIGO3	0.5439699999999998	0.0001840853632840399	0.0005527890086043895
ZNF791	-0.6365850000000002	0.0001840853632840399	0.0005527890086043895
IGSF3	0.7807549999999992	0.0001840853632840399	0.0005527890086043895
TAX1BP1	0.476700000000001	0.0001840853632840399	0.0005527890086043895
DYNC1LI2	-0.6335499999999996	0.00018408243198433225	0.0005527890086043895
ZCCHC9	0.5909800000000001	0.0001840853632840399	0.0005527890086043895
HAUS3	0.7582250000000004	0.0001840853632840399	0.0005527890086043895
BIVM	1.4362000000000004	0.0001840853632840399	0.0005527890086043895
MIGA1	-0.80931	0.0001840853632840399	0.0005527890086043895
SREK1IP1	-0.47952000000000083	0.0001840853632840399	0.0005527890086043895
ZFHX4-AS1	-0.49899499999999986	0.0001840853632840399	0.0005527890086043895
DLST	1.1896399999999998	0.0001840853632840399	0.0005527890086043895
PIK3AP1	1.2551650000000008	0.0001840853632840399	0.0005527890086043895
TVP23B	0.6313449999999996	0.0001840853632840399	0.0005527890086043895
LIN52	1.25528	0.0001840853632840399	0.0005527890086043895
FUS	0.47342000000000084	0.0001840853632840399	0.0005527890086043895
ROCK1	0.36904999999999966	0.0001840853632840399	0.0005527890086043895
KIAA0100	0.791059999999999	0.0001869176229557682	0.0005611779451237679
USP45	0.5851000000000006	0.00018979683236859378	0.0005675925864202469
DNAJC4	-0.73421	0.00018979683236859378	0.0005675925864202469
GOSR2	-0.6511399999999998	0.00018979683236859378	0.0005675925864202469
TNRC6C	-0.9046199999999995	0.00018979683236859378	0.0005675925864202469
COG8	0.7425500000000005	0.00018979683236859378	0.0005675925864202469
TEFM	-0.7475449999999988	0.00018979683236859378	0.0005675925864202469
PRMT9	0.9118949999999995	0.00018979683236859378	0.0005675925864202469
CRIP2	1.7746749999999984	0.00018979683236859378	0.0005675925864202469
CHTOP	0.5855999999999995	0.00018979683236859378	0.0005675925864202469
FICD	1.0626049999999996	0.00018979683236859378	0.0005675925864202469
RNF41	1.4964299999999993	0.00018979683236859378	0.0005675925864202469
ARMCX3	0.7598900000000004	0.00018979683236859378	0.0005675925864202469
DIAPH1	0.6082049999999999	0.0001897938218603898	0.0005675925864202469
LIN28B	-0.15414499999999975	0.00018979683236859378	0.0005675925864202469
CIDEA	-2.8780350000000006	0.00018979683236859378	0.0005675925864202469
MIA	-4.41903	0.00018979683236859378	0.0005675925864202469
PRKAR1B	-0.4218250000000001	0.00018979683236859378	0.0005675925864202469
DUX1	-0.62717	0.0001897938218603898	0.0005675925864202469
KLHDC3	1.0471450000000004	0.00018979683236859378	0.0005675925864202469
PPP1R35	0.6699099999999998	0.00019567454195160627	0.0005822921512748415
BRD9	-0.507039999999999	0.00019567454195160627	0.0005822921512748415
CENPN	2.1072450000000007	0.00019567454195160627	0.0005822921512748415
SLC30A7	0.5486500000000003	0.000195668358665149	0.0005822921512748415
FDPS	0.7433999999999994	0.00019567454195160627	0.0005822921512748415
THRA	-1.4258249999999997	0.00019567454195160627	0.0005822921512748415
ADRA2C	-0.4740000000000002	0.00019567454195160627	0.0005822921512748415
SLC25A22	0.6728499999999995	0.0001956714502903908	0.0005822921512748415
TRIM29	-2.6340949999999985	0.00019567454195160627	0.0005822921512748415
PRR34-AS1	-0.7352299999999996	0.00019567454195160627	0.0005822921512748415
LOC100996741	-2.10337	0.00019567454195160627	0.0005822921512748415
ERP44	0.5790199999999999	0.00019567454195160627	0.0005822921512748415
RIMS2	-0.21819999999999995	0.00019567454195160627	0.0005822921512748415
MYLIP	-0.6798500000000001	0.00019567454195160627	0.0005822921512748415
ABHD6	-0.9945750000000002	0.00019567454195160627	0.0005822921512748415
ACTR6	0.5678850000000004	0.0001956714502903908	0.0005822921512748415
IL18	0.8674099999999996	0.00019567454195160627	0.0005822921512748415
DHX35	0.41940500000000025	0.00019567454195160627	0.0005822921512748415
TUBGCP5	-0.45931999999999906	0.00019567454195160627	0.0005822921512748415
TINCR	0.8697999999999999	0.00019567454195160627	0.0005822921512748415
EMID1	-1.1534449999999996	0.00019567454195160627	0.0005822921512748415
LDB1	0.7346599999999999	0.00019567454195160627	0.0005822921512748415
SEMA4D	0.9015500000000003	0.00019567454195160627	0.0005822921512748415
USP11	-0.60107	0.00019567454195160627	0.0005822921512748415
SAP130	0.6646650000000003	0.00020172297325529755	0.0005980851403865722
HPN	1.3710250000000002	0.00020172297325529755	0.0005980851403865722
HLA-DQB1	1.8714900000000005	0.00020172297325529755	0.0005980851403865722
UFSP2	-0.7215050000000005	0.00020172297325529755	0.0005980851403865722
CRY1	0.46743500000000004	0.00020171979845461145	0.0005980851403865722
KLK15	-0.65686	0.00020172297325529755	0.0005980851403865722
LOC105379499	-1.2814599999999992	0.00020172297325529755	0.0005980851403865722
PDCL	-0.4097749999999998	0.00020172297325529755	0.0005980851403865722
CELF1	0.35625000000000107	0.00020171979845461145	0.0005980851403865722
LOC102724562	-2.622115	0.00020172297325529755	0.0005980851403865722
PPP1R18	0.9480499999999985	0.00020172297325529755	0.0005980851403865722
SLC11A1	-0.2766250000000001	0.00020171979845461145	0.0005980851403865722
C11orf24	0.5693900000000003	0.00020172297325529755	0.0005980851403865722
SLC9A3R1	1.1527199999999986	0.00020172297325529755	0.0005980851403865722
TMOD1	-1.472565	0.00020172297325529755	0.0005980851403865722
MRGBP	0.7575550000000004	0.00020171979845461145	0.0005980851403865722
CUL5	-0.3452099999999998	0.00020171979845461145	0.0005980851403865722
DUSP10	1.960609999999999	0.00020172297325529755	0.0005980851403865722
S100A16	1.0019500000000008	0.0002079467171915461	0.0006141554254739948
DHX36	0.7294499999999982	0.0002079467171915461	0.0006141554254739948
NSUN2	0.9168899999999987	0.00020794345722224483	0.0006141554254739948
NR2F1	-1.9490800000000004	0.0002079467171915461	0.0006141554254739948
JUNB	2.2796999999999983	0.0002079467171915461	0.0006141554254739948
SF3A3	-0.7073849999999986	0.0002079467171915461	0.0006141554254739948
DLD	1.03294	0.0002079467171915461	0.0006141554254739948
SYNPO2	-2.196010000000001	0.0002079467171915461	0.0006141554254739948
CEPT1	0.7312950000000003	0.0002079467171915461	0.0006141554254739948
LOC101929036	-0.18306500000000003	0.0002079467171915461	0.0006141554254739948
MIR6513	-0.6457150000000009	0.0002079467171915461	0.0006141554254739948
ERCC6L2	-0.6423299999999994	0.0002079467171915461	0.0006141554254739948
LOXL2	1.3338200000000002	0.0002079467171915461	0.0006141554254739948
SCAMP1-AS1	-0.37232999999999983	0.0002079467171915461	0.0006141554254739948
HILPDA	1.8563049999999999	0.0002079467171915461	0.0006141554254739948
SLC25A29	-1.3321950000000005	0.0002079467171915461	0.0006141554254739948
LZTS2	-0.6504999999999992	0.0002079467171915461	0.0006141554254739948
EBPL	0.9133599999999991	0.0002079467171915461	0.0006141554254739948
CARD19	0.8462350000000001	0.0002079467171915461	0.0006141554254739948
NINJ2	1.8444250000000002	0.0002143504767188828	0.0006310151272879822
MIR24-2	-0.9479749999999996	0.0002143504767188828	0.0006310151272879822
LUZP6	0.40559999999999974	0.0002143504767188828	0.0006310151272879822
HEATR1	0.7950600000000012	0.0002143504767188828	0.0006310151272879822
FZD7	-1.874830000000001	0.0002143504767188828	0.0006310151272879822
ATP13A3	0.6148800000000012	0.0002143471295083862	0.0006310151272879822
E2F3	0.7793349999999997	0.0002143504767188828	0.0006310151272879822
ACKR4	-1.112755	0.0002143504767188828	0.0006310151272879822
TUBG2	-1.1495600000000001	0.0002143504767188828	0.0006310151272879822
FERMT2	-1.2731250000000003	0.0002143504767188828	0.0006310151272879822
MIR1204	1.2187300000000008	0.0002143471295083862	0.0006310151272879822
IQSEC2	-1.0979599999999996	0.0002143504767188828	0.0006310151272879822
C22orf29	-1.0184699999999998	0.0002143504767188828	0.0006310151272879822
MST1R	1.8545650000000005	0.0002143504767188828	0.0006310151272879822
SIM1	-1.8764500000000002	0.0002143504767188828	0.0006310151272879822
MSRB1	0.9144350000000001	0.0002143504767188828	0.0006310151272879822
MRPL51	0.39995000000000047	0.00021761797160879638	0.0006403745053096131
ALDH9A1	-0.5454999999999988	0.00021761797160879638	0.0006403745053096131
PRRC2A	-0.4732850000000006	0.00022093906924092906	0.0006484392003873831
CELSR1	2.59267	0.00022093906924092906	0.0006484392003873831
ABCB1	-0.3841999999999999	0.00022093906924092906	0.0006484392003873831
FAM173A	1.0568850000000003	0.00022093906924092906	0.0006484392003873831
FANCD2	1.5327949999999992	0.00022093906924092906	0.0006484392003873831
FANCA	0.72004	0.00022093906924092906	0.0006484392003873831
EMC6	0.689420000000001	0.00022093906924092906	0.0006484392003873831
TDO2	2.138965	0.00022093906924092906	0.0006484392003873831
CMTM4	0.9079050000000013	0.00022093906924092906	0.0006484392003873831
PDZRN3	-1.3531199999999988	0.00022093906924092906	0.0006484392003873831
LINC01140	-1.7531349999999999	0.00022093563267246188	0.0006484392003873831
HENMT1	1.5244900000000001	0.00022093906924092906	0.0006484392003873831
MFSD1	0.5559499999999993	0.00022093563267246188	0.0006484392003873831
PTGIS	-1.5709049999999998	0.00022771742904676969	0.0006656426136508031
CFAP206	-1.0000250000000004	0.00022771742904676969	0.0006656426136508031
MREG	1.0664650000000009	0.00022771742904676969	0.0006656426136508031
HOXD8	-2.5843299999999996	0.00022771742904676969	0.0006656426136508031
RNF169	-0.7357449999999996	0.00022771742904676969	0.0006656426136508031
RBMXL1	0.7789850000000005	0.00022771742904676969	0.0006656426136508031
PPIF	0.8458400000000008	0.00022771742904676969	0.0006656426136508031
TRA2B	0.382299999999999	0.0002277103729103915	0.0006656426136508031
PFN2	1.5554100000000002	0.00022771742904676969	0.0006656426136508031
NDC1	0.7317099999999996	0.00022771742904676969	0.0006656426136508031
PLIN3	0.5925150000000006	0.00022771742904676969	0.0006656426136508031
TLK2	0.47933499999999896	0.00022771742904676969	0.0006656426136508031
GTF2IP20	0.5880900000000002	0.00022771742904676969	0.0006656426136508031
GFOD1	-1.54303	0.00022771742904676969	0.0006656426136508031
HIST1H4H	1.71429	0.00022771742904676969	0.0006656426136508031
MURC	-0.22921499999999995	0.00022771390095859223	0.0006656426136508031
KCNJ2	-1.1385699999999996	0.00022771742904676969	0.0006656426136508031
TMEM255A	-0.3984749999999999	0.0002277103729103915	0.0006656426136508031
LOC100132057	-0.4763600000000001	0.00022771742904676969	0.0006656426136508031
ISM1	-2.1386700000000003	0.00022771742904676969	0.0006656426136508031
EPOR	-0.4494600000000002	0.00023469060979373026	0.0006825910345332568
SLC10A7	-0.3232400000000002	0.00023469060979373026	0.0006825910345332568
KCNJ5	-0.05488500000000007	0.00023469060979373026	0.0006825910345332568
CDKL3	-0.9141899999999996	0.00023469060979373026	0.0006825910345332568
FAM120AOS	0.933720000000001	0.00023469060979373026	0.0006825910345332568
SLC2A1	0.4262700000000006	0.00023469060979373026	0.0006825910345332568
RPF1	0.4399500000000014	0.00023469060979373026	0.0006825910345332568
AUNIP	0.6101100000000002	0.00023469060979373026	0.0006825910345332568
S1PR1	-0.3656550000000003	0.00023469060979373026	0.0006825910345332568
HTATSF1	0.5450499999999998	0.00023469060979373026	0.0006825910345332568
PLA2G7	2.4204499999999998	0.00023469060979373026	0.0006825910345332568
HIBCH	-0.9301650000000006	0.00023469060979373026	0.0006825910345332568
SH3GLB2	1.130300000000001	0.00023469060979373026	0.0006825910345332568
PRPH	-0.14203999999999972	0.00023468698797836352	0.0006825910345332568
MOB1B	0.4483100000000011	0.00023469060979373026	0.0006825910345332568
RTFDC1	0.7325000000000017	0.00023468698797836352	0.0006825910345332568
ABHD5	-0.4488000000000003	0.00023469060979373026	0.0006825910345332568
CLDN4	1.209979999999999	0.00023469060979373026	0.0006825910345332568
HCLS1	1.5013049999999994	0.00023469060979373026	0.0006825910345332568
TBC1D10A	0.5308849999999996	0.00023469060979373026	0.0006825910345332568
TMEM80	-0.8236200000000009	0.00023469060979373026	0.0006825910345332568
RTN1	-1.6175700000000006	0.00023469060979373026	0.0006825910345332568
POU5F1P4	-0.1569799999999999	0.00023469060979373026	0.0006825910345332568
CPNE1	0.6634900000000012	0.00023469060979373026	0.0006825910345332568
LINC00847	0.7119549999999997	0.00023469060979373026	0.0006825910345332568
SPINT1	0.4798150000000003	0.00024186378703304704	0.0007006474995599261
IFFO2	-1.6540950000000008	0.00024186378703304704	0.0007006474995599261
CDCA8	1.8056350000000005	0.00024186378703304704	0.0007006474995599261
SPRR2B	-0.32820000000000027	0.00024186006923648625	0.0007006474995599261
MRPS34	0.43307500000000054	0.00024186378703304704	0.0007006474995599261
ZNF600	0.7119600000000013	0.00024186378703304704	0.0007006474995599261
POLD4	0.6735199999999999	0.00024186378703304704	0.0007006474995599261
ZNF678	1.117614999999999	0.00024186378703304704	0.0007006474995599261
CTIF	-0.30879999999999974	0.00024186378703304704	0.0007006474995599261
EEFSEC	-0.7055699999999998	0.00024186378703304704	0.0007006474995599261
PPM1H	1.9558850000000003	0.00024186378703304704	0.0007006474995599261
ADCK5	0.48563	0.00024186378703304704	0.0007006474995599261
PFKFB3	-1.4875999999999987	0.00024186378703304704	0.0007006474995599261
LINC01134	-0.3350249999999999	0.00024186378703304704	0.0007006474995599261
IKBIP	1.1510800000000003	0.00024186378703304704	0.0007006474995599261
ACYP1	0.575075	0.00024186378703304704	0.0007006474995599261
RNPC3	-1.1081500000000002	0.00024186378703304704	0.0007006474995599261
PRPF4B	0.4617850000000008	0.00024186378703304704	0.0007006474995599261
ACBD5	0.43077000000000076	0.00024186378703304704	0.0007006474995599261
FAM149B1	1.5371299999999994	0.00024186378703304704	0.0007006474995599261
SNRPA1	0.5049700000000001	0.0002492384446998261	0.0007188671521412647
S100A4	-0.9148500000000013	0.0002492422607789057	0.0007188671521412647
MORC3	0.5740199999999991	0.0002492422607789057	0.0007188671521412647
SSNA1	0.6351300000000002	0.0002492422607789057	0.0007188671521412647
ZNF197	-0.5769500000000001	0.0002492422607789057	0.0007188671521412647
VPS37D	-0.39651999999999976	0.0002492422607789057	0.0007188671521412647
FBXO28	0.8010850000000005	0.0002492422607789057	0.0007188671521412647
DCLK1	-2.892664999999999	0.0002492422607789057	0.0007188671521412647
LSM7	0.4419399999999989	0.0002492422607789057	0.0007188671521412647
NDUFB5	0.6859999999999982	0.0002492384446998261	0.0007188671521412647
COTL1	1.1298250000000003	0.0002492422607789057	0.0007188671521412647
MIR548F5	-0.3849100000000001	0.0002492308126693104	0.0007188671521412647
BRIX1	0.31509500000000035	0.0002492422607789057	0.0007188671521412647
HIVEP2	-0.6973650000000005	0.0002492422607789057	0.0007188671521412647
ETNK1	0.5562500000000004	0.0002492422607789057	0.0007188671521412647
TTLL12	0.7371749999999988	0.0002492422607789057	0.0007188671521412647
OPTN	-0.8664649999999998	0.0002492384446998261	0.0007188671521412647
NFKBIE	0.9437499999999996	0.0002492422607789057	0.0007188671521412647
STX10	0.5407999999999991	0.0002492422607789057	0.0007188671521412647
EIF3J-AS1	-1.0286849999999994	0.0002492422607789057	0.0007188671521412647
PLAG1	-0.48287000000000013	0.0002492422607789057	0.0007188671521412647
RP9	0.49727999999999994	0.0002492422607789057	0.0007188671521412647
RPS19BP1	-0.49757499999999943	0.00025683145812131384	0.0007379711980288325
SSFA2	0.8221600000000002	0.00025683145812131384	0.0007379711980288325
DHRS4L2	-0.7558299999999996	0.00025683145812131384	0.0007379711980288325
VPS13B	0.9344000000000001	0.00025683145812131384	0.0007379711980288325
KCTD12	-1.0139499999999995	0.00025683145812131384	0.0007379711980288325
SNORD24	-0.4718	0.00025683145812131384	0.0007379711980288325
RAPGEF2	-0.5212799999999991	0.00025683145812131384	0.0007379711980288325
XPA	-0.8381049999999988	0.00025683145812131384	0.0007379711980288325
RAC3	0.7697849999999997	0.00025683145812131384	0.0007379711980288325
PIAS4	0.4311050000000005	0.00025682754141026894	0.0007379711980288325
LOC441081	-0.8315100000000006	0.00025683145812131384	0.0007379711980288325
CYB5D1	-1.1457200000000007	0.00025683145812131384	0.0007379711980288325
TSR3	-0.5865349999999996	0.00025683145812131384	0.0007379711980288325
TMEM268	1.2581750000000005	0.00025683145812131384	0.0007379711980288325
PHC1	-0.8763950000000005	0.00025683145812131384	0.0007379711980288325
ZNF710	0.7373149999999997	0.00025683145812131384	0.0007379711980288325
DLGAP4	-0.4391100000000012	0.00025683145812131384	0.0007379711980288325
SLC16A1	2.45695	0.00025683145812131384	0.0007379711980288325
PI4K2A	0.7349300000000003	0.00025683145812131384	0.0007379711980288325
DZIP1L	-0.5779300000000003	0.00026463693588329296	0.0007582986548731611
SIAH1	0.6416299999999993	0.0002646329161419035	0.0007582986548731611
PCNX4	0.5222100000000003	0.00026463693588329296	0.0007582986548731611
BCAT1	2.6880000000000006	0.00026463693588329296	0.0007582986548731611
COLCA2	-1.0199449999999999	0.00026463693588329296	0.0007582986548731611
CRTAP	-0.8580250000000014	0.00026463693588329296	0.0007582986548731611
YTHDF2	0.45650000000000013	0.00026462487679213004	0.0007582986548731611
KLF3-AS1	-1.0190249999999996	0.00026463693588329296	0.0007582986548731611
MAP7D3	-0.3267199999999999	0.00026463693588329296	0.0007582986548731611
SPOPL	1.0868449999999985	0.0002646288964448497	0.0007582986548731611
ALG14	1.2133199999999995	0.00026463693588329296	0.0007582986548731611
FAR2	1.91887	0.00026463693588329296	0.0007582986548731611
NUDT17	-0.24915500000000002	0.00026463693588329296	0.0007582986548731611
ARCN1	0.5848999999999993	0.00026463693588329296	0.0007582986548731611
PLD3	1.113199999999999	0.0002726643833228547	0.0007783825780645755
TRBC1	2.2591	0.0002726643833228547	0.0007783825780645755
SLC48A1	-0.8723999999999998	0.0002726643833228547	0.0007783825780645755
TMEM258	0.36375000000000135	0.0002726643833228547	0.0007783825780645755
LOC101930115	-0.6833300000000015	0.0002726643833228547	0.0007783825780645755
GTF2A1	0.3550500000000003	0.0002726643833228547	0.0007783825780645755
EID2B	-0.24509500000000006	0.0002726643833228547	0.0007783825780645755
SLC7A11	1.36741	0.0002726643833228547	0.0007783825780645755
GNA12	0.4819500000000012	0.0002726643833228547	0.0007783825780645755
TNFRSF1B	-1.1905050000000008	0.0002726643833228547	0.0007783825780645755
ZNF503	-1.0435499999999998	0.0002726643833228547	0.0007783825780645755
PRKCDBP	-1.0249900000000007	0.0002726643833228547	0.0007783825780645755
THAP3	-0.5587749999999998	0.00027265613292837374	0.0007783825780645755
PKIB	2.7364450000000007	0.0002726643833228547	0.0007783825780645755
CCNL1	0.769009999999998	0.0002726602581029885	0.0007783825780645755
SPA17	1.14635	0.0002726643833228547	0.0007783825780645755
RRN3P2	0.6468099999999999	0.0002726643833228547	0.0007783825780645755
MELTF	-2.188185	0.0002726643833228547	0.0007783825780645755
CDKN2C	-1.4116999999999997	0.0002726643833228547	0.0007783825780645755
MKNK2	-0.5575499999999991	0.0002809196248802296	0.0007984957511275581
PSMD1	0.48414999999999964	0.0002809196248802296	0.0007984957511275581
RPGRIP1L	0.7510300000000001	0.0002809196248802296	0.0007984957511275581
SEMA6A	-2.0230249999999996	0.0002809196248802296	0.0007984957511275581
TSEN2	0.7632249999999994	0.0002809196248802296	0.0007984957511275581
PLEKHA1	0.7478750000000005	0.0002809196248802296	0.0007984957511275581
DOLK	1.1114899999999999	0.0002809196248802296	0.0007984957511275581
EMG1	0.37824999999999953	0.0002809196248802296	0.0007984957511275581
GRIK3	-0.8762250000000003	0.0002809196248802296	0.0007984957511275581
GRPEL2	0.49506999999999834	0.0002809196248802296	0.0007984957511275581
ARHGAP31	-0.9056800000000003	0.0002809196248802296	0.0007984957511275581
RPL41	-0.19795000000000051	0.0002809153916831735	0.0007984957511275581
GALNT2	0.66702	0.0002809196248802296	0.0007984957511275581
BEND3	1.0622950000000007	0.0002809196248802296	0.0007984957511275581
SRC	1.0256249999999998	0.0002809196248802296	0.0007984957511275581
BRIP1	1.9479299999999995	0.0002809196248802296	0.0007984957511275581
RGS4	2.741645	0.0002809196248802296	0.0007984957511275581
MIS12	0.5504550000000004	0.0002809196248802296	0.0007984957511275581
RADIL	-0.3640500000000002	0.0002809153916831735	0.0007984957511275581
C5orf63	-0.8941049999999997	0.0002809196248802296	0.0007984957511275581
MFF	0.5905149999999999	0.0002809196248802296	0.0007984957511275581
CCT8	0.4411999999999985	0.0002809196248802296	0.0007984957511275581
NCOA6	0.5150550000000003	0.00028940862297081096	0.0008197370826569371
APPL2	1.8969750000000003	0.00028940862297081096	0.0008197370826569371
LOC202181	1.1859500000000005	0.00028940862297081096	0.0008197370826569371
CASK	0.8006150000000005	0.00028940862297081096	0.0008197370826569371
FMN2	-0.13649500000000003	0.00028940862297081096	0.0008197370826569371
GALC	1.161810000000001	0.00028940862297081096	0.0008197370826569371
HOTAIRM1	-1.9887549999999994	0.00028940862297081096	0.0008197370826569371
PYY2	-0.4430900000000002	0.00028940862297081096	0.0008197370826569371
ACOT8	0.6434099999999994	0.00028940862297081096	0.0008197370826569371
SUSD6	0.8270349999999986	0.00028940862297081096	0.0008197370826569371
FOXN3	-0.6290549999999993	0.00028940862297081096	0.0008197370826569371
KLHL28	0.4404950000000003	0.00028940862297081096	0.0008197370826569371
CKB	-1.6369300000000013	0.00028940862297081096	0.0008197370826569371
UBXN7	0.6914200000000008	0.00028940862297081096	0.0008197370826569371
SPATA18	-2.87241	0.00028940862297081096	0.0008197370826569371
PRAF2	0.8692849999999996	0.00028940862297081096	0.0008197370826569371
DIO2	4.12388	0.00028940862297081096	0.0008197370826569371
TFR2	-0.52447	0.00028940862297081096	0.0008197370826569371
MIR675	-2.975765000000001	0.0002981374808242817	0.0008411798128094461
PRSS12	-0.2054450000000001	0.0002981374808242817	0.0008411798128094461
RBM4B	1.1355050000000002	0.0002981374808242817	0.0008411798128094461
DENND2D	0.8959150000000005	0.0002981374808242817	0.0008411798128094461
KIF3C	0.94543	0.0002981374808242817	0.0008411798128094461
SGSH	-0.8412299999999995	0.0002981374808242817	0.0008411798128094461
PIP4K2A	0.783269999999999	0.0002981374808242817	0.0008411798128094461
LAYN	-1.5812549999999996	0.0002981374808242817	0.0008411798128094461
EIF3F	-0.5697499999999991	0.0002981374808242817	0.0008411798128094461
PMVK	0.5565999999999995	0.0002981374808242817	0.0008411798128094461
NGLY1	0.5023	0.0002981374808242817	0.0008411798128094461
MRTO4	0.9091800000000001	0.0002981374808242817	0.0008411798128094461
BAMBI	2.0633749999999997	0.0002981374808242817	0.0008411798128094461
C6orf136	0.8246900000000004	0.0002981374808242817	0.0008411798128094461
C2	2.0604250000000004	0.0002981374808242817	0.0008411798128094461
MCEE	1.447144999999999	0.0002981374808242817	0.0008411798128094461
MFSD12	0.5575650000000003	0.0002981374808242817	0.0008411798128094461
ZNF8	0.39463999999999944	0.0002981374808242817	0.0008411798128094461
SAMD9	1.1780499999999998	0.0002981374808242817	0.0008411798128094461
C8orf33	0.7853949999999994	0.0002981374808242817	0.0008411798128094461
FAM200B	-0.8006649999999986	0.00030258928922308214	0.0008535745256599841
LOC105369662	-0.7935800000000004	0.00030711244537037844	0.0008619804661129949
NICN1	-1.0453650000000003	0.00030711244537037844	0.0008619804661129949
ARRDC2	-0.6081700000000003	0.00030711244537037844	0.0008619804661129949
AKR1A1	0.6093200000000003	0.00030711244537037844	0.0008619804661129949
EHD4	0.5986849999999997	0.00030711244537037844	0.0008619804661129949
TMCC2	-0.371305	0.00030711244537037844	0.0008619804661129949
PHKB	0.6411500000000014	0.00030711244537037844	0.0008619804661129949
PTCH1	-1.7105750000000004	0.00030711244537037844	0.0008619804661129949
GATAD2B	0.7608550000000003	0.00030711244537037844	0.0008619804661129949
MPHOSPH10	0.46547999999999945	0.00030711244537037844	0.0008619804661129949
GPR153	-0.8254499999999991	0.00030711244537037844	0.0008619804661129949
TERF1	0.6495949999999979	0.00030711244537037844	0.0008619804661129949
PHKG2	0.8245549999999993	0.00030711244537037844	0.0008619804661129949
MMP3	3.740315	0.00030711244537037844	0.0008619804661129949
OLFM4	-3.7806100000000002	0.00030711244537037844	0.0008619804661129949
ITFG1	-0.5066150000000018	0.00030711244537037844	0.0008619804661129949
KANK2	-1.7416350000000005	0.00030711244537037844	0.0008619804661129949
MRVI1	-1.0987299999999998	0.00030711244537037844	0.0008619804661129949
REL	0.9084500000000002	0.00030711244537037844	0.0008619804661129949
UPRT	0.7267250000000001	0.00030711244537037844	0.0008619804661129949
ATAD1	0.9227749999999997	0.00030711244537037844	0.0008619804661129949
USP20	-0.5623299999999993	0.00030711244537037844	0.0008619804661129949
INPP5B	-0.8903950000000007	0.00030711244537037844	0.0008619804661129949
PSPC1	0.8104400000000007	0.00030711244537037844	0.0008619804661129949
TGFB1I1	-1.2325400000000002	0.00030711244537037844	0.0008619804661129949
PLEKHM3	-1.5419600000000004	0.00030710787273107164	0.0008619804661129949
ADGRF5	-1.84314	0.0003163399101717473	0.0008863376761555304
OGFRL1	-1.234449999999999	0.00031633521903774026	0.0008863376761555304
STRA13	0.7712700000000012	0.0003163399101717473	0.0008863376761555304
TFEB	-0.9255250000000004	0.0003163399101717473	0.0008863376761555304
BTBD6	-0.356679999999999	0.0003163399101717473	0.0008863376761555304
SLC2A14	0.9379750000000007	0.0003163399101717473	0.0008863376761555304
ZNF784	-0.28973000000000004	0.00031633521903774026	0.0008863376761555304
F8A3	1.1746499999999997	0.0003163399101717473	0.0008863376761555304
ARHGAP39	0.3485800000000001	0.0003163399101717473	0.0008863376761555304
TMUB2	-0.5773850000000005	0.0003258264184043417	0.0009108087099264389
CRISPLD1	-3.31339	0.0003258264184043417	0.0009108087099264389
FMR1	0.445450000000001	0.00032582160601130804	0.0009108087099264389
FAM193B	-0.45936999999999983	0.0003258264184043417	0.0009108087099264389
TRAPPC12	-0.6242149999999995	0.0003258264184043417	0.0009108087099264389
ARHGEF1	-0.5419299999999998	0.0003258264184043417	0.0009108087099264389
UMAD1	0.5166050000000002	0.0003258264184043417	0.0009108087099264389
VEZT	0.9097450000000009	0.0003258264184043417	0.0009108087099264389
MAPKAPK2	0.564490000000001	0.0003258264184043417	0.0009108087099264389
TSR1	-0.3986900000000002	0.0003258264184043417	0.0009108087099264389
HSPA1B	0.9119500000000009	0.0003258264184043417	0.0009108087099264389
MLLT10	1.2333099999999995	0.00032582160601130804	0.0009108087099264389
OSBPL8	1.1923500000000011	0.00033066402612744997	0.0009241537697118607
DACT1	2.01243	0.00033557866588581074	0.0009350102428997974
WASL	0.35717	0.00033557866588581074	0.0009350102428997974
IRS2	-1.6048999999999989	0.00033557866588581074	0.0009350102428997974
MCOLN3	-1.448855	0.00033557372941370146	0.0009350102428997974
ADCK1	-0.4998649999999998	0.00033557866588581074	0.0009350102428997974
PRELP	-2.528735000000001	0.00033557866588581074	0.0009350102428997974
HELLS	0.7400900000000012	0.00033557866588581074	0.0009350102428997974
C9orf64	-0.31510000000000105	0.00033557372941370146	0.0009350102428997974
SGMS2	1.2569799999999995	0.00033557866588581074	0.0009350102428997974
FBXW2	0.9441550000000003	0.00033557866588581074	0.0009350102428997974
FBXO34	0.5418500000000002	0.00033557866588581074	0.0009350102428997974
NRG1	-0.866905	0.00033557866588581074	0.0009350102428997974
PSMG3-AS1	-1.25176	0.00033557866588581074	0.0009350102428997974
CD300A	1.5044050000000002	0.00033557866588581074	0.0009350102428997974
KCTD2	-0.7956399999999997	0.00033557866588581074	0.0009350102428997974
BBS7	-0.7956599999999998	0.00033557866588581074	0.0009350102428997974
MLEC	0.8539700000000003	0.0003456035041523164	0.0009598114529164158
NDUFA8	0.7300050000000002	0.0003456035041523164	0.0009598114529164158
ZFP42	-0.4684849999999998	0.0003456035041523164	0.0009598114529164158
SLC39A9	0.7992350000000012	0.0003456035041523164	0.0009598114529164158
PRDX3	0.7605500000000003	0.0003456035041523164	0.0009598114529164158
TNNI2	-1.0418349999999998	0.0003456035041523164	0.0009598114529164158
RING1	-0.3986049999999999	0.0003456035041523164	0.0009598114529164158
LCN12	-0.34150000000000036	0.0003456035041523164	0.0009598114529164158
CCL8	2.5438	0.0003456035041523164	0.0009598114529164158
MIR4680	-1.3152500000000007	0.0003456035041523164	0.0009598114529164158
PLPP3	-1.1974	0.0003456035041523164	0.0009598114529164158
SLC2A13	1.4746899999999998	0.0003456035041523164	0.0009598114529164158
ELF3	1.4999499999999992	0.0003456035041523164	0.0009598114529164158
COX11	0.7225600000000014	0.0003456035041523164	0.0009598114529164158
ZNF790-AS1	-0.8869350000000003	0.0003456035041523164	0.0009598114529164158
FAN1	-0.8348900000000006	0.0003456035041523164	0.0009598114529164158
PCDHB5	-0.1578750000000002	0.000345598440724477	0.0009598114529164158
NLRP1	-1.3877249999999997	0.0003559079435842209	0.00098560166985699
PIK3C2B	-0.8136850000000013	0.0003559079435842209	0.00098560166985699
PTCHD1	-2.5599799999999995	0.0003559079435842209	0.00098560166985699
NR1H3	-1.624789999999999	0.0003559079435842209	0.00098560166985699
AIP	-0.561985	0.000355902750266497	0.00098560166985699
NKAP	0.6405899999999995	0.0003559079435842209	0.00098560166985699
NFKBIL1	-0.6349199999999993	0.0003559079435842209	0.00098560166985699
NRAV	0.5809899999999999	0.0003559079435842209	0.00098560166985699
NEDD4	1.8711450000000003	0.0003559079435842209	0.00098560166985699
ENTPD7	0.6145100000000001	0.0003559079435842209	0.00098560166985699
JAK2	2.3725699999999996	0.0003559079435842209	0.00098560166985699
PRR11	-0.4131999999999998	0.000355902750266497	0.00098560166985699
C6orf120	0.91885	0.000355902750266497	0.00098560166985699
UBL5	0.31865000000000165	0.0003559079435842209	0.00098560166985699
RPL12	-0.45340000000000025	0.000355902750266497	0.00098560166985699
TMEM222	-0.30087500000000045	0.00036649915658106506	0.0010108833336885522
KIF3B	0.49879499999999943	0.00036649915658106506	0.0010108833336885522
MAPK1IP1L	0.5428999999999995	0.00036649915658106506	0.0010108833336885522
LUC7L	-0.6449599999999993	0.00036649915658106506	0.0010108833336885522
NYNRIN	-1.69867	0.00036649915658106506	0.0010108833336885522
CKAP4	0.7249749999999988	0.00036649915658106506	0.0010108833336885522
UBQLN1	0.5667799999999996	0.00036649915658106506	0.0010108833336885522
POU5F1B	-0.22907999999999973	0.00036649915658106506	0.0010108833336885522
CHAF1B	0.7372449999999997	0.00036649915658106506	0.0010108833336885522
HIC1	-0.9261100000000004	0.00036649915658106506	0.0010108833336885522
EIF1AD	0.6628949999999998	0.00036649915658106506	0.0010108833336885522
CXXC1	-0.66397	0.00036649915658106506	0.0010108833336885522
TBX5	-1.3685450000000001	0.00036649915658106506	0.0010108833336885522
PLK4	1.338095	0.00036649915658106506	0.0010108833336885522
EPHB6	-1.7261300000000004	0.00036649915658106506	0.0010108833336885522
PINK1-AS	-0.36294499999999985	0.00036649383038090067	0.0010108833336885522
FUT8	1.8483799999999997	0.00036649915658106506	0.0010108833336885522
TOM1L1	1.2300149999999999	0.00036649915658106506	0.0010108833336885522
FARS2	-0.48043000000000013	0.00036649915658106506	0.0010108833336885522
NFATC1	-1.7105300000000003	0.00036649915658106506	0.0010108833336885522
PLOD3	0.6361150000000002	0.00036649915658106506	0.0010108833336885522
ACTA2	-1.043050000000001	0.0003718991958537783	0.0010253882897643001
IFI35	1.5096100000000003	0.0003718991958537783	0.0010253882897643001
TMEM55B	0.8642050000000001	0.00037738448078627405	0.001037360861248963
LAMP2	0.5431500000000007	0.00037738448078627405	0.001037360861248963
C15orf48	2.0401500000000006	0.00037738448078627405	0.001037360861248963
TADA2B	-0.8082700000000003	0.00037738448078627405	0.001037360861248963
UHRF1BP1L	0.516985	0.00037738448078627405	0.001037360861248963
PTGFRN	0.942615	0.00037738448078627405	0.001037360861248963
CHMP4B	0.7645700000000009	0.00037737901865180705	0.001037360861248963
GGT6	-1.5815350000000006	0.00037738448078627405	0.001037360861248963
PRTG	-1.072555	0.00037738448078627405	0.001037360861248963
CACNB3	0.7548750000000002	0.00037738448078627405	0.001037360861248963
SSC5D	-1.2067350000000001	0.00037738448078627405	0.001037360861248963
HSPB1	1.4781999999999993	0.00037738448078627405	0.001037360861248963
EREG	-0.44887999999999995	0.00037738448078627405	0.001037360861248963
IQCK	1.0790800000000003	0.00037738448078627405	0.001037360861248963
LRIG2	-0.8838499999999989	0.00037738448078627405	0.001037360861248963
MIR6789	-0.41228000000000087	0.00037738448078627405	0.001037360861248963
DEDD	0.5915800000000004	0.0003885658211811479	0.0010650876171274127
TMEM106C	0.900599999999999	0.0003885714223620047	0.0010650876171274127
DLC1	-1.512155	0.0003885714223620047	0.0010650876171274127
BRAP	-0.90327	0.0003885714223620047	0.0010650876171274127
PPP1R12C	-0.6085449999999994	0.0003885714223620047	0.0010650876171274127
CLIC3	1.364065	0.0003885714223620047	0.0010650876171274127
PABPC1	0.4588000000000001	0.0003885658211811479	0.0010650876171274127
HLA-DPA1	1.2441000000000013	0.0003885714223620047	0.0010650876171274127
GTF2H2C_2	0.8583250000000007	0.0003885714223620047	0.0010650876171274127
OSGIN1	-0.9248050000000001	0.0003885714223620047	0.0010650876171274127
ZC3HAV1L	0.68234	0.0003885658211811479	0.0010650876171274127
LAT2	0.7122450000000002	0.0003885714223620047	0.0010650876171274127
DDX52	0.7676100000000003	0.0003885714223620047	0.0010650876171274127
NUDT18	-0.9304799999999993	0.0003885714223620047	0.0010650876171274127
TMEM136	-0.9497099999999996	0.0003885714223620047	0.0010650876171274127
GTF2E2	0.8494649999999995	0.000400067659314548	0.0010930917306803136
SENP2	0.6869399999999999	0.000400067659314548	0.0010930917306803136
KLK7	-1.7420999999999998	0.0004000619159140696	0.0010930917306803136
C14orf1	0.5594450000000002	0.000400067659314548	0.0010930917306803136
CCDC9	-0.643114999999999	0.000400067659314548	0.0010930917306803136
CD37	0.6317550000000001	0.000400067659314548	0.0010930917306803136
CD48	2.5604750000000003	0.000400067659314548	0.0010930917306803136
CXCL3	-0.7990499999999998	0.000400067659314548	0.0010930917306803136
STRN3	0.735619999999999	0.000400067659314548	0.0010930917306803136
ASXL1	0.6341099999999997	0.000400067659314548	0.0010930917306803136
ANXA8L1	-3.5371349999999993	0.000400067659314548	0.0010930917306803136
MIR8071-2	3.1563	0.0004000619159140696	0.0010930917306803136
TECPR2	-0.758025	0.000400067659314548	0.0010930917306803136
SOSTDC1	-2.3252949999999997	0.000400067659314548	0.0010930917306803136
CCNE1	1.4407250000000005	0.000400067659314548	0.0010930917306803136
KRBA1	-0.520715	0.000400067659314548	0.0010930917306803136
OGG1	-0.6616949999999999	0.000400067659314548	0.0010930917306803136
EIF4H	0.5386500000000005	0.00041187515601528015	0.0011196811182351564
SOCS3	2.617239999999999	0.00041188104487069316	0.0011196811182351564
NDUFA6	0.6528500000000008	0.00041188104487069316	0.0011196811182351564
CD163	1.9450149999999997	0.00041188104487069316	0.0011196811182351564
SPRED1	0.8310399999999998	0.00041188104487069316	0.0011196811182351564
SP4	-0.7198949999999993	0.00041188104487069316	0.0011196811182351564
FMC1	-0.930505000000001	0.00041188104487069316	0.0011196811182351564
RCBTB2	-1.283505	0.00041188104487069316	0.0011196811182351564
NSMCE3	0.8268500000000003	0.00041188104487069316	0.0011196811182351564
PIBF1	1.13326	0.00041188104487069316	0.0011196811182351564
ZCCHC24	-1.499769999999998	0.00041188104487069316	0.0011196811182351564
UBAC1	0.6695650000000004	0.00041188104487069316	0.0011196811182351564
LOX	1.55957	0.00041188104487069316	0.0011196811182351564
PHF6	0.3002450000000003	0.00041188104487069316	0.0011196811182351564
SGSM3	-0.8204550000000008	0.00041188104487069316	0.0011196811182351564
PPA2	0.5460999999999991	0.00041188104487069316	0.0011196811182351564
FMNL2	1.8998300000000006	0.00041188104487069316	0.0011196811182351564
EHHADH	-0.7240700000000002	0.00041188104487069316	0.0011196811182351564
ZBTB44	-0.9875500000000006	0.00041187515601528015	0.0011196811182351564
SEMA5A	-1.4028350000000005	0.00041188104487069316	0.0011196811182351564
LAMC2	-2.84534	0.00041188104487069316	0.0011196811182351564
ZNF324	-1.1032250000000001	0.00041188104487069316	0.0011196811182351564
RBPMS2	-2.1418950000000003	0.00041188104487069316	0.0011196811182351564
GTF3C1	0.3799550000000007	0.00041188104487069316	0.0011196811182351564
CCDC85A	-0.3183600000000002	0.00041188104487069316	0.0011196811182351564
SPIN1	0.5798499999999986	0.00041188104487069316	0.0011196811182351564
GSTA1	-0.8860499999999996	0.00041188104487069316	0.0011196811182351564
LOC101929141	-0.7250100000000002	0.0004240196109054459	0.0011479516759076967
USPL1	0.8884499999999997	0.0004240196109054459	0.0011479516759076967
OAZ1	0.3279499999999995	0.0004240135732967739	0.0011479516759076967
OR2A9P	-0.9367200000000002	0.0004240196109054459	0.0011479516759076967
BOLA2B	0.7531349999999986	0.0004240196109054459	0.0011479516759076967
CPEB3	-0.4247049999999999	0.0004240196109054459	0.0011479516759076967
NONO	0.5220000000000002	0.0004240196109054459	0.0011479516759076967
ARL10	-1.29753	0.0004240196109054459	0.0011479516759076967
SNPH	-0.6412199999999997	0.0004240196109054459	0.0011479516759076967
CCAR1	0.35325000000000095	0.0004240075357489928	0.0011479516759076967
FAM162A	0.5923999999999996	0.0004240135732967739	0.0011479516759076967
ICA1	0.9575100000000001	0.0004240196109054459	0.0011479516759076967
SIKE1	1.0272349999999992	0.0004240196109054459	0.0011479516759076967
EGLN1	0.6302399999999988	0.0004240196109054459	0.0011479516759076967
LPAR1	-1.4035250000000001	0.0004240196109054459	0.0011479516759076967
EAPP	0.704369999999999	0.0004240196109054459	0.0011479516759076967
NR1D1	-1.002815	0.0004240196109054459	0.0011479516759076967
FAM3C	0.6968099999999993	0.0004240196109054459	0.0011479516759076967
ZNF808	-0.20797000000000043	0.0004240196109054459	0.0011479516759076967
ZNF775	-1.0736599999999994	0.0004240196109054459	0.0011479516759076967
KAT7	0.9142350000000006	0.0004240196109054459	0.0011479516759076967
TNFAIP3	0.978769999999999	0.0004240196109054459	0.0011479516759076967
CLN5	1.3710649999999998	0.0004364915714215097	0.0011790793527126423
ZBTB43	0.7468649999999997	0.0004364915714215097	0.0011790793527126423
LINC01420	1.0798950000000005	0.0004364915714215097	0.0011790793527126423
MYDGF	0.4571899999999989	0.0004364915714215097	0.0011790793527126423
UBE2B	0.9201599999999992	0.0004364853816972964	0.0011790793527126423
GTF2H1	-0.6868199999999991	0.0004364915714215097	0.0011790793527126423
GATS	-0.9133499999999994	0.0004364915714215097	0.0011790793527126423
C8orf58	-1.3252800000000002	0.0004364915714215097	0.0011790793527126423
CCDC6	0.9374599999999997	0.0004364915714215097	0.0011790793527126423
SIX4	1.1203200000000004	0.0004364915714215097	0.0011790793527126423
COL14A1	-3.5753400000000006	0.0004364915714215097	0.0011790793527126423
ZNF623	0.6516399999999996	0.0004364915714215097	0.0011790793527126423
SPAST	0.42512499999999864	0.0004493053260808926	0.001210540249600505
CXCL11	2.4916399999999994	0.0004493053260808926	0.001210540249600505
CHD7	1.2946499999999999	0.0004493053260808926	0.001210540249600505
EXO1	2.18465	0.0004493053260808926	0.001210540249600505
MIR6883	-1.413665	0.0004493053260808926	0.001210540249600505
TSPAN13	1.1032499999999992	0.0004493053260808926	0.001210540249600505
ZNF146	0.4064999999999994	0.0004493053260808926	0.001210540249600505
TPP1	0.6573000000000011	0.0004492989808139458	0.001210540249600505
C5orf56	-0.5974000000000004	0.0004493053260808926	0.001210540249600505
MAPK8IP3	-0.58908	0.0004493053260808926	0.001210540249600505
RAB5B	0.995210000000001	0.0004493053260808926	0.001210540249600505
RASSF8-AS1	-1.3398900000000005	0.0004493053260808926	0.001210540249600505
CWH43	-0.4161649999999999	0.0004493053260808926	0.001210540249600505
IFITM3	0.8087	0.0004492989808139458	0.001210540249600505
TSC22D1	-0.5897500000000004	0.0004624694637890371	0.0012414013961449901
PLEKHG3	-0.8909200000000004	0.0004624694637890371	0.0012414013961449901
ZNF319	-0.2000700000000002	0.0004624694637890371	0.0012414013961449901
ORAI3	-1.0718199999999998	0.0004624694637890371	0.0012414013961449901
CSN3	-0.0857600000000005	0.00046246295948629675	0.0012414013961449901
MX1	1.6749699999999983	0.0004624694637890371	0.0012414013961449901
XAGE2	-0.08031499999999969	0.0004624564552480242	0.0012414013961449901
ZNF532	0.9373800000000001	0.00046246295948629675	0.0012414013961449901
CAMKK1	-0.6093450000000002	0.0004624694637890371	0.0012414013961449901
ROPN1B	-5.366630000000001	0.00046246295948629675	0.0012414013961449901
GALNT7	1.4752399999999994	0.0004624694637890371	0.0012414013961449901
KCNN4	-3.0483249999999993	0.0004624694637890371	0.0012414013961449901
EPHA7	-0.4663750000000002	0.0004624694637890371	0.0012414013961449901
TUBB4B	0.6966999999999999	0.0004624694637890371	0.0012414013961449901
PPP3CB	-0.6397600000000008	0.0004624694637890371	0.0012414013961449901
C17orf53	-0.1446449999999997	0.0004624694637890371	0.0012414013961449901
ACTR8	-0.5927850000000001	0.0004624694637890371	0.0012414013961449901
GAS8	-0.5427799999999996	0.0004624694637890371	0.0012414013961449901
NOSTRIN	-2.81166	0.0004624694637890371	0.0012414013961449901
SMOC1	-0.8414549999999998	0.0004624694637890371	0.0012414013961449901
KPNA4	0.7488499999999991	0.00047599276633181485	0.0012706556898291572
GATSL2	-0.8635850000000005	0.00047599276633181485	0.0012706556898291572
SFMBT1	0.8424399999999999	0.00047599276633181485	0.0012706556898291572
CTTNBP2NL	0.4621499999999994	0.00047599276633181485	0.0012706556898291572
THEMIS	-0.4385049999999997	0.00047598609943338944	0.0012706556898291572
SNX22	-1.177555	0.00047599276633181485	0.0012706556898291572
PTX3	-3.672415	0.00047599276633181485	0.0012706556898291572
NFE2L1	-0.590485000000001	0.00047599276633181485	0.0012706556898291572
USP32	0.55837	0.00047599276633181485	0.0012706556898291572
TMEM47	-2.065245000000001	0.00047599276633181485	0.0012706556898291572
ABCD4	-0.5210400000000011	0.00047599276633181485	0.0012706556898291572
RND1	1.2523299999999997	0.00047599276633181485	0.0012706556898291572
CPXM2	-1.6179800000000002	0.00047599276633181485	0.0012706556898291572
CCDC86	0.7646249999999997	0.00047599276633181485	0.0012706556898291572
MICU1	0.7632599999999998	0.00047599276633181485	0.0012706556898291572
CACNA2D1	-1.1914600000000002	0.00047599276633181485	0.0012706556898291572
COL16A1	-1.5180349999999994	0.00047599276633181485	0.0012706556898291572
RPUSD3	0.8542949999999996	0.00047599276633181485	0.0012706556898291572
ITPR1	-1.1890450000000001	0.00047599276633181485	0.0012706556898291572
SLC7A1	0.6447500000000002	0.00047599276633181485	0.0012706556898291572
LOC100506123	1.8028500000000003	0.00047599276633181485	0.0012706556898291572
LOC283588	-1.66589	0.00047599276633181485	0.0012706556898291572
PPIC	1.2107900000000011	0.00047598609943338944	0.0012706556898291572
ZFHX2	-0.37631499999999996	0.00047599276633181485	0.0012706556898291572
LDOC1	0.947890000000001	0.00047599276633181485	0.0012706556898291572
KATNBL1	0.5777350000000006	0.00047599276633181485	0.0012706556898291572
CCDC80	-1.3305150000000001	0.00047599276633181485	0.0012706556898291572
KRCC1	0.88706	0.00047599276633181485	0.0012706556898291572
KCTD13	0.7486349999999993	0.00047599276633181485	0.0012706556898291572
MEX3C	0.8148649999999993	0.00047599276633181485	0.0012706556898291572
CHEK2	0.9119349999999997	0.0004898842120657697	0.0013048603315515602
BRD8	-0.48416000000000103	0.0004898842120657697	0.0013048603315515602
MLH1	0.5209250000000019	0.0004898842120657697	0.0013048603315515602
CNBP	0.5974999999999984	0.0004898842120657697	0.0013048603315515602
KRBOX1	-0.9746900000000003	0.0004898842120657697	0.0013048603315515602
BZW2	0.7883000000000013	0.0004898773789439675	0.0013048603315515602
LRRC8B	0.6724450000000006	0.0004898842120657697	0.0013048603315515602
TRA2A	-1.1257500000000018	0.0004898842120657697	0.0013048603315515602
SERPING1	-0.8616499999999991	0.0004898842120657697	0.0013048603315515602
ZDHHC2	-1.750189999999999	0.0004898842120657697	0.0013048603315515602
ADRB1	-0.7494200000000002	0.0004898842120657697	0.0013048603315515602
PHTF1	0.4523199999999994	0.0004898842120657697	0.0013048603315515602
STRN	0.7308200000000005	0.0005041529796619467	0.0013386925526880217
PTPN21	-1.3865500000000006	0.0005041529796619467	0.0013386925526880217
ZNHIT3	0.7643350000000009	0.0005041529796619467	0.0013386925526880217
MZT2B	-0.3721399999999999	0.0005041529796619467	0.0013386925526880217
CCDC93	-0.5464699999999993	0.0005041529796619467	0.0013386925526880217
LOC202025	-0.6226200000000004	0.0005041529796619467	0.0013386925526880217
PLCL2	-0.973325	0.0005041529796619467	0.0013386925526880217
ZNF556	-0.19639999999999969	0.0005041459766202969	0.0013386925526880217
EMP2	0.8283500000000004	0.0005041529796619467	0.0013386925526880217
IFIT3	1.656410000000001	0.0005041529796619467	0.0013386925526880217
TMEM140	-1.1904500000000002	0.0005041529796619467	0.0013386925526880217
YPEL3	-0.7174800000000001	0.0005041529796619467	0.0013386925526880217
BIRC7	-0.4048600000000002	0.0005041529796619467	0.0013386925526880217
TMED1	-0.8136549999999998	0.0005041529796619467	0.0013386925526880217
NECTIN3	-0.28918	0.0005041529796619467	0.0013386925526880217
GFM1	0.5767900000000008	0.0005041529796619467	0.0013386925526880217
CDH5	-2.141045	0.0005041529796619467	0.0013386925526880217
DHX15	0.37549999999999883	0.0005114176044498735	0.001357504917423922
CDK17	0.7036799999999985	0.0005114246937905438	0.001357504917423922
NECAB2	-0.2711350000000001	0.0005188084519036366	0.0013735891227975592
ZNF277	0.9863800000000005	0.0005188084519036366	0.0013735891227975592
NUTM2B-AS1	0.8696650000000004	0.0005188084519036366	0.0013735891227975592
TWISTNB	0.3580399999999999	0.0005188084519036366	0.0013735891227975592
UBA2	0.8271999999999995	0.0005188084519036366	0.0013735891227975592
HAGHL	0.8037049999999999	0.0005188084519036366	0.0013735891227975592
LOC389831	-0.4793050000000001	0.0005188084519036366	0.0013735891227975592
PCCA	-0.8268900000000006	0.0005188084519036366	0.0013735891227975592
NOVA1	-1.81441	0.0005188012751759058	0.0013735891227975592
PSEN2	0.5987100000000005	0.0005188084519036366	0.0013735891227975592
CTSO	1.5098000000000003	0.0005188084519036366	0.0013735891227975592
ROPN1	-4.772819999999999	0.0005188012751759058	0.0013735891227975592
ZNF561	-0.7302049999999998	0.0005188084519036366	0.0013735891227975592
TTPAL	0.44338499999999925	0.0005188084519036366	0.0013735891227975592
COMMD8	0.5222700000000007	0.0005338528652875956	0.0014098414453785158
BHLHE41	-1.226515000000001	0.0005338602195383872	0.0014098414453785158
TNFSF11	-0.20264999999999977	0.0005338528652875956	0.0014098414453785158
OAZ3	1.2547249999999996	0.0005338602195383872	0.0014098414453785158
WDR45B	0.631730000000001	0.0005338602195383872	0.0014098414453785158
TCF4	-0.9922000000000004	0.0005338528652875956	0.0014098414453785158
TSPOAP1	-1.2613049999999992	0.0005338602195383872	0.0014098414453785158
TMEM201	-0.5951599999999999	0.0005338602195383872	0.0014098414453785158
NFS1	0.41464000000000034	0.0005338602195383872	0.0014098414453785158
LACC1	0.716755	0.0005338602195383872	0.0014098414453785158
PTK6	1.2630400000000002	0.0005338602195383872	0.0014098414453785158
FBXO30	0.5614600000000003	0.0005338602195383872	0.0014098414453785158
NRF1	-0.41059999999999963	0.0005338602195383872	0.0014098414453785158
GOLGA2P10	-0.808535	0.0005338602195383872	0.0014098414453785158
POLD3	0.6856749999999998	0.000549318085184577	0.0014446210128667921
PGPEP1	-0.5286199999999992	0.000549318085184577	0.0014446210128667921
QPCTL	-0.07254499999999986	0.0005493105495020006	0.0014446210128667921
GDPD1	0.8752500000000003	0.000549318085184577	0.0014446210128667921
CDK11A	-0.36568499999999915	0.000549318085184577	0.0014446210128667921
MAP1B	-1.4667950000000012	0.000549318085184577	0.0014446210128667921
MAVS	-0.3769349999999996	0.0005493105495020006	0.0014446210128667921
DHFR2	-0.5536000000000003	0.000549318085184577	0.0014446210128667921
AGAP2	-0.3287250000000004	0.000549318085184577	0.0014446210128667921
NDUFC1	0.4886499999999998	0.000549318085184577	0.0014446210128667921
CDCA2	1.0565350000000002	0.000549318085184577	0.0014446210128667921
DENND1A	-0.37356499999999926	0.000549318085184577	0.0014446210128667921
FXYD3	1.10318	0.0005493105495020006	0.0014446210128667921
AVIL	-0.557315	0.000549318085184577	0.0014446210128667921
FAM49A	-1.135934999999999	0.000549318085184577	0.0014446210128667921
INO80	-0.3778100000000002	0.000549318085184577	0.0014446210128667921
ATP5F1	0.30494999999999983	0.000549318085184577	0.0014446210128667921
TRIAP1	0.38029000000000046	0.000549318085184577	0.0014446210128667921
ALDH3B1	-0.4263249999999994	0.000549318085184577	0.0014446210128667921
TMED9	0.5709499999999981	0.000549318085184577	0.0014446210128667921
DNM1L	0.5080199999999984	0.000549318085184577	0.0014446210128667921
TLR2	1.337015	0.000549318085184577	0.0014446210128667921
SLC6A2	-0.49410500000000024	0.000549318085184577	0.0014446210128667921
NEDD8-MDP1	-0.6897500000000001	0.0005651920672928832	0.001480201839716366
CARD11	-0.39822000000000024	0.0005651920672928832	0.001480201839716366
BCAM	-1.5308849999999996	0.0005651920672928832	0.001480201839716366
PPARA	-1.4192799999999997	0.0005651920672928832	0.001480201839716366
LILRB1	0.8063099999999999	0.0005651920672928832	0.001480201839716366
ZKSCAN1	0.9087499999999995	0.0005651920672928832	0.001480201839716366
CST6	0.9405399999999999	0.0005651920672928832	0.001480201839716366
INS-IGF2	-2.5172349999999994	0.0005651920672928832	0.001480201839716366
ANP32E	0.7861400000000014	0.0005651920672928832	0.001480201839716366
ACVR2A	-0.633935000000001	0.0005651920672928832	0.001480201839716366
SOX9	2.7323200000000014	0.0005651920672928832	0.001480201839716366
OXA1L	0.6308749999999996	0.0005651920672928832	0.001480201839716366
LSG1	0.735475000000001	0.0005651920672928832	0.001480201839716366
RERE	-0.9193899999999999	0.0005651920672928832	0.001480201839716366
TTC3P1	0.7062000000000008	0.0005651843461970521	0.001480201839716366
ZNF548	-0.5452399999999997	0.0005651920672928832	0.001480201839716366
FNBP4	0.39204999999999934	0.0005651920672928832	0.001480201839716366
CCNF	0.8320750000000006	0.0005651920672928832	0.001480201839716366
SMAP2	0.6551900000000002	0.0005651920672928832	0.001480201839716366
LRCH2	-0.5342150000000001	0.0005651920672928832	0.001480201839716366
PHACTR4	0.8496499999999996	0.0005651920672928832	0.001480201839716366
TDRP	-1.0484150000000003	0.0005651920672928832	0.001480201839716366
ZDHHC12	0.921335	0.0005651920672928832	0.001480201839716366
TRABD	0.30631499999999967	0.000581492404162905	0.0015187828584988681
HLA-DMB	1.2101699999999997	0.000581492404162905	0.0015187828584988681
C10orf76	-0.3501500000000002	0.000581492404162905	0.0015187828584988681
TACC1	-1.2904899999999984	0.000581492404162905	0.0015187828584988681
RNF219	0.5340900000000008	0.000581492404162905	0.0015187828584988681
CDCA7L	-2.0366149999999994	0.000581492404162905	0.0015187828584988681
C11orf95	-0.7160099999999998	0.000581492404162905	0.0015187828584988681
WEE1	0.9145500000000002	0.000581492404162905	0.0015187828584988681
ASB7	0.8178600000000005	0.000581492404162905	0.0015187828584988681
MIR631	-1.0720799999999997	0.000581492404162905	0.0015187828584988681
ELAVL3	-0.2738099999999992	0.0005814844935986076	0.0015187828584988681
CNTROB	-0.32179499999999983	0.000581492404162905	0.0015187828584988681
ZNF84	0.8372199999999994	0.000581492404162905	0.0015187828584988681
WNT5A	2.4997350000000003	0.000581492404162905	0.0015187828584988681
PCMTD2	0.5064499999999992	0.0005814844935986076	0.0015187828584988681
CRACR2B	-1.5831599999999995	0.0005982295580152697	0.0015582941060982504
ACSL4	-0.6877599999999999	0.0005982295580152697	0.0015582941060982504
ARHGEF10L	-0.6201849999999993	0.0005982295580152697	0.0015582941060982504
PCBD2	0.7682950000000002	0.0005982295580152697	0.0015582941060982504
ANKRD27	0.7947600000000001	0.0005982214538525341	0.0015582941060982504
CHST9	-0.38368499999999983	0.0005982295580152697	0.0015582941060982504
ACTG2	-3.6746299999999987	0.0005982295580152697	0.0015582941060982504
FAM53C	-0.5075850000000006	0.0005982295580152697	0.0015582941060982504
EXOSC10	-0.7773599999999998	0.0005982214538525341	0.0015582941060982504
TTLL1	0.7273049999999994	0.0005982295580152697	0.0015582941060982504
NFASC	-1.4144000000000005	0.0005982295580152697	0.0015582941060982504
MB	1.4520999999999997	0.0005982295580152697	0.0015582941060982504
S1PR3	1.5705850000000003	0.0005982295580152697	0.0015582941060982504
GFPT2	2.302154999999999	0.0005982295580152697	0.0015582941060982504
RTKN	0.9115250000000001	0.0005982295580152697	0.0015582941060982504
CD74	0.8307500000000001	0.0006154059171525447	0.0015990419198519859
ZNF700	0.9966450000000009	0.0006154142191194566	0.0015990419198519859
ZNF346	-0.7720749999999992	0.0006154142191194566	0.0015990419198519859
HGS	0.7021899999999999	0.0006154142191194566	0.0015990419198519859
SLC25A13	0.8799099999999989	0.0006154142191194566	0.0015990419198519859
DNER	-0.22116999999999987	0.0006154142191194566	0.0015990419198519859
HLA-G	0.7297000000000011	0.0006154059171525447	0.0015990419198519859
TRPC4AP	0.6444049999999999	0.0006154142191194566	0.0015990419198519859
PLEKHG4	-1.2854450000000002	0.0006154142191194566	0.0015990419198519859
VMA21	0.7033149999999981	0.0006154142191194566	0.0015990419198519859
MFSD6	0.8263699999999998	0.0006154142191194566	0.0015990419198519859
NAT1	2.7106250000000003	0.0006154142191194566	0.0015990419198519859
MAU2	-0.48991500000000165	0.0006154142191194566	0.0015990419198519859
MANEAL	1.117245	0.0006154142191194566	0.0015990419198519859
CEP162	-0.5595099999999995	0.0006330573099776263	0.0016384349056309192
SNX19	0.5139649999999998	0.0006330573099776263	0.0016384349056309192
CORO1A	1.7016149999999994	0.0006330573099776263	0.0016384349056309192
ZNF551	0.6555499999999999	0.0006330573099776263	0.0016384349056309192
SNORD19B	0.7309349999999988	0.0006330573099776263	0.0016384349056309192
PTPRG	-1.107665	0.0006330573099776263	0.0016384349056309192
SLC37A3	0.543355	0.0006330573099776263	0.0016384349056309192
MKL2	-0.9875150000000001	0.0006330573099776263	0.0016384349056309192
ERCC6L	0.5143299999999997	0.0006330573099776263	0.0016384349056309192
MCUR1	0.7217500000000001	0.0006330573099776263	0.0016384349056309192
TIMM44	0.35935499999999987	0.0006330488059240054	0.0016384349056309192
CFAP69	-1.7623199999999999	0.0006330573099776263	0.0016384349056309192
TMEM141	0.6723949999999999	0.0006330573099776263	0.0016384349056309192
PMS2P5	0.6316099999999993	0.0006330573099776263	0.0016384349056309192
SLC12A4	-0.29830500000000093	0.0006330573099776263	0.0016384349056309192
SMIM17	-0.23785500000000015	0.0006330573099776263	0.0016384349056309192
SYK	0.9934150000000006	0.0006330573099776263	0.0016384349056309192
HELZ	0.6000800000000002	0.0006330573099776263	0.0016384349056309192
POLA1	0.7992900000000001	0.0006330573099776263	0.0016384349056309192
ARHGDIA	0.3898899999999994	0.0006330573099776263	0.0016384349056309192
RAB40C	0.6911050000000003	0.0006330573099776263	0.0016384349056309192
MRPS18C	0.3029700000000002	0.0006330573099776263	0.0016384349056309192
PCAT6	0.9297500000000003	0.0006511699895646694	0.0016802222083258937
TAF15	0.753070000000001	0.0006511699895646694	0.0016802222083258937
ADAL	-0.21668500000000002	0.0006511612790639995	0.0016802222083258937
SEL1L	0.7680600000000002	0.0006511699895646694	0.0016802222083258937
FGFR1OP	-0.6371499999999983	0.0006511699895646694	0.0016802222083258937
SIK3	-1.0515500000000007	0.0006511699895646694	0.0016802222083258937
SLC22A3	-0.3994900000000001	0.0006511699895646694	0.0016802222083258937
CCNJ	0.9640249999999999	0.0006511699895646694	0.0016802222083258937
LOC102723773	0.5566149999999999	0.0006511699895646694	0.0016802222083258937
DDX58	2.1638600000000006	0.0006511699895646694	0.0016802222083258937
PBRM1	0.3405699999999996	0.0006511699895646694	0.0016802222083258937
GLMN	0.7269049999999995	0.0006511612790639995	0.0016802222083258937
GIMAP8	-1.5452549999999992	0.0006511699895646694	0.0016802222083258937
COX5A	0.42900000000000027	0.0006511699895646694	0.0016802222083258937
PTGES3L-AARSD1	-1.0121150000000005	0.0006511699895646694	0.0016802222083258937
PTPN14	-0.8160900000000009	0.0006511699895646694	0.0016802222083258937
SPAG16	-0.9306599999999996	0.0006511699895646694	0.0016802222083258937
TMSB10	0.4051000000000009	0.0006603971626439532	0.0017037284768014725
CPSF4	-0.374369999999999	0.0006697636576247451	0.0017223849541396403
TRAK1	-1.0835300000000014	0.0006697547362378449	0.0017223849541396403
OSMR	1.3087349999999986	0.0006697636576247451	0.0017223849541396403
ERO1B	-1.913995	0.0006697636576247451	0.0017223849541396403
NFATC3	0.6246049999999999	0.0006697636576247451	0.0017223849541396403
CD70	-0.12528499999999987	0.0006697547362378449	0.0017223849541396403
SMIM10L1	0.4904899999999994	0.0006697636576247451	0.0017223849541396403
SESN3	-1.3751350000000002	0.0006697636576247451	0.0017223849541396403
ARHGAP23	-1.0433050000000001	0.0006697636576247451	0.0017223849541396403
ZFAS1	-0.6741500000000009	0.0006697636576247451	0.0017223849541396403
SCGB1D2	-7.407050000000001	0.0006697636576247451	0.0017223849541396403
ABCC1	0.7953499999999991	0.0006697636576247451	0.0017223849541396403
COPZ2	-1.04359	0.0006697636576247451	0.0017223849541396403
RSPH10B2	0.2830349999999999	0.0006697636576247451	0.0017223849541396403
FAM160B1	-0.49680500000000016	0.0006697636576247451	0.0017223849541396403
FAM129A	-1.2795050000000003	0.0006697636576247451	0.0017223849541396403
SLC24A1	-0.9294950000000002	0.0006697636576247451	0.0017223849541396403
TGFBR2	-1.167015000000001	0.0006697547362378449	0.0017223849541396403
SLC37A4	0.5103349999999995	0.0006888499590244975	0.001765216005815026
TLCD2	-1.609634999999999	0.0006888499590244975	0.001765216005815026
SLC13A3	-0.3354400000000002	0.0006888499590244975	0.001765216005815026
CNGB1	-0.08382000000000023	0.0006888499590244975	0.001765216005815026
COX17	0.3541999999999996	0.0006888499590244975	0.001765216005815026
GTF2F1	-0.37782999999999944	0.0006888499590244975	0.001765216005815026
PITPNA-AS1	-0.7288199999999998	0.0006888499590244975	0.001765216005815026
MCRIP2	0.7691100000000004	0.0006888499590244975	0.001765216005815026
PACS2	-0.37905500000000014	0.0006888499590244975	0.001765216005815026
SLC28A3	-4.0388	0.0006888499590244975	0.001765216005815026
ELOVL4	-0.5355449999999999	0.0006888408222323197	0.001765216005815026
NOP2	0.6108699999999994	0.0006888499590244975	0.001765216005815026
CELF2	-1.0053	0.0006888408222323197	0.001765216005815026
C18orf54	-1.4830400000000008	0.0006888499590244975	0.001765216005815026
ERMARD	-0.5915999999999997	0.0006888499590244975	0.001765216005815026
DSG2	0.9481000000000002	0.0006888499590244975	0.001765216005815026
PTTG1IP	0.4264500000000009	0.0006888499590244975	0.001765216005815026
CEP131	-0.7975300000000001	0.0006888499590244975	0.001765216005815026
EXOSC4	0.7934899999999994	0.0006888499590244975	0.001765216005815026
OMA1	0.8236499999999998	0.0006888499590244975	0.001765216005815026
CYBRD1	-1.6181999999999999	0.0007084407881631725	0.0018071275471114685
IFIT1	1.8889099999999992	0.0007084407881631725	0.0018071275471114685
SLC31A2	0.9623200000000001	0.0007084407881631725	0.0018071275471114685
FAXC	1.3001	0.0007084407881631725	0.0018071275471114685
VPS9D1	-0.7191200000000002	0.0007084407881631725	0.0018071275471114685
KIAA1462	-1.4249299999999998	0.0007084407881631725	0.0018071275471114685
SP110	0.7499599999999988	0.0007084407881631725	0.0018071275471114685
PAG1	1.2129599999999998	0.0007084407881631725	0.0018071275471114685
B4GALT5	0.9477200000000003	0.0007084407881631725	0.0018071275471114685
ARHGAP24	-0.9283150000000004	0.0007084407881631725	0.0018071275471114685
PMF1-BGLAP	-1.134445	0.0007084407881631725	0.0018071275471114685
ZSCAN26	-0.676709999999999	0.0007084407881631725	0.0018071275471114685
MGC70870	-0.6441249999999998	0.0007084407881631725	0.0018071275471114685
SLC4A2	0.6351050000000003	0.0007084407881631725	0.0018071275471114685
EHMT2	0.8556199999999992	0.0007084407881631725	0.0018071275471114685
ZMAT3	0.6259450000000006	0.0007084407881631725	0.0018071275471114685
LMAN2	0.6290050000000011	0.0007084407881631725	0.0018071275471114685
TPT1-AS1	-1.2355099999999997	0.0007084407881631725	0.0018071275471114685
USP16	0.7677999999999994	0.0007084407881631725	0.0018071275471114685
MFN2	-0.4223000000000017	0.0007084407881631725	0.0018071275471114685
FKBP3	0.47080000000000055	0.0007084407881631725	0.0018071275471114685
GPKOW	0.3388200000000001	0.0007084407881631725	0.0018071275471114685
TMEM68	0.9168949999999993	0.0007084407881631725	0.0018071275471114685
PCSK1N	0.47420500000000043	0.0007084407881631725	0.0018071275471114685
ATP13A5	-1.6814449999999996	0.0007084407881631725	0.0018071275471114685
RCAN1	-1.0003550000000008	0.0007084407881631725	0.0018071275471114685
ZNF625	-0.17162000000000033	0.0007285482934398068	0.0018512647974335739
CLU	-1.4667999999999992	0.0007285482934398068	0.0018512647974335739
CMTR2	0.8131800000000009	0.0007285482934398068	0.0018512647974335739
GPS1	0.5393650000000001	0.0007285482934398068	0.0018512647974335739
BEX1	-1.732935	0.0007285482934398068	0.0018512647974335739
C14orf79	-0.9657000000000009	0.0007285482934398068	0.0018512647974335739
SOX11	3.5011800000000006	0.0007285482934398068	0.0018512647974335739
ATG9A	-0.5886350000000009	0.0007285482934398068	0.0018512647974335739
IGF2BP3	-0.45708499999999974	0.0007285387119552809	0.0018512647974335739
RCN1	-0.642434999999999	0.0007285482934398068	0.0018512647974335739
PGLS	-0.5562450000000005	0.0007285482934398068	0.0018512647974335739
MT3	-0.21166000000000018	0.0007285482934398068	0.0018512647974335739
UBE2Q2	0.4750700000000023	0.0007285387119552809	0.0018512647974335739
NEU4	-0.1437599999999999	0.0007285482934398068	0.0018512647974335739
PCTP	0.8152400000000002	0.0007285482934398068	0.0018512647974335739
PLEKHA2	-0.6524650000000012	0.0007285482934398068	0.0018512647974335739
LRRC56	-0.7846700000000002	0.0007285482934398068	0.0018512647974335739
SPHAR	0.6291350000000016	0.0007285482934398068	0.0018512647974335739
FAM222B	0.6206549999999993	0.0007285482934398068	0.0018512647974335739
SQSTM1	0.4117999999999995	0.0007285482934398068	0.0018512647974335739
SMCO4	1.3930299999999995	0.0007285482934398068	0.0018512647974335739
PTK7	0.6594199999999999	0.0007285482934398068	0.0018512647974335739
RPS15A	-0.2912000000000017	0.0007387705800019826	0.0018769115400260306
PLK1	0.8696949999999997	0.0007491848817776809	0.0018977259468298416
MIR4271	-0.6709150000000008	0.0007491848817776809	0.0018977259468298416
RNF8	0.6815250000000006	0.0007491848817776809	0.0018977259468298416
ATP6V1H	0.40955999999999904	0.0007491750708411659	0.0018977259468298416
PCK2	0.9753249999999998	0.0007491848817776809	0.0018977259468298416
SNTB2	-0.9011300000000002	0.0007491848817776809	0.0018977259468298416
LOC102724387	1.77475	0.0007491848817776809	0.0018977259468298416
GALK2	-0.961665	0.0007491848817776809	0.0018977259468298416
LOC100996740	-1.0492099999999995	0.0007491848817776809	0.0018977259468298416
CIB2	-1.4217099999999991	0.0007491750708411659	0.0018977259468298416
NIPSNAP3A	0.8265650000000004	0.0007491848817776809	0.0018977259468298416
OCA2	-0.16109500000000043	0.0007491750708411659	0.0018977259468298416
C20orf194	-0.48952500000000043	0.0007491848817776809	0.0018977259468298416
TDRD3	-0.5704950000000002	0.0007491848817776809	0.0018977259468298416
LOC100507334	-0.4685499999999996	0.0007491848817776809	0.0018977259468298416
LOC100129518	1.4250349999999994	0.0007491848817776809	0.0018977259468298416
RASGRP1	1.949865	0.0007491848817776809	0.0018977259468298416
EPHB3	-1.5676999999999994	0.0007703632232061776	0.0019445879936381212
LDAH	0.7888000000000002	0.0007703632232061776	0.0019445879936381212
PRR15L	2.0787750000000003	0.0007703632232061776	0.0019445879936381212
TBCCD1	0.641705	0.0007703632232061776	0.0019445879936381212
SH3RF1	0.6764449999999993	0.0007703632232061776	0.0019445879936381212
AGBL3	-0.43724500000000033	0.0007703632232061776	0.0019445879936381212
LOC100505585	-0.3918949999999999	0.0007703632232061776	0.0019445879936381212
SERPINB9P1	-0.3907950000000002	0.0007703632232061776	0.0019445879936381212
PKD1P1	0.7207500000000007	0.0007703632232061776	0.0019445879936381212
SPHKAP	-1.3975500000000003	0.0007703632232061776	0.0019445879936381212
CHPF2	0.7634600000000002	0.0007703632232061776	0.0019445879936381212
POLE	0.6694250000000004	0.0007703632232061776	0.0019445879936381212
FZD6	1.1078799999999998	0.0007703632232061776	0.0019445879936381212
MX2	1.5738250000000003	0.0007703632232061776	0.0019445879936381212
PNKD	-0.7789999999999999	0.0007703632232061776	0.0019445879936381212
TRIP10	-1.050185	0.0007703632232061776	0.0019445879936381212
KIAA1841	0.45497999999999994	0.0007703632232061776	0.0019445879936381212
FLT1	-0.24382500000000107	0.0007703632232061776	0.0019445879936381212
GPRIN2	-0.9164000000000003	0.0007703632232061776	0.0019445879936381212
MYO10	1.242469999999999	0.0007703632232061776	0.0019445879936381212
SLC38A10	-0.5088399999999993	0.0007920962555002072	0.0019928658735921707
MND1	1.4426249999999996	0.0007920962555002072	0.0019928658735921707
PSMD5-AS1	1.5915349999999995	0.0007920962555002072	0.0019928658735921707
ADO	0.6675349999999991	0.0007920962555002072	0.0019928658735921707
DCLRE1B	0.9263399999999997	0.0007920962555002072	0.0019928658735921707
KCNN1	-0.06925500000000007	0.0007920859710279721	0.0019928658735921707
PANK4	0.8113849999999996	0.0007920962555002072	0.0019928658735921707
PCSK1	-0.27022499999999994	0.0007920962555002072	0.0019928658735921707
PIWIL4	-0.9991299999999992	0.0007920962555002072	0.0019928658735921707
VARS	0.9722950000000008	0.0007920962555002072	0.0019928658735921707
NCAPH	1.3990799999999997	0.0007920962555002072	0.0019928658735921707
SALL2	-2.0082999999999993	0.0007920962555002072	0.0019928658735921707
CIART	1.5646	0.0007920962555002072	0.0019928658735921707
UBN1	1.0592050000000004	0.0007920962555002072	0.0019928658735921707
C11orf16	-0.1566700000000001	0.0007920962555002072	0.0019928658735921707
HERPUD2	0.7931950000000008	0.0007920859710279721	0.0019928658735921707
WDR5B	0.8888350000000003	0.0007920962555002072	0.0019928658735921707
NDRG3	-0.5206850000000003	0.0007920962555002072	0.0019928658735921707
USP4	-0.44765999999999906	0.0007920859710279721	0.0019928658735921707
MRPL48	0.8040349999999998	0.0008031644921761029	0.002020012946896669
RPL11	-0.4668499999999991	0.0008031644921761029	0.002020012946896669
HMG20B	0.6743050000000004	0.000814397188877287	0.0020426037956607877
MKX	-0.4589500000000002	0.000814397188877287	0.0020426037956607877
SYNJ1	0.6886700000000001	0.000814397188877287	0.0020426037956607877
IGHV4-31	0.9904450000000011	0.000814397188877287	0.0020426037956607877
ASPN	2.2481500000000008	0.000814397188877287	0.0020426037956607877
SLC6A14	-4.60887	0.000814397188877287	0.0020426037956607877
MRPL2	-0.5179300000000007	0.000814397188877287	0.0020426037956607877
ACVR1	1.298305	0.000814397188877287	0.0020426037956607877
SLC25A11	-0.79922	0.000814397188877287	0.0020426037956607877
TWSG1	0.81175	0.000814397188877287	0.0020426037956607877
ABI3BP	-2.662635	0.000814397188877287	0.0020426037956607877
PTMS	0.7602500000000001	0.000814397188877287	0.0020426037956607877
GBP1	1.7888899999999985	0.000814397188877287	0.0020426037956607877
ACOX1	1.545069999999999	0.000814397188877287	0.0020426037956607877
BLOC1S5-TXNDC5	0.77135	0.0008143866601501434	0.0020426037956607877
MGMT	-0.7185099999999993	0.000814397188877287	0.0020426037956607877
VPS26B	0.5027650000000001	0.0008372795107524252	0.0020927664466689703
PTGER4	-0.9331600000000009	0.0008372795107524252	0.0020927664466689703
THOC5	-0.7490749999999995	0.0008372795107524252	0.0020927664466689703
HIST1H2AC	1.2267799999999998	0.0008372687326631414	0.0020927664466689703
PTGES	-1.5216600000000007	0.0008372795107524252	0.0020927664466689703
PDZK1	-0.37489000000000017	0.0008372687326631414	0.0020927664466689703
NFATC2IP	-0.41605000000000025	0.0008372795107524252	0.0020927664466689703
NDUFB9	0.6328000000000014	0.0008372795107524252	0.0020927664466689703
PDPR	-0.5999250000000007	0.0008372795107524252	0.0020927664466689703
MEG3	-2.0693799999999998	0.0008372795107524252	0.0020927664466689703
MESP2	-0.38097499999999984	0.0008372795107524252	0.0020927664466689703
SPRED2	1.7970100000000002	0.0008372795107524252	0.0020927664466689703
STK38	0.5707599999999999	0.0008372795107524252	0.0020927664466689703
MTERF2	-0.8456100000000006	0.0008372795107524252	0.0020927664466689703
PRKAG2-AS1	-1.1220750000000006	0.0008372795107524252	0.0020927664466689703
ORC6	0.9473699999999994	0.0008372795107524252	0.0020927664466689703
SRSF1	0.2588499999999989	0.0008372579546679461	0.0020927664466689703
CRCP	0.4574150000000001	0.0008372795107524252	0.0020927664466689703
TMEM184A	-0.5767350000000002	0.0008372795107524252	0.0020927664466689703
DPF3	-0.2505550000000003	0.0008372795107524252	0.0020927664466689703
MMP13	1.2796100000000004	0.0008607569905508737	0.0021444352404837515
CDC25C	0.8172800000000002	0.0008607569905508737	0.0021444352404837515
SFT2D3	0.6834950000000006	0.0008607569905508737	0.0021444352404837515
SKIV2L2	0.5291750000000004	0.0008607569905508737	0.0021444352404837515
HAUS2	-0.25289999999999857	0.0008607459579040086	0.0021444352404837515
GMEB1	-0.4373250000000004	0.0008607459579040086	0.0021444352404837515
NUP58	1.4572649999999996	0.0008607569905508737	0.0021444352404837515
TMEM192	0.9166550000000004	0.0008607569905508737	0.0021444352404837515
HSF4	-0.42383999999999933	0.0008607569905508737	0.0021444352404837515
FOLR2	-1.7869050000000009	0.0008607569905508737	0.0021444352404837515
RHOB	2.0282799999999988	0.0008607569905508737	0.0021444352404837515
REPIN1	0.5194099999999988	0.0008607569905508737	0.0021444352404837515
CFAP70	-3.2292200000000006	0.0008607569905508737	0.0021444352404837515
ESPL1	1.955145	0.0008607569905508737	0.0021444352404837515
MAP2K5	-0.7599849999999995	0.0008607569905508737	0.0021444352404837515
DENND4B	0.5276550000000011	0.0008607569905508737	0.0021444352404837515
ZBTB9	0.1591749999999994	0.0008607569905508737	0.0021444352404837515
ZSCAN16	0.633025	0.0008607569905508737	0.0021444352404837515
ADAM12	1.6015900000000007	0.0008607569905508737	0.0021444352404837515
FHDC1	0.9550899999999993	0.0008848436845788063	0.0021969054517786673
NLGN4X	-3.0349249999999994	0.0008848436845788063	0.0021969054517786673
HMGCS1	0.6880249999999997	0.0008848436845788063	0.0021969054517786673
MYO1B	0.7208600000000018	0.0008848436845788063	0.0021969054517786673
MIR1182	-1.1113399999999998	0.0008848436845788063	0.0021969054517786673
ZFC3H1	0.5133850000000013	0.0008848436845788063	0.0021969054517786673
MSL3	0.674294999999999	0.0008848436845788063	0.0021969054517786673
BACH2	-0.5601650000000005	0.0008848436845788063	0.0021969054517786673
RPS12	-0.3272499999999994	0.0008848323920896537	0.0021969054517786673
TNFAIP8L2-SCNM1	0.5692400000000006	0.0008848436845788063	0.0021969054517786673
KIF7	-0.4040600000000003	0.0008848436845788063	0.0021969054517786673
SMURF2	0.7059350000000002	0.0008848436845788063	0.0021969054517786673
CSF2RB	1.8301249999999998	0.0008848436845788063	0.0021969054517786673
MARCH1	0.7523700000000009	0.0008848436845788063	0.0021969054517786673
PARD3B	-1.4865899999999996	0.0008848436845788063	0.0021969054517786673
IL2RG	2.5394249999999996	0.0008848436845788063	0.0021969054517786673
GPN3	0.6595950000000004	0.0008848436845788063	0.0021969054517786673
CAMK1	-1.4154549999999997	0.0008848436845788063	0.0021969054517786673
LINC00888	-1.1606799999999993	0.0008848436845788063	0.0021969054517786673
SLC35F3	-0.50692	0.0008848323920896537	0.0021969054517786673
GRAMD4	0.49973000000000045	0.0009095539409520146	0.0022509445007677497
KPNA6	0.5511749999999997	0.0009095539409520146	0.0022509445007677497
AIM1L	-0.33184999999999976	0.0009095539409520146	0.0022509445007677497
PSMG3	0.5469449999999991	0.0009095539409520146	0.0022509445007677497
MUM1	1.0583549999999997	0.0009095539409520146	0.0022509445007677497
FAM135A	-0.7240250000000001	0.0009095539409520146	0.0022509445007677497
RDH10	1.6418800000000005	0.000909542383245565	0.0022509445007677497
TMEM105	-0.31857500000000005	0.0009095539409520146	0.0022509445007677497
FZD3	-0.9351050000000001	0.0009095539409520146	0.0022509445007677497
ALDH7A1	-0.728159999999999	0.0009095539409520146	0.0022509445007677497
ACE2	-0.271315	0.0009095539409520146	0.0022509445007677497
BTD	0.5157099999999994	0.0009095539409520146	0.0022509445007677497
ASB9	-0.37453000000000003	0.0009095539409520146	0.0022509445007677497
LINC01016	-0.17302499999999998	0.0009095539409520146	0.0022509445007677497
TTL	0.709905	0.0009095539409520146	0.0022509445007677497
CYB561D1	-0.5460349999999998	0.0009095539409520146	0.0022509445007677497
MMAB	-0.7771100000000004	0.0009095539409520146	0.0022509445007677497
EMILIN2	-1.5807349999999998	0.0009095539409520146	0.0022509445007677497
SERAC1	1.1272450000000003	0.0009095539409520146	0.0022509445007677497
LAMP1	-0.4709500000000002	0.0009349024045826081	0.002307777106807519
WDR74	-0.2172900000000002	0.0009349024045826081	0.002307777106807519
RPL39L	1.1599049999999993	0.0009349024045826081	0.002307777106807519
ADRB2	-1.5588949999999997	0.0009349024045826081	0.002307777106807519
CD69	0.9019999999999997	0.0009349024045826081	0.002307777106807519
GTF3C4	0.8549050000000005	0.0009349024045826081	0.002307777106807519
MMP16	-3.21917	0.0009349024045826081	0.002307777106807519
G6PD	1.3862850000000009	0.0009349024045826081	0.002307777106807519
RASSF6	-2.37068	0.0009349024045826081	0.002307777106807519
ZNF616	-0.4649399999999999	0.0009349024045826081	0.002307777106807519
CDKN1A	0.9669599999999994	0.0009349024045826081	0.002307777106807519
PRR5	-0.9305699999999995	0.0009349024045826081	0.002307777106807519
ORC3	0.5248000000000008	0.0009349024045826081	0.002307777106807519
TLK1	0.5018599999999989	0.0009348787479030312	0.002307777106807519
IGSF6	0.6932049999999998	0.0009349024045826081	0.002307777106807519
CUL4B	0.3878350000000008	0.0009609040222237679	0.0023635244259372556
TCEAL9	0.7294999999999998	0.0009609040222237679	0.0023635244259372556
MDH2	0.5151500000000002	0.0009608919175911822	0.0023635244259372556
RECQL4	1.0959450000000004	0.0009609040222237679	0.0023635244259372556
ZKSCAN8	1.1245699999999994	0.0009609040222237679	0.0023635244259372556
FAM109B	1.0866049999999996	0.0009609040222237679	0.0023635244259372556
ANKRD30B	-0.6418500000000007	0.0009609040222237679	0.0023635244259372556
C15orf41	-0.37277499999999986	0.0009609040222237679	0.0023635244259372556
SERPINB6	-0.7682849999999988	0.0009609040222237679	0.0023635244259372556
PEX14	-0.6191499999999994	0.0009609040222237679	0.0023635244259372556
DNM2	0.6898100000000005	0.0009609040222237679	0.0023635244259372556
ATXN7L3	0.43693000000000026	0.0009609040222237679	0.0023635244259372556
BBOX1	-3.9505599999999994	0.0009609040222237679	0.0023635244259372556
SMIM11A	-0.9046349999999999	0.0009609040222237679	0.0023635244259372556
CD1C	-0.7140249999999995	0.0009609040222237679	0.0023635244259372556
ST20	0.17061999999999955	0.0009609040222237679	0.0023635244259372556
FLCN	-0.5058850000000001	0.0009609040222237679	0.0023635244259372556
IGDCC3	-0.9383099999999995	0.0009609040222237679	0.0023635244259372556
GGA1	-0.6842849999999991	0.0009609040222237679	0.0023635244259372556
LOC101928841	-0.5487100000000003	0.0009608919175911822	0.0023635244259372556
LINC01315	-1.6998949999999997	0.0009609040222237679	0.0023635244259372556
SELL	1.325065	0.000987574047572508	0.002421332149054189
MIR6727	-0.4453300000000002	0.000987574047572508	0.002421332149054189
PKN2	0.6158999999999999	0.0009875616610452035	0.002421332149054189
DVL1	-0.637554999999999	0.000987574047572508	0.002421332149054189
SKAP2	-0.7521900000000006	0.000987574047572508	0.002421332149054189
U2AF1L4	0.9761700000000006	0.000987574047572508	0.002421332149054189
RAD51L3-RFFL	0.6326599999999996	0.000987574047572508	0.002421332149054189
ARSD	-0.9939549999999997	0.000987574047572508	0.002421332149054189
LMTK2	0.5482249999999995	0.000987574047572508	0.002421332149054189
PPIE	0.8924850000000006	0.000987574047572508	0.002421332149054189
ABCC5	1.2392449999999995	0.000987574047572508	0.002421332149054189
STOM	-0.6001499999999993	0.000987574047572508	0.002421332149054189
LOC286191	-3.1952	0.000987574047572508	0.002421332149054189
TRIP11	0.9957500000000001	0.000987574047572508	0.002421332149054189
MOXD1	0.3447949999999995	0.0009875616610452035	0.002421332149054189
S100A1	-1.9928849999999994	0.000987574047572508	0.002421332149054189
APOL2	-0.3881899999999998	0.000987574047572508	0.002421332149054189
MTRR	0.8260999999999994	0.000987574047572508	0.002421332149054189
COG1	0.8550750000000003	0.000987574047572508	0.002421332149054189
DHRS4-AS1	1.2104100000000004	0.0010011520354925862	0.0024537940691009854
SNORA3A	-0.25150000000000006	0.0010011520354925862	0.0024537940691009854
PITHD1	-0.4698349999999998	0.0010149153722616609	0.0024800244136400813
SNAP29	0.7429400000000008	0.0010149280464304506	0.0024800244136400813
L3MBTL2	-0.43051499999999976	0.0010149280464304506	0.0024800244136400813
HLA-J	1.0124000000000013	0.0010149280464304506	0.0024800244136400813
CDC37L1	0.7338000000000005	0.0010149280464304506	0.0024800244136400813
SOCS6	0.6651149999999983	0.0010149280464304506	0.0024800244136400813
HTRA2	0.5840699999999996	0.0010149280464304506	0.0024800244136400813
HPS5	0.7273749999999986	0.0010149280464304506	0.0024800244136400813
BIRC6	0.502279999999999	0.0010149280464304506	0.0024800244136400813
MIR6837	0.4518999999999993	0.0010149280464304506	0.0024800244136400813
RAD51C	0.9360350000000004	0.0010149280464304506	0.0024800244136400813
HLA-B	0.7273499999999995	0.0010149153722616609	0.0024800244136400813
RELB	0.4041899999999998	0.0010149280464304506	0.0024800244136400813
P3H1	0.34847499999999965	0.0010149280464304506	0.0024800244136400813
UBBP1	0.5100350000000002	0.0010149280464304506	0.0024800244136400813
MPHOSPH6	1.278645	0.0010149280464304506	0.0024800244136400813
CT45A8	-0.23265499999999983	0.0010149280464304506	0.0024800244136400813
ADAP2	0.5421849999999999	0.0010149280464304506	0.0024800244136400813
IGHA2	-1.91465	0.0010288536666881987	0.0025136293653509455
IFRD2	0.54983	0.0010429819019225357	0.002540453401495985
SEPHS1	0.6524099999999997	0.0010429819019225357	0.002540453401495985
IKZF4	-0.4733300000000007	0.0010429819019225357	0.002540453401495985
RARS2	0.5289899999999985	0.0010429819019225357	0.002540453401495985
MNT	-0.46245500000000206	0.0010429819019225357	0.002540453401495985
CCDC22	0.5705150000000003	0.0010429819019225357	0.002540453401495985
S100PBP	0.7596450000000008	0.0010429819019225357	0.002540453401495985
ARFGEF3	2.0677450000000004	0.0010429819019225357	0.002540453401495985
NAPSB	1.2181199999999999	0.0010429819019225357	0.002540453401495985
TAP1	1.40423	0.0010429819019225357	0.002540453401495985
POLQ	1.0552200000000003	0.0010429819019225357	0.002540453401495985
MICU2	0.5272499999999987	0.0010429819019225357	0.002540453401495985
MIR1-1HG	-0.09553000000000011	0.0010429819019225357	0.002540453401495985
EEF1E1-BLOC1S5	-0.3008950000000006	0.0010429819019225357	0.002540453401495985
POLG2	0.6215450000000002	0.0010429819019225357	0.002540453401495985
FARP1	0.7029549999999993	0.001042968934269938	0.002540453401495985
POLN	-1.1006399999999994	0.0010429819019225357	0.002540453401495985
MRC2	-0.8964300000000005	0.0010429819019225357	0.002540453401495985
LOC728613	1.3093350000000008	0.001071751819773617	0.002601367194844136
BRWD1	1.0176249999999998	0.001071751819773617	0.002601367194844136
TNFAIP6	1.046545000000001	0.001071751819773617	0.002601367194844136
ZNF610	0.3104499999999999	0.001071751819773617	0.002601367194844136
SRA1	0.5668549999999986	0.001071751819773617	0.002601367194844136
NOD2	1.3866100000000001	0.001071751819773617	0.002601367194844136
AKR7A2	-0.8371500000000012	0.001071751819773617	0.002601367194844136
LDB3	-0.11091500000000032	0.001071751819773617	0.002601367194844136
ARHGEF18	0.4346399999999999	0.001071751819773617	0.002601367194844136
PPP1R36	-0.7763100000000001	0.001071751819773617	0.002601367194844136
ARL17B	0.9223400000000002	0.001071751819773617	0.002601367194844136
CD84	0.6771449999999994	0.001071751819773617	0.002601367194844136
TMEM245	-0.6308500000000006	0.001071751819773617	0.002601367194844136
GINS4	0.8751049999999998	0.001071751819773617	0.002601367194844136
FIGN	-2.22229	0.001071751819773617	0.002601367194844136
NADK	0.6392600000000019	0.0010717385526982696	0.002601367194844136
AVPI1	-1.2241399999999993	0.001071751819773617	0.002601367194844136
JRKL	-0.7229849999999995	0.001071751819773617	0.002601367194844136
UGGT2	0.6216850000000003	0.001071751819773617	0.002601367194844136
SHANK3	-2.053985000000001	0.001071751819773617	0.002601367194844136
ABCD3	0.7270000000000003	0.001071751819773617	0.002601367194844136
RPS21	-0.3940999999999999	0.001086397036850979	0.0026364735576787967
LPP	-0.5878499999999995	0.0011012543336428042	0.0026640705369250046
MFSD2B	-0.09804499999999994	0.0011012407611081223	0.0026640705369250046
DYNLRB1	0.4125999999999994	0.0011012543336428042	0.0026640705369250046
GPSM1	-0.7054949999999991	0.0011012543336428042	0.0026640705369250046
EIF4E	0.3059750000000019	0.0011012543336428042	0.0026640705369250046
PET117	0.7196449999999999	0.0011012543336428042	0.0026640705369250046
DPH3	0.8790250000000004	0.0011012543336428042	0.0026640705369250046
PCP2	-0.33050500000000005	0.0011012543336428042	0.0026640705369250046
SCAND2P	-0.04440500000000025	0.0011012543336428042	0.0026640705369250046
FBXO2	-2.0908750000000005	0.0011012543336428042	0.0026640705369250046
DIP2C	-0.7781150000000014	0.0011012543336428042	0.0026640705369250046
APPL1	0.6215199999999994	0.0011012543336428042	0.0026640705369250046
MAP3K4	-0.6992499999999993	0.0011012543336428042	0.0026640705369250046
FRMD8	0.3983049999999988	0.0011012543336428042	0.0026640705369250046
SLC35E3	0.22730499999999942	0.0011012543336428042	0.0026640705369250046
LOC90246	-0.8336199999999998	0.0011012543336428042	0.0026640705369250046
KCNH6	-0.29499999999999993	0.0011012543336428042	0.0026640705369250046
EXD2	0.7457399999999996	0.0011012543336428042	0.0026640705369250046
LOC101930067	-0.20546500000000023	0.0011012543336428042	0.0026640705369250046
EME1	1.4559449999999998	0.0011315063105154916	0.002725901566241866
HDAC1	0.43679999999999986	0.0011315063105154916	0.002725901566241866
IRF1	1.406885	0.0011315063105154916	0.002725901566241866
TMEM254	0.985805	0.0011315063105154916	0.002725901566241866
SOX7	-1.2037750000000003	0.0011314924263861902	0.002725901566241866
RNF168	0.5400399999999976	0.0011315063105154916	0.002725901566241866
PDLIM7	0.6758750000000004	0.0011315063105154916	0.002725901566241866
CMTM7	-1.3429000000000002	0.0011315063105154916	0.002725901566241866
C14orf28	-0.5624199999999995	0.0011315063105154916	0.002725901566241866
ANXA7	0.3955499999999983	0.0011315063105154916	0.002725901566241866
CSGALNACT2	0.6131349999999998	0.0011315063105154916	0.002725901566241866
TIMM10B	-0.6289699999999989	0.0011315063105154916	0.002725901566241866
MIR155	1.18995	0.0011315063105154916	0.002725901566241866
TPTEP1	-1.9192400000000003	0.0011315063105154916	0.002725901566241866
CRIPT	-0.6337450000000011	0.0011315063105154916	0.002725901566241866
RGCC	-0.9708649999999999	0.0011314924263861902	0.002725901566241866
RAB33B	-0.4489799999999997	0.0011315063105154916	0.002725901566241866
CHD8	-0.5961850000000002	0.0011315063105154916	0.002725901566241866
PPAT	1.2476650000000005	0.0011315063105154916	0.002725901566241866
RNF150	-2.6603499999999998	0.0011315063105154916	0.002725901566241866
GIMAP7	-1.3757149999999996	0.0011315063105154916	0.002725901566241866
ITGB3BP	1.2092199999999984	0.0011315063105154916	0.002725901566241866
LOC101060747	0.8072099999999995	0.0011315063105154916	0.002725901566241866
GALNT18	1.1280850000000004	0.0011315063105154916	0.002725901566241866
NOL4	-0.16294500000000012	0.0011315063105154916	0.002725901566241866
SLC5A2	-0.10881499999999988	0.0011625249561528772	0.002793214330452032
ABCA7	-0.34486000000000017	0.0011625249561528772	0.002793214330452032
IQCG	2.2252199999999998	0.0011625249561528772	0.002793214330452032
PAN3	-0.5816500000000016	0.0011625107541939452	0.002793214330452032
COQ9	0.46030000000000015	0.0011625249561528772	0.002793214330452032
HOTAIR	2.7889700000000004	0.0011625249561528772	0.002793214330452032
SOCS2-AS1	-0.09945999999999966	0.0011625249561528772	0.002793214330452032
PLS1	1.56886	0.0011625249561528772	0.002793214330452032
MED23	0.6252000000000013	0.0011625249561528772	0.002793214330452032
SUPT20H	0.5718400000000017	0.0011625249561528772	0.002793214330452032
SNTB1	-0.7900650000000002	0.0011625249561528772	0.002793214330452032
ADAMTS18	-0.359645	0.0011625107541939452	0.002793214330452032
DOCK2	1.5401350000000003	0.0011625249561528772	0.002793214330452032
SBF1	1.0039150000000001	0.0011625249561528772	0.002793214330452032
CHN1	0.7213650000000005	0.0011625107541939452	0.002793214330452032
LOC105369167	-0.12959500000000013	0.0011625249561528772	0.002793214330452032
YIPF5	0.4924300000000006	0.00119432782059884	0.0028620509258640847
LINC01091	-0.3244450000000003	0.00119432782059884	0.0028620509258640847
TM6SF1	0.6743049999999995	0.00119432782059884	0.0028620509258640847
H6PD	0.7065400000000004	0.00119432782059884	0.0028620509258640847
OAT	0.9053500000000003	0.00119432782059884	0.0028620509258640847
DMTF1	0.6535499999999992	0.0011943132944745006	0.0028620509258640847
PHACTR2	0.7417449999999999	0.00119432782059884	0.0028620509258640847
EBLN3P	0.6083000000000016	0.00119432782059884	0.0028620509258640847
CACNG8	-0.22561500000000034	0.0011943132944745006	0.0028620509258640847
TMEM51	0.8477299999999994	0.0011943132944745006	0.0028620509258640847
IQCC	-0.7723699999999996	0.00119432782059884	0.0028620509258640847
POLR1E	-0.8727949999999991	0.00119432782059884	0.0028620509258640847
ANXA9	0.9132950000000002	0.0011943132944745006	0.0028620509258640847
PYCARD	0.9637849999999997	0.00119432782059884	0.0028620509258640847
CHURC1	0.44613499999999817	0.00119432782059884	0.0028620509258640847
CAND2	-1.4633899999999995	0.00119432782059884	0.0028620509258640847
GINS3	1.0200199999999997	0.0012269328037439594	0.0029300309449054067
CREB3L2	1.2320700000000002	0.0012269030904077437	0.0029300309449054067
BRE	0.601915	0.0012269328037439594	0.0029300309449054067
NOB1	-0.8565449999999988	0.0012269328037439594	0.0029300309449054067
DHX40	0.6100649999999987	0.0012269328037439594	0.0029300309449054067
SLC4A7	-0.9719549999999995	0.0012269328037439594	0.0029300309449054067
SLX1A	0.7888599999999997	0.0012269328037439594	0.0029300309449054067
PCM1	-0.7140500000000003	0.0012269328037439594	0.0029300309449054067
COL6A3	1.0601499999999984	0.0012269328037439594	0.0029300309449054067
AMMECR1L	0.31511000000000067	0.0012269328037439594	0.0029300309449054067
CDC40	0.7026400000000006	0.0012269328037439594	0.0029300309449054067
MAP3K2	0.2557000000000009	0.0012269328037439594	0.0029300309449054067
GPAT4	-0.9493100000000005	0.0012269328037439594	0.0029300309449054067
RHOH	2.252860000000001	0.0012269328037439594	0.0029300309449054067
ASH2L	0.6946750000000002	0.0012269328037439594	0.0029300309449054067
SIX5	-0.7347049999999999	0.0012269328037439594	0.0029300309449054067
FAM60A	0.9017250000000008	0.0012269328037439594	0.0029300309449054067
ANKMY1	-0.2848449999999998	0.0012269328037439594	0.0029300309449054067
NRN1	-2.757155	0.0012269328037439594	0.0029300309449054067
UHRF2	0.7301600000000015	0.0012269328037439594	0.0029300309449054067
OSTM1	0.856865	0.0012269328037439594	0.0029300309449054067
PRIMPOL	1.6202300000000003	0.001260358160946461	0.00300244770558801
SSH1	0.26046499999999995	0.001260358160946461	0.00300244770558801
PCYT1A	-0.586800000000002	0.001260358160946461	0.00300244770558801
SFRP2	1.8047500000000003	0.001260358160946461	0.00300244770558801
UPF3A	-0.4305500000000002	0.0012603429670757346	0.00300244770558801
LOC283788	-1.0719899999999996	0.001260358160946461	0.00300244770558801
MMD	-0.7321550000000023	0.001260358160946461	0.00300244770558801
CCDC68	-0.5021049999999998	0.001260358160946461	0.00300244770558801
ARFGAP2	-0.745635	0.001260358160946461	0.00300244770558801
MSANTD3-TMEFF1	0.8188700000000004	0.001260358160946461	0.00300244770558801
SLC38A9	0.3607050000000003	0.001260358160946461	0.00300244770558801
SH3BP4	1.3056750000000008	0.001260358160946461	0.00300244770558801
ANGPT2	0.7831150000000004	0.001260358160946461	0.00300244770558801
RTN2	-1.2629550000000007	0.001260358160946461	0.00300244770558801
PGGHG	-2.2898250000000004	0.001260358160946461	0.00300244770558801
ZNF431	1.03275	0.0012946225087098664	0.003078013764159247
CNKSR2	-0.5345499999999999	0.0012946225087098664	0.003078013764159247
KRTCAP2	0.3949999999999996	0.0012945914335153461	0.003078013764159247
DNMBP	-1.1294449999999996	0.0012946225087098664	0.003078013764159247
HSDL2	-1.0440500000000004	0.0012946225087098664	0.003078013764159247
TMEM126A	0.6545950000000005	0.0012946225087098664	0.003078013764159247
TSN	0.4285350000000019	0.0012946225087098664	0.003078013764159247
MLLT11	1.1406649999999994	0.0012946225087098664	0.003078013764159247
CDC42SE1	0.3946449999999988	0.0012946069710514931	0.003078013764159247
NOL8	0.49717000000000056	0.0012946225087098664	0.003078013764159247
TBX2	-0.7659500000000001	0.0012946225087098664	0.003078013764159247
DDX1	0.45690000000000097	0.0012946069710514931	0.003078013764159247
JAGN1	0.445924999999999	0.0013297289422219206	0.0031481177742609156
CCDC94	-0.5894300000000001	0.0013297448304170538	0.0031481177742609156
HLA-DMA	0.9375450000000001	0.0013297448304170538	0.0031481177742609156
CCDC85B	-0.5553600000000003	0.0013297448304170538	0.0031481177742609156
DCTD	0.5379850000000008	0.0013297448304170538	0.0031481177742609156
FAM231D	-0.41765000000000096	0.0013297448304170538	0.0031481177742609156
POLR2E	-0.45040000000000013	0.0013297448304170538	0.0031481177742609156
MYO1G	1.5871650000000006	0.0013297448304170538	0.0031481177742609156
AP1G1	0.5838050000000008	0.0013297448304170538	0.0031481177742609156
TMED5	0.9728600000000007	0.001329713054150934	0.0031481177742609156
RPL10	-0.48355000000000103	0.0013297448304170538	0.0031481177742609156
TRMT5	0.4039500000000018	0.0013297289422219206	0.0031481177742609156
GGA3	0.6984349999999999	0.0013297448304170538	0.0031481177742609156
RHOT2	-0.40682500000000044	0.0013297289422219206	0.0031481177742609156
ANKRD37	1.5656949999999998	0.0013297448304170538	0.0031481177742609156
SPINK5	-0.34009500000000026	0.0013297448304170538	0.0031481177742609156
ALS2	0.5535149999999991	0.0013297448304170538	0.0031481177742609156
NTMT1	0.5570050000000002	0.0013297448304170538	0.0031481177742609156
RIN3	-0.512785	0.0013297448304170538	0.0031481177742609156
ETFA	1.1219400000000022	0.0013297289422219206	0.0031481177742609156
CANT1	0.6327650000000009	0.0013297448304170538	0.0031481177742609156
FBXW8	-0.5709049999999998	0.0013297448304170538	0.0031481177742609156
BAIAP2-AS1	-1.0720899999999993	0.0013297448304170538	0.0031481177742609156
DEFB1	-2.9363650000000003	0.0013297289422219206	0.0031481177742609156
PTGER3	-2.9257349999999995	0.0013297448304170538	0.0031481177742609156
UQCRFS1	0.6265000000000001	0.0013297448304170538	0.0031481177742609156
MBNL1	-0.38239999999999874	0.001365728236533564	0.0032212670731448924
LRP2	-4.65232	0.001365744482120445	0.0032212670731448924
SPAG4	0.81317	0.001365744482120445	0.0032212670731448924
ETS2	-0.835729999999999	0.001365744482120445	0.0032212670731448924
LGALS9	0.8637300000000003	0.001365744482120445	0.0032212670731448924
UBIAD1	-0.5422399999999996	0.001365744482120445	0.0032212670731448924
PRPF40B	-0.7670700000000004	0.001365744482120445	0.0032212670731448924
MRPL16	0.5370450000000009	0.001365744482120445	0.0032212670731448924
ABCA3	-1.2354899999999995	0.001365744482120445	0.0032212670731448924
HMGA1	0.8541749999999988	0.001365744482120445	0.0032212670731448924
PMEPA1	1.6102950000000007	0.001365744482120445	0.0032212670731448924
APOA4	-0.10268999999999995	0.001365744482120445	0.0032212670731448924
MITF	-0.8783999999999992	0.001365744482120445	0.0032212670731448924
SLC19A2	0.9386150000000004	0.001365744482120445	0.0032212670731448924
CIAO1	0.44186499999999995	0.001365744482120445	0.0032212670731448924
RAD54L	0.5251099999999997	0.001365744482120445	0.0032212670731448924
LINC00467	1.0465150000000003	0.001365744482120445	0.0032212670731448924
GPR84	0.21640499999999996	0.001365744482120445	0.0032212670731448924
PDE5A	-1.6208200000000001	0.001365744482120445	0.0032212670731448924
RHBDF1	0.6632049999999996	0.001365744482120445	0.0032212670731448924
ARGLU1	-0.6815999999999995	0.001365744482120445	0.0032212670731448924
RALGPS2	1.1992250000000002	0.001365744482120445	0.0032212670731448924
TOPORS-AS1	-0.5913050000000002	0.001365744482120445	0.0032212670731448924
DDX17	-0.4192499999999999	0.0013840466051800232	0.003263904644433955
MCCC2	1.8256800000000002	0.0014026411983879721	0.003300252022519464
TSEN54	0.39156000000000013	0.0014026411983879721	0.003300252022519464
DEK	0.6632499999999997	0.0014026411983879721	0.003300252022519464
EIF1AX	0.3471000000000011	0.0014026411983879721	0.003300252022519464
RBPJ	-0.4001999999999999	0.0014026245884474747	0.003300252022519464
LHPP	-0.626055	0.0014026411983879721	0.003300252022519464
TMEM110	0.90611	0.0014026411983879721	0.003300252022519464
BCL2L11	0.7363299999999988	0.0014026411983879721	0.003300252022519464
VCPKMT	0.49441999999999986	0.0014026411983879721	0.003300252022519464
HMG20A	0.5305849999999994	0.0014026411983879721	0.003300252022519464
CBFA2T2	0.4371900000000011	0.0014026411983879721	0.003300252022519464
SRI	0.5090000000000003	0.0014026411983879721	0.003300252022519464
NUDT7	-2.2204699999999997	0.0014026411983879721	0.003300252022519464
TMEM185A	0.9548199999999989	0.0014026411983879721	0.003300252022519464
PPP1R9B	0.7227649999999999	0.001440438116840652	0.0033777311377564704
MIR1244-3	0.16519999999999868	0.0014404211356068039	0.0033777311377564704
SRM	0.6397650000000015	0.001440455098204505	0.0033777311377564704
LMO3	-1.5518300000000003	0.001440455098204505	0.0033777311377564704
ALG1	0.13536000000000037	0.001440455098204505	0.0033777311377564704
ZMYND19	0.46858500000000003	0.001440455098204505	0.0033777311377564704
MAP1LC3A	-0.4257900000000001	0.001440455098204505	0.0033777311377564704
PPM1M	-0.9428549999999998	0.001440455098204505	0.0033777311377564704
MRPL54	-0.6011500000000005	0.001440455098204505	0.0033777311377564704
TNS3	0.978629999999999	0.001440455098204505	0.0033777311377564704
GNPTAB	0.48137500000000166	0.001440455098204505	0.0033777311377564704
ACOT11	-0.2734949999999996	0.001440455098204505	0.0033777311377564704
GAK	-0.732075	0.001440455098204505	0.0033777311377564704
S100A13	-0.7066499999999998	0.001440455098204505	0.0033777311377564704
ZNF729	-0.7867250000000006	0.001440455098204505	0.0033777311377564704
BECN1	0.7246299999999994	0.001440455098204505	0.0033777311377564704
ARHGEF17	-0.4231050000000005	0.001440455098204505	0.0033777311377564704
FLJ45482	-0.9030649999999998	0.001440455098204505	0.0033777311377564704
LINC01356	-0.13252000000000042	0.0014404211356068039	0.0033777311377564704
EDNRA	1.4401650000000004	0.001440438116840652	0.0033777311377564704
MAT2B	0.5844499999999986	0.001440455098204505	0.0033777311377564704
SENP3	0.49721999999999955	0.001479206690928325	0.003457434341809293
EVI2B	1.3917499999999992	0.001479206690928325	0.003457434341809293
CHD9	-0.5647499999999983	0.001479206690928325	0.003457434341809293
GALNT15	-1.2488600000000005	0.001479206690928325	0.003457434341809293
PRR13	0.37175000000000047	0.001479206690928325	0.003457434341809293
C12orf10	-0.70343	0.001479206690928325	0.003457434341809293
LOC100505549	-0.49906000000000006	0.001479206690928325	0.003457434341809293
CAT	-0.6292000000000009	0.001479206690928325	0.003457434341809293
FANCF	0.9084150000000006	0.001479206690928325	0.003457434341809293
BMP2K	0.7376750000000003	0.001479206690928325	0.003457434341809293
PIGN	0.6742149999999993	0.001479206690928325	0.003457434341809293
ARNT2	2.39872	0.001479206690928325	0.003457434341809293
SYDE2	0.6652699999999996	0.001479206690928325	0.003457434341809293
MAP1LC3B	0.9242600000000003	0.0014791893309625112	0.003457434341809293
MIRLET7BHG	-0.8792399999999994	0.001479206690928325	0.003457434341809293
GARNL3	-1.421935	0.001479206690928325	0.003457434341809293
C11orf63	-1.2868749999999993	0.001479206690928325	0.003457434341809293
IRF2	0.21098499999999998	0.001479206690928325	0.003457434341809293
TRO	-2.2073849999999995	0.001479206690928325	0.003457434341809293
AP4E1	0.5922499999999999	0.001479206690928325	0.003457434341809293
LOC101927051	-0.06343999999999994	0.0015189168823022679	0.0035331909282065566
TMEM71	-1.9117299999999995	0.0015189168823022679	0.0035331909282065566
MRE11A	0.7274050000000001	0.0015189168823022679	0.0035331909282065566
UBD	2.8531700000000004	0.0015189168823022679	0.0035331909282065566
NUB1	-0.5075149999999997	0.0015188991364460407	0.0035331909282065566
NPHP4	0.33415499999999954	0.0015189168823022679	0.0035331909282065566
IGSF1	-0.3284799999999999	0.0015189168823022679	0.0035331909282065566
ZNF438	-0.4481150000000005	0.0015189168823022679	0.0035331909282065566
NDUFB1	-0.43625000000000114	0.0015189168823022679	0.0035331909282065566
TMEM158	1.9919599999999997	0.0015189168823022679	0.0035331909282065566
CBFA2T3	-0.6487250000000002	0.0015189168823022679	0.0035331909282065566
PPIL3	2.1376099999999996	0.0015189168823022679	0.0035331909282065566
C15orf52	-1.5199450000000008	0.0015189168823022679	0.0035331909282065566
DND1	-0.4116250000000008	0.0015189168823022679	0.0035331909282065566
ARL6IP4	-0.5027450000000009	0.0015189168823022679	0.0035331909282065566
KIF20B	-0.29054999999999964	0.0015189168823022679	0.0035331909282065566
CCND3	-0.4331499999999995	0.0015189168823022679	0.0035331909282065566
PALM3	-0.4104300000000003	0.0015188991364460407	0.0035331909282065566
NSF	-1.2253100000000003	0.0015189168823022679	0.0035331909282065566
CPLX3	-0.46919999999999984	0.0015189168823022679	0.0035331909282065566
IFNLR1	-0.7131150000000002	0.0015189168823022679	0.0035331909282065566
PRODH2	-0.4625650000000001	0.0015189168823022679	0.0035331909282065566
SETMAR	-0.79528	0.0015189168823022679	0.0035331909282065566
PPTC7	0.6184750000000001	0.0015189168823022679	0.0035331909282065566
CDCP1	1.3667249999999997	0.0015189168823022679	0.0035331909282065566
KCCAT333	-0.3205750000000003	0.0015189168823022679	0.0035331909282065566
ANXA5	1.0145500000000016	0.0015188813907238104	0.0035331909282065566
CHRM3	-0.4681799999999998	0.0015189168823022679	0.0035331909282065566
ATR	0.2680150000000001	0.0015189168823022679	0.0035331909282065566
UTP23	0.5509649999999997	0.0015189168823022679	0.0035331909282065566
ZC3H7A	0.6179250000000014	0.0015595888413731226	0.0036191455051290326
ZNF443	0.8766350000000003	0.001559606980519039	0.0036191455051290326
SEC11C	0.5684799999999992	0.0015595888413731226	0.0036191455051290326
CLOCK	0.5579450000000001	0.001559606980519039	0.0036191455051290326
CCHCR1	-0.4962599999999995	0.001559606980519039	0.0036191455051290326
CD274	0.645905	0.001559606980519039	0.0036191455051290326
MAN2C1	-1.1914500000000006	0.001559606980519039	0.0036191455051290326
LY86	0.7187549999999998	0.001559606980519039	0.0036191455051290326
SNX10	1.8871849999999997	0.001559606980519039	0.0036191455051290326
RAF1	0.4375150000000012	0.001559606980519039	0.0036191455051290326
EID1	0.8991799999999994	0.001559606980519039	0.0036191455051290326
MCRIP1	-0.5590599999999997	0.0015595888413731226	0.0036191455051290326
DYNC2H1	-1.5051649999999999	0.001559606980519039	0.0036191455051290326
DNAL4	0.8340750000000003	0.001559606980519039	0.0036191455051290326
FTH1	0.4466999999999999	0.0015595888413731226	0.0036191455051290326
SLC2A12	-1.01743	0.0016012987023402978	0.0037040553927024217
AHCY	1.1629900000000006	0.0016012987023402978	0.0037040553927024217
MAEA	0.42154500000000006	0.0016012987023402978	0.0037040553927024217
ZYG11A	0.9299850000000003	0.0016012987023402978	0.0037040553927024217
SLC29A4	-0.8936350000000002	0.0016012987023402978	0.0037040553927024217
COG6	0.8358350000000012	0.0016012987023402978	0.0037040553927024217
ATXN7L3B	0.47831000000000046	0.0016012987023402978	0.0037040553927024217
TKFC	0.4853550000000002	0.0016012987023402978	0.0037040553927024217
PDLIM5	0.6530499999999986	0.0016012987023402978	0.0037040553927024217
SOCS2	-2.24878	0.0016012987023402978	0.0037040553927024217
SPDYE2	0.5888650000000002	0.0016012987023402978	0.0037040553927024217
PSMB9	2.20535	0.0016012987023402978	0.0037040553927024217
RALB	0.5815549999999998	0.0016012987023402978	0.0037040553927024217
DNTTIP2	0.34005499999999955	0.001601280162393639	0.0037040553927024217
TEK	-0.7643400000000002	0.0016012987023402978	0.0037040553927024217
EVPL	0.23788000000000054	0.0016012987023402978	0.0037040553927024217
RRM2B	0.7900549999999997	0.0016012987023402978	0.0037040553927024217
RPA1	0.5362500000000008	0.0016012987023402978	0.0037040553927024217
RPS16	-0.1393500000000003	0.001601280162393639	0.0037040553927024217
SPC25	1.5256650000000005	0.0016012987023402978	0.0037040553927024217
RANBP2	0.5123499999999996	0.0016439762826666942	0.0037901847771620776
MGAT1	-0.6485400000000006	0.0016440141792689663	0.0037901847771620776
FAM47E-STBD1	-2.589055	0.0016440141792689663	0.0037901847771620776
RPL17-C18orf32	-0.34529999999999994	0.0016440141792689663	0.0037901847771620776
ZNF492	-0.14835500000000001	0.0016440141792689663	0.0037901847771620776
UVSSA	1.0108099999999993	0.0016440141792689663	0.0037901847771620776
EARS2	0.43247000000000035	0.0016439952308977693	0.0037901847771620776
LILRA4	-0.67638	0.0016440141792689663	0.0037901847771620776
TOP3A	-0.3588799999999992	0.0016440141792689663	0.0037901847771620776
GOLIM4	0.5858100000000004	0.0016440141792689663	0.0037901847771620776
SNX8	-0.6293099999999998	0.0016440141792689663	0.0037901847771620776
ITGA6	-1.4241849999999996	0.0016440141792689663	0.0037901847771620776
CCNY	0.41964999999999897	0.0016440141792689663	0.0037901847771620776
UBXN2A	-0.28580000000000005	0.0016439952308977693	0.0037901847771620776
VAV2	0.9163199999999989	0.0016440141792689663	0.0037901847771620776
ZNF607	0.35853999999999964	0.0016440141792689663	0.0037901847771620776
ZSWIM6	0.4913349999999994	0.0016440141792689663	0.0037901847771620776
CRYZ	1.001965000000002	0.0016440141792689663	0.0037901847771620776
ADGRB2	0.09840500000000008	0.0016440141792689663	0.0037901847771620776
WDR45	-0.5540199999999995	0.0016440141792689663	0.0037901847771620776
MED4	0.5591299999999997	0.0016440141792689663	0.0037901847771620776
APC2	-0.1253599999999997	0.0016877565992410048	0.0038787597002578307
ZNF252P	-0.39644999999999975	0.0016877565992410048	0.0038787597002578307
FIS1	-0.8486050000000009	0.0016877759637742207	0.0038787597002578307
RNASEH2C	-0.49107000000000056	0.0016877759637742207	0.0038787597002578307
SRGAP2C	-1.0695449999999997	0.0016877759637742207	0.0038787597002578307
TLE3	0.6735699999999998	0.0016877759637742207	0.0038787597002578307
ZNF296	0.747819999999999	0.0016877759637742207	0.0038787597002578307
PIK3C2A	0.6918599999999984	0.0016877759637742207	0.0038787597002578307
PQLC2	-0.06794000000000011	0.0016877759637742207	0.0038787597002578307
COMMD2	-0.6550250000000002	0.0016877759637742207	0.0038787597002578307
CTNNAL1	-1.1608250000000009	0.0016877759637742207	0.0038787597002578307
FLJ37453	-0.6931250000000011	0.0016877759637742207	0.0038787597002578307
SCN1B	-0.5330899999999996	0.0016877759637742207	0.0038787597002578307
ECHDC1	-0.9136000000000006	0.0016877759637742207	0.0038787597002578307
ADAMTS1	-1.7272050000000005	0.0016877759637742207	0.0038787597002578307
PARP16	-0.4993450000000008	0.0016877759637742207	0.0038787597002578307
ATP5G3	0.42774999999999963	0.0016877565992410048	0.0038787597002578307
PRRG1	-1.0227300000000001	0.0016877759637742207	0.0038787597002578307
PBX1	0.7263499999999983	0.0016877759637742207	0.0038787597002578307
DSTNP2	-0.6804549999999994	0.001687737234849992	0.0038787597002578307
ISOC1	1.0593249999999994	0.0017326070355686324	0.0039736132928818195
GPALPP1	-0.6524350000000005	0.0017326070355686324	0.0039736132928818195
HSPB2-C11orf52	-1.3252749999999995	0.0017326070355686324	0.0039736132928818195
PACSIN2	-0.8548799999999996	0.0017326070355686324	0.0039736132928818195
GDPD3	-1.6013900000000003	0.0017326070355686324	0.0039736132928818195
VPS35	0.43454999999999977	0.0017326070355686324	0.0039736132928818195
PIK3IP1	-0.9142999999999999	0.0017326070355686324	0.0039736132928818195
SNORA29	0.6360499999999991	0.0017326070355686324	0.0039736132928818195
PDCD4	-0.3391799999999998	0.0017326070355686324	0.0039736132928818195
LOC101929500	-0.874274999999999	0.0017326070355686324	0.0039736132928818195
LY96	0.9148999999999994	0.0017326070355686324	0.0039736132928818195
COL27A1	-1.6940549999999988	0.0017326070355686324	0.0039736132928818195
RAB11FIP4	0.5661449999999997	0.0017326070355686324	0.0039736132928818195
COPB1	0.3362999999999996	0.0017553908468155874	0.0040252306770023625
CEP135	0.4130049999999992	0.0017785308079368409	0.004066733489664431
PARP4	0.754900000000001	0.0017785308079368409	0.004066733489664431
PKP1	-2.6949450000000006	0.0017785308079368409	0.004066733489664431
GOLGA1	0.5595650000000001	0.0017785308079368409	0.004066733489664431
ZNF408	-0.44327000000000005	0.0017785308079368409	0.004066733489664431
NUDT22	0.4992150000000004	0.0017785308079368409	0.004066733489664431
EIF2B2	0.358765	0.0017785308079368409	0.004066733489664431
RAB24	-0.7824950000000008	0.0017785308079368409	0.004066733489664431
NCOA2	0.5886500000000012	0.0017785308079368409	0.004066733489664431
RGL3	-0.39730500000000113	0.0017785308079368409	0.004066733489664431
PLGLB1	-0.44475	0.0017785308079368409	0.004066733489664431
RIC1	-0.6340650000000005	0.0017785308079368409	0.004066733489664431
USP27X	-0.40023500000000034	0.0017785308079368409	0.004066733489664431
NTF3	-0.36512999999999973	0.0017785308079368409	0.004066733489664431
FAM96B	0.5154949999999996	0.0017785308079368409	0.004066733489664431
LARP1B	1.0928699999999996	0.0017785308079368409	0.004066733489664431
SMOC2	-1.3332800000000002	0.0017785308079368409	0.004066733489664431
NBAS	-0.30380499999999877	0.0017785308079368409	0.004066733489664431
MFSD5	0.5243199999999995	0.0018255711341151383	0.004160537352419969
ZNF721	-0.27360000000000007	0.0018255711341151383	0.004160537352419969
LOC100996809	0.9664500000000018	0.0018255711341151383	0.004160537352419969
CYP4F22	-0.04475499999999988	0.001825529813073885	0.004160537352419969
TTC17	-0.5190649999999994	0.0018255711341151383	0.004160537352419969
OSBPL10	1.1626599999999998	0.0018255711341151383	0.004160537352419969
RWDD2A	0.6229950000000004	0.0018255711341151383	0.004160537352419969
FBXO17	-1.4312950000000004	0.0018255711341151383	0.004160537352419969
SNX3	0.6294000000000022	0.0018255711341151383	0.004160537352419969
SRRD	0.8990900000000002	0.0018255711341151383	0.004160537352419969
MIR4640	0.6469400000000007	0.0018255711341151383	0.004160537352419969
FOXJ2	-0.7208699999999997	0.0018255711341151383	0.004160537352419969
ZFP82	-0.3813449999999996	0.0018255711341151383	0.004160537352419969
ZNF101	0.9139499999999998	0.0018255711341151383	0.004160537352419969
DUBR	-1.09307	0.0018255711341151383	0.004160537352419969
HCN2	-0.09888999999999992	0.0018255711341151383	0.004160537352419969
FAM214A	1.3520199999999978	0.0018255711341151383	0.004160537352419969
NDOR1	-0.3866650000000007	0.0018255711341151383	0.004160537352419969
ASCC1	0.4644900000000005	0.0018255711341151383	0.004160537352419969
CISD1	0.6337950000000001	0.0018255711341151383	0.004160537352419969
ALG5	0.6928300000000007	0.0018255711341151383	0.004160537352419969
SSR2	0.3531999999999993	0.001849496697204032	0.004214403112630936
XPO6	0.33811000000000035	0.0018737523137212528	0.004256316455476307
ARL8A	0.34970500000000015	0.0018737523137212528	0.004256316455476307
CPXM1	-2.602965	0.0018737523137212528	0.004256316455476307
GALNT11	-0.3731549999999988	0.0018737523137212528	0.004256316455476307
LTN1	0.22854500000000044	0.0018737523137212528	0.004256316455476307
PDPN	-1.4930950000000003	0.0018737523137212528	0.004256316455476307
HES7	-0.07252499999999973	0.0018737523137212528	0.004256316455476307
ZNF77	0.39526999999999957	0.0018737523137212528	0.004256316455476307
CARD8-AS1	-0.8253299999999992	0.0018737523137212528	0.004256316455476307
NOL10	0.5299900000000006	0.0018737523137212528	0.004256316455476307
FAM107B	1.2189999999999994	0.0018737523137212528	0.004256316455476307
SPRED3	-0.1856	0.0018737523137212528	0.004256316455476307
ZNF683	-0.7987649999999995	0.0018737523137212528	0.004256316455476307
PEX16	-0.27810500000000005	0.0018737523137212528	0.004256316455476307
MAP4K5	0.34628499999999995	0.0018737523137212528	0.004256316455476307
ADAMDEC1	3.3270100000000014	0.0018737523137212528	0.004256316455476307
XBP1	1.4766499999999994	0.0018737523137212528	0.004256316455476307
SNX9	0.6223749999999999	0.0018737523137212528	0.004256316455476307
SH3BGRL	0.7707999999999995	0.0018737523137212528	0.004256316455476307
RGS16	1.384240000000001	0.0018737523137212528	0.004256316455476307
APAF1	0.37852500000000067	0.0019230990992337167	0.004357504309419884
MED31	0.5714949999999996	0.0019230990992337167	0.004357504309419884
KIAA0368	-0.4632500000000004	0.0019230990992337167	0.004357504309419884
LINC00173	-3.071245	0.0019230990992337167	0.004357504309419884
RLIM	0.3520500000000002	0.0019230775337846753	0.004357504309419884
TSNARE1	-0.7203900000000001	0.0019230990992337167	0.004357504309419884
TMBIM4	0.8759000000000015	0.0019230990992337167	0.004357504309419884
SNORD50B	-0.7492999999999999	0.0019230990992337167	0.004357504309419884
SLC7A6	0.8754749999999998	0.0019230990992337167	0.004357504309419884
LOC101927204	1.03756	0.0019230990992337167	0.004357504309419884
SOX17	-0.2026049999999997	0.0019230775337846753	0.004357504309419884
MTX1	0.5519799999999986	0.0019230990992337167	0.004357504309419884
ZNF250	0.4478	0.0019230990992337167	0.004357504309419884
CBLB	0.37883000000000067	0.0019230990992337167	0.004357504309419884
CFAP20	0.9016350000000006	0.0019230990992337167	0.004357504309419884
STEAP4	-2.636639999999999	0.0019230775337846753	0.004357504309419884
ACTN1	-0.6890499999999999	0.0019736367025200013	0.0044539475048943995
CLEC12A	-0.31029500000000043	0.0019736367025200013	0.0044539475048943995
GPN1	0.5462000000000007	0.0019736367025200013	0.0044539475048943995
LIN28B-AS1	-0.0842299999999998	0.0019736367025200013	0.0044539475048943995
EP300	0.6715499999999999	0.0019736367025200013	0.0044539475048943995
HDHD3	0.8717699999999997	0.0019736367025200013	0.0044539475048943995
KIAA1429	0.7169900000000009	0.0019736367025200013	0.0044539475048943995
TPSAB1	2.7898050000000003	0.0019736367025200013	0.0044539475048943995
SNORD38B	-0.4721000000000011	0.0019736367025200013	0.0044539475048943995
LRCH4	-0.47750999999999966	0.0019736146720453138	0.0044539475048943995
FAM102A	0.6724350000000001	0.0019736146720453138	0.0044539475048943995
CSTA	-2.6887100000000004	0.0019736367025200013	0.0044539475048943995
SMYD4	-0.6023449999999997	0.0019736367025200013	0.0044539475048943995
MCOLN2	0.8649900000000006	0.0019736367025200013	0.0044539475048943995
POLR2B	0.40445000000000064	0.0019736146720453138	0.0044539475048943995
UTP6	0.34975500000000004	0.0019736367025200013	0.0044539475048943995
ANAPC15	-0.39266999999999985	0.0019736367025200013	0.0044539475048943995
LOC105375172	-0.319045	0.0019736367025200013	0.0044539475048943995
KRT18	0.9471500000000006	0.0019736367025200013	0.0044539475048943995
ATXN7	0.3688349999999989	0.0019736367025200013	0.0044539475048943995
NOL4L	0.6562999999999999	0.0019736367025200013	0.0044539475048943995
CHKB-CPT1B	-0.8140249999999991	0.0019736367025200013	0.0044539475048943995
LOC100996696	0.6151	0.0019736367025200013	0.0044539475048943995
ITGAV	0.7627500000000005	0.0019736367025200013	0.0044539475048943995
NUP62CL	-1.434745	0.0019736367025200013	0.0044539475048943995
MTMR10	-0.8608750000000001	0.0019736367025200013	0.0044539475048943995
NR1H2	0.6847500000000002	0.0020253908014127198	0.004552348741389184
ZBTB33	-0.7287500000000016	0.0020253908014127198	0.004552348741389184
USP3	0.46253499999999903	0.0020253908014127198	0.004552348741389184
DERL2	0.32930999999999955	0.0020253908014127198	0.004552348741389184
AARS2	-0.4536750000000005	0.0020253908014127198	0.004552348741389184
SERPINI1	-1.218910000000001	0.0020253908014127198	0.004552348741389184
TERF2	0.8254450000000002	0.0020253908014127198	0.004552348741389184
ZNF334	-0.31876499999999997	0.0020253908014127198	0.004552348741389184
FAM117A	-1.034040000000001	0.0020253908014127198	0.004552348741389184
CDK5RAP3	-0.8260499999999986	0.0020253908014127198	0.004552348741389184
COX10-AS1	-0.2547999999999999	0.0020253908014127198	0.004552348741389184
TMEM35B	1.31154	0.0020253908014127198	0.004552348741389184
MB21D2	-0.9459	0.0020253908014127198	0.004552348741389184
LINC00899	-1.9747950000000003	0.0020253908014127198	0.004552348741389184
LIMCH1	-1.1829199999999993	0.0020253908014127198	0.004552348741389184
PPP3CB-AS1	-0.446145	0.0020253908014127198	0.004552348741389184
CTCF	0.3283199999999997	0.0020253908014127198	0.004552348741389184
DYM	0.6043249999999984	0.0020253908014127198	0.004552348741389184
ZC3H18	0.9065949999999994	0.0020253908014127198	0.004552348741389184
BOK	-1.770925	0.0020253908014127198	0.004552348741389184
LOC101928954	-0.2739349999999998	0.0020253908014127198	0.004552348741389184
LOC100130370	-0.6608000000000009	0.0020253908014127198	0.004552348741389184
STAT3	0.4655499999999986	0.0020253908014127198	0.004552348741389184
MFAP1	0.5262699999999985	0.0020253908014127198	0.004552348741389184
CUL4A	0.28428000000000075	0.0020253908014127198	0.004552348741389184
LOC150776	0.550605	0.0020253908014127198	0.004552348741389184
ETV6	1.3653450000000005	0.002078387546332998	0.0046556137510177075
CERCAM	0.879315000000001	0.002078387546332998	0.0046556137510177075
LMO7	1.4294800000000008	0.002078387546332998	0.0046556137510177075
CTNNBIP1	-0.756965000000001	0.002078387546332998	0.0046556137510177075
TMEM203	0.27615500000000104	0.002078387546332998	0.0046556137510177075
SH3RF3	-0.7868599999999999	0.002078387546332998	0.0046556137510177075
CKS1B	0.7885899999999992	0.002078387546332998	0.0046556137510177075
C15orf65	0.7603749999999998	0.002078387546332998	0.0046556137510177075
DHCR24	1.2807000000000013	0.002078387546332998	0.0046556137510177075
GRK2	0.2609200000000005	0.002078387546332998	0.0046556137510177075
C19orf18	-0.6954500000000001	0.002078387546332998	0.0046556137510177075
KLHL6	0.7916799999999995	0.002078387546332998	0.0046556137510177075
PARP12	0.8685249999999982	0.002078387546332998	0.0046556137510177075
FASTK	-0.3356250000000003	0.002078387546332998	0.0046556137510177075
TRMT13	1.0903650000000003	0.002078387546332998	0.0046556137510177075
STX7	-0.4451800000000006	0.002078387546332998	0.0046556137510177075
MTR	0.40321499999999943	0.002078387546332998	0.0046556137510177075
IFT52	0.51159	0.002078387546332998	0.0046556137510177075
DCTN5	0.32087499999999913	0.002078364560010086	0.0046556137510177075
SDF2	0.5235849999999997	0.002078387546332998	0.0046556137510177075
GOLGA4	0.5901800000000001	0.002078387546332998	0.0046556137510177075
P2RY14	-1.44564	0.002078387546332998	0.0046556137510177075
RPL7	-0.24179999999999957	0.002105313752589202	0.004715201467473842
ZNF317	0.32859499999999997	0.002132653566960299	0.004760282062618731
BAIAP2L2	-0.15115999999999996	0.002132653566960299	0.004760282062618731
SAMD13	-0.3215950000000003	0.002132653566960299	0.004760282062618731
EPB41L1	-1.3141100000000003	0.002132653566960299	0.004760282062618731
PIP	-5.711095	0.002132653566960299	0.004760282062618731
DLK1	-0.10491500000000009	0.002132653566960299	0.004760282062618731
KIAA0513	0.96828	0.002132653566960299	0.004760282062618731
TET1	-0.7644549999999999	0.002132653566960299	0.004760282062618731
ZNF440	0.23601000000000028	0.002132653566960299	0.004760282062618731
PDRG1	0.2956599999999998	0.002132653566960299	0.004760282062618731
CDKN1B	0.671050000000001	0.0021326066123461213	0.004760282062618731
ATXN1	0.565055000000001	0.002132653566960299	0.004760282062618731
HIST1H2AE	1.5918150000000004	0.002132653566960299	0.004760282062618731
PLEKHO2	-0.5590999999999999	0.002132653566960299	0.004760282062618731
TCF7L1	-1.8298899999999998	0.002132653566960299	0.004760282062618731
HEXB	0.64865	0.0021326300895724076	0.004760282062618731
PPFIA1	0.3916999999999984	0.002132653566960299	0.004760282062618731
BHLHB9	-0.4764900000000001	0.002132653566960299	0.004760282062618731
FAM213B	0.7060249999999986	0.002132653566960299	0.004760282062618731
ZFPL1	0.37934	0.002132653566960299	0.004760282062618731
RALY	0.32026499999999913	0.002132653566960299	0.004760282062618731
SPRR1A	-0.7797700000000001	0.002132653566960299	0.004760282062618731
MBD5	-0.6163999999999996	0.0021881920015712738	0.004870826555223536
FIZ1	-0.2479899999999997	0.0021882159789476897	0.004870826555223536
PLCB1	-1.7300149999999999	0.0021882159789476897	0.004870826555223536
HSPA12A	-1.3218200000000002	0.0021882159789476897	0.004870826555223536
NAA16	0.5272450000000006	0.0021882159789476897	0.004870826555223536
PIP4K2B	-0.9243849999999991	0.0021882159789476897	0.004870826555223536
THAP1	0.7932300000000003	0.0021882159789476897	0.004870826555223536
MYBL1	2.0664349999999994	0.0021882159789476897	0.004870826555223536
ECHDC3	-1.223135000000001	0.0021882159789476897	0.004870826555223536
FRZB	-2.0407449999999994	0.0021882159789476897	0.004870826555223536
MERTK	0.7435149999999995	0.0021882159789476897	0.004870826555223536
REPS1	0.6040349999999997	0.0021882159789476897	0.004870826555223536
SVBP	-0.706570000000001	0.0021882159789476897	0.004870826555223536
SNX7	0.9766650000000006	0.0021882159789476897	0.004870826555223536
NSMCE1	-0.537725	0.0021882159789476897	0.004870826555223536
SPTLC1	0.3268999999999984	0.0021882159789476897	0.004870826555223536
PMS2P8	0.29562500000000025	0.0021882159789476897	0.004870826555223536
CBR1	1.178539999999999	0.0021882159789476897	0.004870826555223536
ZNF862	-0.5892350000000004	0.0022451023906817557	0.004981417405268213
DICER1	0.5199499999999997	0.0022451023906817557	0.004981417405268213
KCNJ8	-1.8130449999999998	0.0022451023906817557	0.004981417405268213
FGD5-AS1	0.8191500000000023	0.002245077904270055	0.004981417405268213
PODXL	-0.5005499999999987	0.0022451023906817557	0.004981417405268213
GPS2	0.7725499999999998	0.0022451023906817557	0.004981417405268213
LOC102724611	-0.27973500000000007	0.0022451023906817557	0.004981417405268213
FUBP1	-0.5639850000000006	0.0022451023906817557	0.004981417405268213
ZNF446	-0.4902749999999996	0.0022451023906817557	0.004981417405268213
ACO2	0.8892749999999996	0.0022451023906817557	0.004981417405268213
SSC4D	-0.1355249999999999	0.0022451023906817557	0.004981417405268213
PLCH1	0.9903500000000003	0.0022451023906817557	0.004981417405268213
ANKRD49	0.45548000000000055	0.0022451023906817557	0.004981417405268213
CD22	-0.48409000000000013	0.0022451023906817557	0.004981417405268213
PKIG	-0.882344999999999	0.0022451023906817557	0.004981417405268213
ANAPC13	0.44260000000000055	0.0022451023906817557	0.004981417405268213
DARS	-0.49856499999999926	0.0022451023906817557	0.004981417405268213
RWDD1	-0.31975000000000087	0.002245077904270055	0.004981417405268213
S100A8	5.065175	0.0022451023906817557	0.004981417405268213
SWSAP1	0.5027500000000007	0.0022451023906817557	0.004981417405268213
SDCBP	0.7022999999999993	0.0022451023906817557	0.004981417405268213
STRN4	0.5798500000000004	0.0022740261161192355	0.00504482237370662
NFXL1	0.5371200000000007	0.002303315905468344	0.0050919647885934146
SYTL4	-0.5096400000000001	0.002303340910086086	0.0050919647885934146
PDCD11	0.4406750000000006	0.002303340910086086	0.0050919647885934146
PDK1	1.0477849999999993	0.002303340910086086	0.0050919647885934146
IDS	-0.6490749999999998	0.002303340910086086	0.0050919647885934146
PEF1	0.5720799999999997	0.002303340910086086	0.0050919647885934146
USF2	-0.3154049999999984	0.002303340910086086	0.0050919647885934146
RAB3GAP2	0.23957500000000032	0.002303340910086086	0.0050919647885934146
TMEM259	-0.61862	0.002303340910086086	0.0050919647885934146
MGA	0.40299500000000066	0.002303340910086086	0.0050919647885934146
ZMIZ2	-0.4694950000000002	0.002303340910086086	0.0050919647885934146
GDF11	-0.3257650000000005	0.002303340910086086	0.0050919647885934146
PATJ	0.8332350000000002	0.002303340910086086	0.0050919647885934146
RP2	0.24659999999999993	0.002303340910086086	0.0050919647885934146
UBA52	-0.20294999999999952	0.002303315905468344	0.0050919647885934146
CIR1	-0.3611899999999997	0.002303340910086086	0.0050919647885934146
RTN4IP1	0.268815	0.002303340910086086	0.0050919647885934146
MPEG1	1.490029999999999	0.002303340910086086	0.0050919647885934146
KCNF1	-0.24049500000000013	0.002303340910086086	0.0050919647885934146
SLC41A2	1.022005	0.002303340910086086	0.0050919647885934146
STK31	-0.16790499999999975	0.002303340910086086	0.0050919647885934146
HMGN2	0.41235	0.002303340910086086	0.0050919647885934146
RNF175	-0.6274299999999999	0.002303340910086086	0.0050919647885934146
LOC441155	0.21620000000000061	0.002362960151467445	0.005210280491893446
PDE7A	0.6985700000000001	0.002362960151467445	0.005210280491893446
COPS7A	0.31589000000000134	0.002362960151467445	0.005210280491893446
USP32P2	0.5929749999999991	0.002362960151467445	0.005210280491893446
ACVR2B	-0.8199900000000007	0.002362960151467445	0.005210280491893446
FAM104A	0.4855900000000002	0.002362960151467445	0.005210280491893446
TJAP1	-0.22849000000000075	0.002362960151467445	0.005210280491893446
LYSMD2	0.9523949999999992	0.002362960151467445	0.005210280491893446
TRIP4	0.4367800000000006	0.002362960151467445	0.005210280491893446
TRIQK	0.9100000000000001	0.002362960151467445	0.005210280491893446
RAP1A	0.5228000000000002	0.002362960151467445	0.005210280491893446
DPF1	-0.08571500000000043	0.002362960151467445	0.005210280491893446
TBC1D10B	0.3975200000000001	0.002362960151467445	0.005210280491893446
COQ4	-0.5455049999999995	0.002362960151467445	0.005210280491893446
TMEM170B	-0.7631549999999994	0.002362960151467445	0.005210280491893446
TRIM16	0.9903400000000007	0.002362960151467445	0.005210280491893446
ZC3H10	-0.32735000000000003	0.0023629346193481775	0.005210280491893446
LPAR6	-0.6331099999999985	0.0023932708256336967	0.005276313789259533
TTYH1	-1.58163	0.002423989242403541	0.005326247810286612
PRR12	-0.12136000000000013	0.002423989242403541	0.005326247810286612
CHMP7	-0.4774799999999999	0.002423989242403541	0.005326247810286612
RPL35	-0.41499999999999915	0.002423989242403541	0.005326247810286612
GRB10	-0.6762750000000004	0.002423989242403541	0.005326247810286612
DNM1	-1.027755	0.002423989242403541	0.005326247810286612
ZC3H4	0.24553500000000028	0.002423989242403541	0.005326247810286612
CTDSPL	-0.7598950000000002	0.002423989242403541	0.005326247810286612
GAS6-AS1	-0.5744699999999998	0.002423989242403541	0.005326247810286612
LTB	1.8588750000000003	0.002423989242403541	0.005326247810286612
ARMCX6	-0.5938300000000005	0.002423989242403541	0.005326247810286612
TMEM44	-0.9582799999999994	0.002423989242403541	0.005326247810286612
DEPDC1	1.6164300000000003	0.002423989242403541	0.005326247810286612
FRG1HP	-0.5645249999999988	0.002423989242403541	0.005326247810286612
DDX10	1.0095099999999997	0.002423989242403541	0.005326247810286612
PELO	0.799199999999999	0.002423963173361773	0.005326247810286612
ARMT1	0.7497949999999989	0.002423989242403541	0.005326247810286612
SAAL1	0.4561700000000002	0.002423989242403541	0.005326247810286612
ATP2C2	1.8726500000000006	0.002423989242403541	0.005326247810286612
TRAM2-AS1	-0.5663900000000002	0.002423989242403541	0.005326247810286612
ERF	0.6547000000000001	0.002423989242403541	0.005326247810286612
NAAA	1.0876100000000006	0.002423989242403541	0.005326247810286612
GBF1	0.5434950000000001	0.002486457830671323	0.005449492999850431
CABLES1	-0.725200000000001	0.002486457830671323	0.005449492999850431
FANCE	-0.381545	0.002486457830671323	0.005449492999850431
NR2F2-AS1	-0.9502499999999996	0.002486457830671323	0.005449492999850431
TNNT2	-0.42769999999999975	0.002486457830671323	0.005449492999850431
SCARNA15	-0.7708700000000004	0.002486457830671323	0.005449492999850431
AHR	0.7913699999999988	0.002486457830671323	0.005449492999850431
OGT	-0.6397000000000013	0.0024864045998236723	0.005449492999850431
TMEM39B	0.39425500000000024	0.002486457830671323	0.005449492999850431
ZDHHC4	1.2900900000000002	0.002486457830671323	0.005449492999850431
CCDC174	-0.4576500000000001	0.002486457830671323	0.005449492999850431
CDS2	0.6467499999999999	0.002486457830671323	0.005449492999850431
MUCL1	-5.707995	0.002486457830671323	0.005449492999850431
ROR1	-0.8608750000000001	0.002486457830671323	0.005449492999850431
SYCP2	1.0237050000000005	0.002486457830671323	0.005449492999850431
ALG11	0.7996050000000015	0.002486457830671323	0.005449492999850431
GNAI2	0.7675449999999984	0.002486457830671323	0.005449492999850431
ERLEC1	0.40474999999999994	0.0025503960912147115	0.005571965102545515
NANS	0.6225849999999991	0.002550368919559585	0.005571965102545515
C6orf106	-0.5892149999999994	0.0025503960912147115	0.005571965102545515
IREB2	0.5234649999999998	0.0025503960912147115	0.005571965102545515
KDF1	0.5633800000000004	0.0025503960912147115	0.005571965102545515
TBC1D2B	-0.6037599999999994	0.0025503960912147115	0.005571965102545515
BAZ2A	0.646815000000001	0.0025503960912147115	0.005571965102545515
ZNF160	-0.414200000000001	0.0025503960912147115	0.005571965102545515
MXD1	0.6265849999999995	0.0025503960912147115	0.005571965102545515
LAPTM4B	1.0503499999999981	0.0025503960912147115	0.005571965102545515
LOC100506497	-0.3151099999999998	0.0025503960912147115	0.005571965102545515
C1orf116	-2.461245	0.0025503417480819616	0.005571965102545515
TMEM30B	1.584225	0.0025503960912147115	0.005571965102545515
VAC14	0.6015250000000005	0.0025503960912147115	0.005571965102545515
ABCA17P	-0.47602999999999973	0.0025503960912147115	0.005571965102545515
KIAA1549	0.2505799999999998	0.0025503960912147115	0.005571965102545515
MPND	0.8063150000000006	0.0025503960912147115	0.005571965102545515
LETMD1	-0.5814799999999991	0.0025503960912147115	0.005571965102545515
TAF8	-0.7698	0.0025503960912147115	0.005571965102545515
PLXNB1	0.5865850000000004	0.0025503960912147115	0.005571965102545515
USP51	-0.3308500000000003	0.0025503960912147115	0.005571965102545515
CDKAL1	1.102574999999999	0.002615834733150596	0.005699497673640353
PCNT	0.4108849999999995	0.002615834733150596	0.005699497673640353
DUS3L	0.555275	0.002615834733150596	0.005699497673640353
TP53I13	-1.0443249999999997	0.002615834733150596	0.005699497673640353
SUSD1	0.7655099999999999	0.002615834733150596	0.005699497673640353
MACF1	-0.6696000000000009	0.002615834733150596	0.005699497673640353
MIR6751	0.2624000000000004	0.002615834733150596	0.005699497673640353
EIF4EBP1	0.8619349999999999	0.002615834733150596	0.005699497673640353
SIL1	-0.48806999999999956	0.002615834733150596	0.005699497673640353
GTSF1L	-0.34087500000000004	0.002615834733150596	0.005699497673640353
ITGBL1	2.453100000000001	0.002615834733150596	0.005699497673640353
KIAA1143	-0.5699650000000016	0.002615834733150596	0.005699497673640353
RYR3	-0.07923499999999972	0.002615834733150596	0.005699497673640353
CDKN2AIPNL	-0.5039099999999994	0.002615834733150596	0.005699497673640353
TMEM254-AS1	-0.26396	0.002615834733150596	0.005699497673640353
XRCC2	-0.36471500000000034	0.002615834733150596	0.005699497673640353
SHOC2	0.43929999999999936	0.002615834733150596	0.005699497673640353
DAXX	0.39041999999999977	0.002615834733150596	0.005699497673640353
RNF114	0.47685000000000066	0.0026828050068119147	0.005828799268240967
RPRD1B	0.3317450000000006	0.0026828050068119147	0.005828799268240967
TMEM61	-0.4440449999999996	0.0026828050068119147	0.005828799268240967
MTFR2	2.4918750000000007	0.0026828050068119147	0.005828799268240967
SUMF2	-0.4490850000000002	0.0026828050068119147	0.005828799268240967
POC5	0.7379350000000002	0.0026828050068119147	0.005828799268240967
VPS37C	0.4725300000000008	0.0026828050068119147	0.005828799268240967
ELP5	1.2632000000000003	0.002682776693336389	0.005828799268240967
USP30-AS1	-0.17524499999999987	0.0026828050068119147	0.005828799268240967
TBC1D30	1.4317149999999996	0.0026828050068119147	0.005828799268240967
PSME1	0.6382999999999992	0.002682776693336389	0.005828799268240967
BNIP1	0.30891499999999983	0.0026828050068119147	0.005828799268240967
MCRS1	0.20134499999999989	0.0026828050068119147	0.005828799268240967
KCTD17	-0.5794950000000005	0.0026828050068119147	0.005828799268240967
FAM3A	-0.5329299999999995	0.0026828050068119147	0.005828799268240967
LRRC57	0.39871000000000034	0.0026828050068119147	0.005828799268240967
CCDC12	-0.38171000000000177	0.0026828050068119147	0.005828799268240967
TCF15	-0.47244500000000045	0.002682776693336389	0.005828799268240967
KIF13B	-1.4810250000000007	0.0026828050068119147	0.005828799268240967
IMMP1L	0.5448050000000011	0.002751338710826609	0.005966986373749106
SEMA6C	-0.20671499999999998	0.002751338710826609	0.005966986373749106
CHD6	0.6541150000000009	0.002751338710826609	0.005966986373749106
CDH13	-0.43647500000000017	0.002751338710826609	0.005966986373749106
DDX23	0.32597500000000057	0.002751338710826609	0.005966986373749106
LINC00642	-0.41573499999999974	0.002751309811417345	0.005966986373749106
GOLGA8A	-1.0827500000000008	0.002751338710826609	0.005966986373749106
AUP1	0.37392999999999965	0.002751338710826609	0.005966986373749106
CSN1S1	-0.5221499999999999	0.002751338710826609	0.005966986373749106
ANKRD6	-0.7937950000000003	0.002751338710826609	0.005966986373749106
GATAD1	0.5013650000000016	0.002751338710826609	0.005966986373749106
IL4R	-0.5640500000000008	0.002751338710826609	0.005966986373749106
HIST3H2A	1.1803850000000011	0.0028214681992310923	0.00609904155838552
FBXO9	-0.4732000000000003	0.0028214681992310923	0.00609904155838552
CCDC61	-0.20564500000000052	0.0028214681992310923	0.00609904155838552
FAM210B	-0.7315500000000004	0.0028214387037000183	0.00609904155838552
CYP27A1	-0.7382050000000007	0.0028214681992310923	0.00609904155838552
RBAK	0.5068599999999996	0.0028214681992310923	0.00609904155838552
THNSL2	-0.7106549999999991	0.0028214681992310923	0.00609904155838552
DNAJB6	0.6364499999999991	0.0028214681992310923	0.00609904155838552
MIR1178	0.5600000000000005	0.0028214681992310923	0.00609904155838552
RAB3A	-0.24418000000000006	0.0028214681992310923	0.00609904155838552
SNAP23	0.5611700000000006	0.0028214681992310923	0.00609904155838552
WDSUB1	0.6174550000000014	0.0028214681992310923	0.00609904155838552
RGS12	-0.5225750000000007	0.0028214681992310923	0.00609904155838552
INTS3	-0.5015150000000013	0.0028214681992310923	0.00609904155838552
SNHG3	0.36050000000000004	0.0028214681992310923	0.00609904155838552
NXN	-0.6875	0.0028214681992310923	0.00609904155838552
LOC102725292	0.26450499999999977	0.0028214681992310923	0.00609904155838552
EGFR	-1.7514399999999988	0.0028214681992310923	0.00609904155838552
SOCS5	-0.49777499999999897	0.0028214681992310923	0.00609904155838552
SAPCD2	1.2475649999999998	0.0028214681992310923	0.00609904155838552
MSRB3	-1.1529050000000005	0.0028214681992310923	0.00609904155838552
SOGA1	0.585585	0.0028214681992310923	0.00609904155838552
NPHP3-ACAD11	-0.9071449999999999	0.0028932263886170127	0.006235594184549756
CRYBB2P1	-0.3509500000000001	0.0028932263886170127	0.006235594184549756
CTAGE8	0.7810249999999996	0.0028932263886170127	0.006235594184549756
C1orf162	1.0636750000000008	0.0028932263886170127	0.006235594184549756
ABHD11	0.7323550000000001	0.0028932263886170127	0.006235594184549756
NEK8	-0.6142899999999996	0.0028932263886170127	0.006235594184549756
LOC101929536	-0.09382999999999964	0.0028932263886170127	0.006235594184549756
SRGAP3	-0.05844000000000005	0.0028932263886170127	0.006235594184549756
LINC00938	0.6543200000000002	0.0028932263886170127	0.006235594184549756
DCDC2B	-0.24659999999999993	0.0028932263886170127	0.006235594184549756
MRFAP1L1	0.4777900000000006	0.0028932263886170127	0.006235594184549756
PLA2G4C	-1.2990049999999993	0.0028932263886170127	0.006235594184549756
DPP7	-0.4346299999999994	0.0028932263886170127	0.006235594184549756
TAF6	0.47648000000000046	0.0028932263886170127	0.006235594184549756
MIGA2	-0.7150699999999999	0.0028932263886170127	0.006235594184549756
LTV1	0.4643649999999999	0.0028932263886170127	0.006235594184549756
MAGED2	1.0363149999999983	0.0028932263886170127	0.006235594184549756
MIEF2	-0.6682350000000001	0.0028932263886170127	0.006235594184549756
CPEB4	0.5629650000000002	0.0028932263886170127	0.006235594184549756
SNX25	0.5884999999999998	0.0028932263886170127	0.006235594184549756
ARTN	0.402015	0.00296664676530993	0.006382465826049007
CYB5R1	0.5442350000000005	0.00296664676530993	0.006382465826049007
CTSV	1.22614	0.00296664676530993	0.006382465826049007
NOTUM	-0.10899500000000106	0.00296664676530993	0.006382465826049007
ACPP	-0.09013500000000008	0.00296664676530993	0.006382465826049007
BCAS2	0.44424500000000045	0.00296664676530993	0.006382465826049007
ITPR2	-0.8298799999999993	0.00296664676530993	0.006382465826049007
SLC44A4	4.3664000000000005	0.00296664676530993	0.006382465826049007
RHOD	0.5349550000000001	0.00296664676530993	0.006382465826049007
HSP90AA1	0.3113500000000009	0.00296664676530993	0.006382465826049007
RABGEF1	0.5612399999999997	0.00296664676530993	0.006382465826049007
GDF15	1.0759350000000003	0.00296664676530993	0.006382465826049007
ELK4	0.4237149999999996	0.0030417633925784032	0.006527632331464988
SNORA70	-0.3254999999999999	0.0030417320462506727	0.006527632331464988
LMO4	1.09877	0.0030417633925784032	0.006527632331464988
ARRDC1-AS1	-0.19222499999999965	0.0030417633925784032	0.006527632331464988
LOC102724782	-0.37344499999999936	0.0030417633925784032	0.006527632331464988
ZRANB3	0.5500850000000002	0.0030417633925784032	0.006527632331464988
IL23A	-0.13485499999999995	0.0030417633925784032	0.006527632331464988
ZNF48	-0.19410500000000042	0.0030417633925784032	0.006527632331464988
FGF11	-0.6761150000000002	0.0030417633925784032	0.006527632331464988
CREB3L1	1.219335	0.0030417633925784032	0.006527632331464988
MGAM	-0.3204500000000001	0.0030417633925784032	0.006527632331464988
POLR1A	0.8727599999999991	0.0030417633925784032	0.006527632331464988
NR1D2	1.3444400000000005	0.0030417633925784032	0.006527632331464988
C1orf226	-2.3902350000000006	0.0030417633925784032	0.006527632331464988
ADH5	-0.3486450000000012	0.0030417633925784032	0.006527632331464988
DIS3L	-0.5721399999999992	0.0030417633925784032	0.006527632331464988
HNRNPA1P33	-0.12794999999999845	0.003041638008431412	0.006527632331464988
GPX3	-2.53826	0.003079936940418096	0.006608576277888828
LINC00202-1	-0.5098699999999994	0.0031186109178721944	0.006675776496070166
HIVEP3	-1.2019350000000006	0.0031186109178721944	0.006675776496070166
LNPEP	-0.49375000000000036	0.0031186109178721944	0.006675776496070166
PHLDA3	-0.7453299999999992	0.00311857893336489	0.006675776496070166
ZNF271P	0.8592650000000006	0.0031186109178721944	0.006675776496070166
FAM174A	1.0563900000000004	0.0031186109178721944	0.006675776496070166
CTSG	-1.4760700000000004	0.0031186109178721944	0.006675776496070166
C16orf59	0.44136	0.0031186109178721944	0.006675776496070166
PGF	-0.19235000000000113	0.003118514964939422	0.006675776496070166
FOXL1	-0.22055000000000025	0.0031186109178721944	0.006675776496070166
JMY	-0.6205400000000001	0.0031186109178721944	0.006675776496070166
IL37	-0.1847650000000005	0.0031186109178721944	0.006675776496070166
NDEL1	-0.5086099999999991	0.0031186109178721944	0.006675776496070166
TAGLN	-1.0479500000000002	0.0031186109178721944	0.006675776496070166
HINT2	-0.7328099999999989	0.0031186109178721944	0.006675776496070166
RAB26	1.9970700000000003	0.0031186109178721944	0.006675776496070166
ZC3HAV1	0.38878000000000057	0.0031576301410186085	0.0067583058080872855
LOC102725271	2.396394999999999	0.0031972245800879844	0.006827955198829075
DTX4	-1.1597550000000005	0.0031972245800879844	0.006827955198829075
RBMS1	-0.54575	0.0031972245800879844	0.006827955198829075
ATAD3B	-0.5662899999999995	0.0031972245800879844	0.006827955198829075
FAM120C	-0.7739450000000003	0.0031972245800879844	0.006827955198829075
USP6NL	0.3889749999999994	0.0031972245800879844	0.006827955198829075
LILRB5	-0.14495499999999995	0.0031972245800879844	0.006827955198829075
TMEM237	0.7079999999999993	0.0031972245800879844	0.006827955198829075
PDE4A	-1.2365450000000004	0.0031972245800879844	0.006827955198829075
NMT2	-1.5045750000000009	0.0031972245800879844	0.006827955198829075
ZSCAN30	-0.5278849999999995	0.0031972245800879844	0.006827955198829075
RFWD2	0.5734849999999989	0.0031972245800879844	0.006827955198829075
HCG26	-0.6231700000000009	0.0031972245800879844	0.006827955198829075
JMJD6	0.5774750000000015	0.0031972245800879844	0.006827955198829075
LOC100289090	-0.3496100000000002	0.0031971919465577404	0.006827955198829075
MIR6758	0.3135500000000011	0.0032371389641157877	0.006912179390808626
TXNL4B	-0.8588749999999994	0.0032776402168611268	0.006980186424586784
LAMP3	2.136585	0.0032776402168611268	0.006980186424586784
ERGIC2	0.38414000000000037	0.0032776402168611268	0.006980186424586784
HOXB4	-0.47512500000000024	0.0032776402168611268	0.006980186424586784
BRCA2	0.5658799999999999	0.0032776402168611268	0.006980186424586784
GLRX5	0.3269200000000012	0.0032776402168611268	0.006980186424586784
MIAT	0.73231	0.0032776402168611268	0.006980186424586784
ADPRHL1	-0.16359499999999993	0.0032776402168611268	0.006980186424586784
MCAT	0.53599	0.0032776402168611268	0.006980186424586784
LPIN1	-1.2714999999999996	0.0032776402168611268	0.006980186424586784
APIP	0.927225	0.0032776402168611268	0.006980186424586784
MRPL12	0.6275700000000013	0.0032776402168611268	0.006980186424586784
GUSBP3	1.9789950000000003	0.0032776402168611268	0.006980186424586784
FCMR	1.8567500000000008	0.0032776402168611268	0.006980186424586784
DUXAP10	1.3693000000000008	0.0032776402168611268	0.006980186424586784
NUAK1	-0.9096349999999997	0.0032776402168611268	0.006980186424586784
MT1X	-0.6882500000000018	0.0032776402168611268	0.006980186424586784
DTX3	-0.7863049999999996	0.0032776402168611268	0.006980186424586784
CST1	1.7150250000000007	0.0033598942718818035	0.007134432609484947
TP53INP2	0.9340650000000004	0.0033598942718818035	0.007134432609484947
ZNF428	0.5915600000000003	0.0033598942718818035	0.007134432609484947
HIST1H2BN	-0.14671500000000037	0.0033598942718818035	0.007134432609484947
ZNF140	0.541970000000001	0.0033598942718818035	0.007134432609484947
ITGAM	1.2667550000000007	0.0033598942718818035	0.007134432609484947
CXCL6	-0.24331499999999995	0.0033598942718818035	0.007134432609484947
PROCR	-0.4761350000000002	0.0033598942718818035	0.007134432609484947
LOC100506844	-0.6507350000000001	0.003359860307245115	0.007134432609484947
MAOB	-3.076885	0.0033598942718818035	0.007134432609484947
N4BP2L2	-0.6234500000000001	0.0033598942718818035	0.007134432609484947
SGCG	-0.17954999999999988	0.0033598942718818035	0.007134432609484947
NRDE2	-0.3599749999999995	0.0033598942718818035	0.007134432609484947
BIK	1.483179999999999	0.0033598942718818035	0.007134432609484947
TTI2	0.7754099999999999	0.0033598942718818035	0.007134432609484947
TNC	2.1283249999999994	0.0033598942718818035	0.007134432609484947
GSR	0.7579349999999989	0.0033598942718818035	0.007134432609484947
ZNF853	-0.6789149999999999	0.0033598942718818035	0.007134432609484947
RPS6KA1	0.8363950000000004	0.0033598942718818035	0.007134432609484947
EPN2-IT1	-0.608555	0.0033598942718818035	0.007134432609484947
UROS	0.6868550000000004	0.003444023802233994	0.0072938768639407995
PHF2	0.5114650000000003	0.003444023802233994	0.0072938768639407995
TAOK2	0.46079500000000007	0.003444023802233994	0.0072938768639407995
BCL2	-2.52097	0.003444023802233994	0.0072938768639407995
RBM22	-0.3417999999999992	0.003444023802233994	0.0072938768639407995
KANSL1L	0.6326	0.003444023802233994	0.0072938768639407995
ST6GAL2	1.2031650000000003	0.003444023802233994	0.0072938768639407995
FNTA	-0.410499999999999	0.003444023802233994	0.0072938768639407995
IRX2	-1.5083950000000002	0.003444023802233994	0.0072938768639407995
MIOS	0.2820999999999989	0.003444023802233994	0.0072938768639407995
AGAP6	0.5121500000000001	0.003444023802233994	0.0072938768639407995
RCOR2	-0.17100500000000007	0.003444023802233994	0.0072938768639407995
RARS	0.31461000000000183	0.003443989155247593	0.0072938768639407995
ZFP90	0.5093899999999998	0.003444023802233994	0.0072938768639407995
BARX2	-0.10398499999999977	0.003444023802233994	0.0072938768639407995
GALNS	0.6061200000000007	0.003444023802233994	0.0072938768639407995
LOC732360	0.6307200000000002	0.003444023802233994	0.0072938768639407995
CMYA5	-1.7244900000000012	0.003444023802233994	0.0072938768639407995
MGC57346	-0.45442000000000027	0.0035300664857556147	0.007456527346348078
BCKDK	0.4636199999999997	0.0035300664857556147	0.007456527346348078
RRAGA	0.6684350000000006	0.0035300311450437547	0.007456527346348078
VILL	-0.9377949999999999	0.0035300311450437547	0.007456527346348078
PLEKHO1	0.6851349999999998	0.0035300664857556147	0.007456527346348078
MEGF9	1.0598600000000005	0.0035300664857556147	0.007456527346348078
CTLA4	-0.18531500000000012	0.0035300664857556147	0.007456527346348078
RNF113A	0.33753999999999973	0.0035300311450437547	0.007456527346348078
APOL4	-0.333755	0.0035300664857556147	0.007456527346348078
GSTK1	-0.40729999999999933	0.0035300664857556147	0.007456527346348078
SNORD54	-0.2856999999999985	0.0035300664857556147	0.007456527346348078
AKAP7	-0.9700600000000001	0.0035300664857556147	0.007456527346348078
PLEKHF1	-1.098865	0.0035300664857556147	0.007456527346348078
B2M	0.3033000000000001	0.003529995804540347	0.007456527346348078
E2F4	0.1938449999999996	0.0035300664857556147	0.007456527346348078
INVS	0.6637050000000002	0.0035300311450437547	0.007456527346348078
ROGDI	0.5685249999999993	0.0035300664857556147	0.007456527346348078
SFTPC	-0.21263500000000013	0.0035300311450437547	0.007456527346348078
SLC25A19	0.8460750000000008	0.003618060628418032	0.0076235456247659115
RARG	-0.21530000000000005	0.003618060628418032	0.0076235456247659115
ANG	-1.4650100000000004	0.003618060628418032	0.0076235456247659115
RAC1	0.29105000000000025	0.003618060628418032	0.0076235456247659115
TRAF7	0.35281999999999947	0.003618060628418032	0.0076235456247659115
LDHB	-1.60065	0.003618060628418032	0.0076235456247659115
ACP5	1.3143650000000004	0.003618060628418032	0.0076235456247659115
COL5A3	-1.1743800000000002	0.003618060628418032	0.0076235456247659115
SSTR2	-0.31282500000000013	0.003618060628418032	0.0076235456247659115
CHMP2B	0.417720000000001	0.003618060628418032	0.0076235456247659115
DPP8	0.6328450000000014	0.003618060628418032	0.0076235456247659115
CDH1	0.46330000000000027	0.003618060628418032	0.0076235456247659115
ELL	0.167335	0.003618060628418032	0.0076235456247659115
STX4	0.4425449999999991	0.003618060628418032	0.0076235456247659115
ARHGAP27	-0.37516499999999997	0.0036180245824710172	0.0076235456247659115
ZC3H12C	-1.5269000000000004	0.003618060628418032	0.0076235456247659115
CDIP1	-0.8005550000000001	0.003618060628418032	0.0076235456247659115
SLC35A5	0.5945600000000004	0.003708045171723279	0.007796182421277755
DGCR11	-0.1436799999999998	0.003708008408897131	0.007796182421277755
LOC105376805	-0.75488	0.003708045171723279	0.007796182421277755
KCTD18	0.5804149999999986	0.003708008408897131	0.007796182421277755
SALL4	0.8589099999999998	0.003708045171723279	0.007796182421277755
MIR6132	0.33383999999999947	0.003708045171723279	0.007796182421277755
DNAJA4	0.9677450000000007	0.003708045171723279	0.007796182421277755
ZNF268	-0.6918249999999997	0.003708045171723279	0.007796182421277755
SLPI	-2.443419999999998	0.003708045171723279	0.007796182421277755
HECTD1	0.6854699999999987	0.003708045171723279	0.007796182421277755
AFF4	0.36493999999999893	0.003708045171723279	0.007796182421277755
DYNLT3	0.5369300000000017	0.003708045171723279	0.007796182421277755
PLD6	-0.4060749999999995	0.003708045171723279	0.007796182421277755
NDUFA7	0.5521000000000011	0.003708045171723279	0.007796182421277755
ALDH1L2	1.5119500000000006	0.003708045171723279	0.007796182421277755
HAP1	-0.022695000000000576	0.0038000222086333117	0.00796887609604332
SPECC1L	-0.509640000000001	0.0038000597001170634	0.00796887609604332
GAS2L1	-0.6049000000000007	0.0038000597001170634	0.00796887609604332
C21orf58	0.6143900000000002	0.0038000597001170634	0.00796887609604332
SLC2A5	1.0664250000000002	0.0038000597001170634	0.00796887609604332
GEMIN2	0.8049749999999998	0.0038000597001170634	0.00796887609604332
SLC43A1	-0.20476499999999964	0.0038000597001170634	0.00796887609604332
KLHDC1	-1.6574200000000001	0.0038000597001170634	0.00796887609604332
ARHGEF16	0.3416700000000006	0.0038000222086333117	0.00796887609604332
MIR6872	-1.7604349999999993	0.0038000597001170634	0.00796887609604332
METTL26	0.5143000000000004	0.0038000597001170634	0.00796887609604332
ADAM28	1.2311800000000002	0.0038000597001170634	0.00796887609604332
COQ10A	-0.7667799999999998	0.0038000597001170634	0.00796887609604332
SHROOM3	0.7984150000000012	0.0038000597001170634	0.00796887609604332
SLC52A3	0.4278550000000001	0.0038000597001170634	0.00796887609604332
SLC35A4	0.25184499999999943	0.0038000597001170634	0.00796887609604332
GALNT13	-0.15983999999999998	0.0038000597001170634	0.00796887609604332
GJB1	-0.2770299999999999	0.0038000597001170634	0.00796887609604332
BEX2	-1.4965349999999997	0.0038941444484158223	0.008142658845197203
CENPI	1.2612550000000007	0.0038941444484158223	0.008142658845197203
PPID	0.4470200000000002	0.0038941444484158223	0.008142658845197203
METTL5	0.5715999999999983	0.0038940679845248767	0.008142658845197203
LOC729732	-1.4429299999999996	0.0038941444484158223	0.008142658845197203
STAB1	-0.6505399999999995	0.0038941444484158223	0.008142658845197203
TFPT	0.6395499999999998	0.0038941444484158223	0.008142658845197203
RNF11	0.5872500000000009	0.003894106216361251	0.008142658845197203
LOC100652930	-0.5731799999999998	0.0038941444484158223	0.008142658845197203
ARID3B	-0.76837	0.003894106216361251	0.008142658845197203
PRRX2	-0.3375200000000005	0.0038941444484158223	0.008142658845197203
C1QB	1.1582150000000002	0.0038941444484158223	0.008142658845197203
TIMM22	0.1716850000000001	0.003894106216361251	0.008142658845197203
ZNF564	-0.6527950000000002	0.0038941444484158223	0.008142658845197203
SEMA4A	0.4954299999999998	0.0038941444484158223	0.008142658845197203
TTF1	-0.5189799999999991	0.003894106216361251	0.008142658845197203
CRABP2	1.4496599999999997	0.0038941444484158223	0.008142658845197203
GUSBP2	-0.14185999999999988	0.003894106216361251	0.008142658845197203
ACO1	-0.3425200000000004	0.0038941444484158223	0.008142658845197203
KLHL23	0.4914149999999995	0.0038941444484158223	0.008142658845197203
LOC646014	-0.6956050000000005	0.003990340309245809	0.00832941238621067
TRIM69	0.8026900000000001	0.003990340309245809	0.00832941238621067
SHFM1	0.2666500000000003	0.003990340309245809	0.00832941238621067
KANSL3	-0.6044499999999999	0.003990340309245809	0.00832941238621067
SUCLG1	-0.5318500000000004	0.003990340309245809	0.00832941238621067
LOC102724851	-1.5019250000000008	0.003990340309245809	0.00832941238621067
PPM1B	0.3481349999999992	0.003990340309245809	0.00832941238621067
HARBI1	0.13939499999999994	0.003990340309245809	0.00832941238621067
DYRK1A	0.30790000000000006	0.0039902233558872366	0.00832941238621067
LOC102606465	0.6902149999999994	0.003990340309245809	0.00832941238621067
CSF3	-0.16215499999999983	0.003990340309245809	0.00832941238621067
RAPH1	-0.649049999999999	0.003990340309245809	0.00832941238621067
LINC01208	-0.5615500000000004	0.004088688840492412	0.008515121087283925
MINOS1P1	1.514920000000001	0.004088688840492412	0.008515121087283925
C19orf43	-0.39649999999999963	0.004088649091016807	0.008515121087283925
ERI2	0.4067299999999996	0.004088649091016807	0.008515121087283925
RAC2	0.8892000000000007	0.004088688840492412	0.008515121087283925
CLEC2D	0.30893999999999977	0.004088688840492412	0.008515121087283925
ANXA11	-0.39259999999999806	0.004088688840492412	0.008515121087283925
MKKS	0.7872750000000002	0.004088688840492412	0.008515121087283925
THEM6	1.0777349999999997	0.004088688840492412	0.008515121087283925
NOP14	-0.4614699999999994	0.004088688840492412	0.008515121087283925
G6PC3	-0.6138550000000009	0.004088688840492412	0.008515121087283925
SPG11	0.3503399999999992	0.004088688840492412	0.008515121087283925
RPL18	-0.3500999999999994	0.004088649091016807	0.008515121087283925
FAM200A	0.793355	0.004088688840492412	0.008515121087283925
CDC16	-0.3581000000000003	0.004088688840492412	0.008515121087283925
SUSD5	-0.320395	0.004088688840492412	0.008515121087283925
SCNN1G	-0.41995999999999967	0.004189232272757471	0.0087008053582643
SOX15	-0.1621400000000004	0.004189232272757471	0.0087008053582643
SCAI	-0.8686749999999996	0.004189191746161401	0.0087008053582643
ALDH2	-0.6330000000000009	0.004189232272757471	0.0087008053582643
NAE1	0.49714999999999954	0.004189191746161401	0.0087008053582643
LOC101928535	-0.17801	0.004189232272757471	0.0087008053582643
CDR2L	0.7212949999999996	0.004189232272757471	0.0087008053582643
HOXC13	0.6111700000000004	0.004189232272757471	0.0087008053582643
KCNJ3	-1.9043900000000002	0.004189232272757471	0.0087008053582643
CHCHD10	-0.6636249999999997	0.004189232272757471	0.0087008053582643
KIAA1671	-0.7932599999999983	0.004189232272757471	0.0087008053582643
EXOC3-AS1	-0.18100000000000005	0.004189232272757471	0.0087008053582643
CCDC53	0.6097549999999998	0.004189232272757471	0.0087008053582643
LTBP3	-0.7943700000000007	0.004189232272757471	0.0087008053582643
RNF130	0.6642499999999991	0.004189232272757471	0.0087008053582643
EIF3B	-0.3694500000000005	0.004189191746161401	0.0087008053582643
MIR6732	0.5229599999999994	0.004189232272757471	0.0087008053582643
MS4A4A	3.872915	0.004189232272757471	0.0087008053582643
LYPD6	-2.3293600000000003	0.004189232272757471	0.0087008053582643
SRSF8	0.46213499999999996	0.004292013516822822	0.008890118426943521
MGST3	0.9243500000000004	0.004292013516822822	0.008890118426943521
TBX3	-1.223460000000001	0.004292013516822822	0.008890118426943521
RGS2	-1.957065	0.004292013516822822	0.008890118426943521
AFAP1L1	-0.35702000000000034	0.004292013516822822	0.008890118426943521
CYP4V2	-1.2248050000000008	0.004292013516822822	0.008890118426943521
ZFAND1	0.954085000000001	0.004292013516822822	0.008890118426943521
SLC36A1	0.5224149999999996	0.004292013516822822	0.008890118426943521
GABRP	-5.191614999999999	0.004292013516822822	0.008890118426943521
ABR	-0.34975999999999985	0.004292013516822822	0.008890118426943521
CBX5	0.9773399999999999	0.004292013516822822	0.008890118426943521
PIK3R5	0.37841999999999976	0.004292013516822822	0.008890118426943521
P2RY2	0.36470500000000006	0.004292013516822822	0.008890118426943521
ENPP5	2.0777200000000002	0.004292013516822822	0.008890118426943521
MARCH8	-0.707514999999999	0.004292013516822822	0.008890118426943521
MFAP3	0.5978000000000003	0.004292013516822822	0.008890118426943521
SHC3	-0.2387999999999999	0.004292013516822822	0.008890118426943521
BTBD11	-0.6901600000000001	0.004292013516822822	0.008890118426943521
PGAP1	-1.0317150000000002	0.004292013516822822	0.008890118426943521
FAM217B	1.002650000000001	0.004397076171117764	0.009081829065136136
RNF139-AS1	0.42059500000000005	0.004397076171117764	0.009081829065136136
TNFAIP1	0.45796999999999954	0.004397076171117764	0.009081829065136136
FAM3B	-4.787800000000001	0.004397076171117764	0.009081829065136136
MFHAS1	0.9799899999999999	0.004397076171117764	0.009081829065136136
ZMAT5	0.2244149999999996	0.004397076171117764	0.009081829065136136
IQCA1	-1.2860800000000001	0.004397076171117764	0.009081829065136136
PLCE1	-0.7890999999999995	0.004397076171117764	0.009081829065136136
ZNF669	0.59952	0.004397076171117764	0.009081829065136136
SNX29P2	-0.11268999999999973	0.004397076171117764	0.009081829065136136
MAFB	0.4251499999999986	0.004397076171117764	0.009081829065136136
TXNRD3NB	-0.6195150000000007	0.004397076171117764	0.009081829065136136
LOC101929072	-0.5431750000000006	0.004397076171117764	0.009081829065136136
KIFC1	0.6005199999999995	0.004397076171117764	0.009081829065136136
ALG9	1.2377899999999995	0.004397076171117764	0.009081829065136136
ARMCX5	0.828055	0.004397076171117764	0.009081829065136136
AGA	0.7067049999999995	0.004397076171117764	0.009081829065136136
AS3MT	-1.2208550000000002	0.004397076171117764	0.009081829065136136
C3orf58	-1.026019999999999	0.004397076171117764	0.009081829065136136
SRSF6	-0.5465	0.004397076171117764	0.009081829065136136
HMGXB4	0.3591699999999989	0.004504464529188442	0.009282508002394572
TAPT1-AS1	-1.0833700000000004	0.004504464529188442	0.009282508002394572
JAK3	1.893735	0.004504464529188442	0.009282508002394572
PCGF2	-1.1931299999999991	0.004504464529188442	0.009282508002394572
SPIB	-0.20669499999999985	0.004504464529188442	0.009282508002394572
COA5	0.40212999999999965	0.004504464529188442	0.009282508002394572
C1QTNF1	-1.0828499999999996	0.004504464529188442	0.009282508002394572
IMPA2	1.57707	0.004504464529188442	0.009282508002394572
AKAP8	-0.5624250000000002	0.004504464529188442	0.009282508002394572
RWDD2B	-0.46265	0.004504464529188442	0.009282508002394572
LRRC75B	-0.85243	0.004504464529188442	0.009282508002394572
DEXI	-0.3418650000000003	0.004504464529188442	0.009282508002394572
KERA	-0.12623000000000006	0.004504421595968341	0.009282508002394572
PACS1	-0.7012900000000002	0.004504464529188442	0.009282508002394572
SNORA41	-0.4885999999999999	0.004504464529188442	0.009282508002394572
VPS53	-0.5947400000000007	0.004504464529188442	0.009282508002394572
IDNK	-0.9552849999999999	0.004614223587166815	0.009480440709229836
PLA2G12A	-0.6654549999999997	0.004614223587166815	0.009480440709229836
MFAP4	-1.506825	0.004614223587166815	0.009480440709229836
IGKV1OR2-108	2.0236800000000006	0.004614223587166815	0.009480440709229836
CHPF	0.9795750000000005	0.004614223587166815	0.009480440709229836
ALDH1A1	-1.1271250000000004	0.004614223587166815	0.009480440709229836
PLEC	0.6873249999999995	0.004614223587166815	0.009480440709229836
ST3GAL4	0.4088199999999995	0.004614223587166815	0.009480440709229836
LRRC4C	-1.00894	0.004614223587166815	0.009480440709229836
NADK2	-0.44851500000000044	0.004614223587166815	0.009480440709229836
MIR6748	0.30620000000000047	0.004614223587166815	0.009480440709229836
CCDC130	-0.6321950000000003	0.004614223587166815	0.009480440709229836
HOXC10	2.04892	0.004614223587166815	0.009480440709229836
CDX1	-0.2836949999999998	0.004614223587166815	0.009480440709229836
CD320	-1.2099450000000003	0.004614223587166815	0.009480440709229836
MGC12488	-0.5436550000000002	0.004614223587166815	0.009480440709229836
SHQ1	0.28156999999999854	0.004614223587166815	0.009480440709229836
IL27RA	-2.2689850000000007	0.004614223587166815	0.009480440709229836
ITSN1	-0.8838100000000004	0.004614223587166815	0.009480440709229836
PDP2	-0.8357149999999995	0.004614223587166815	0.009480440709229836
ZBED8	0.7341249999999997	0.004614223587166815	0.009480440709229836
FAM134A	-0.5477800000000013	0.004726399051237153	0.009688984616327771
RBM14	0.25838500000000053	0.004726399051237153	0.009688984616327771
MBD2	0.6481500000000011	0.004726309848060036	0.009688984616327771
OXR1	0.983019999999998	0.004726354449529707	0.009688984616327771
DOCK8	1.15881	0.004726399051237153	0.009688984616327771
C1QTNF3	1.2430050000000001	0.004726399051237153	0.009688984616327771
SERTAD4	0.9572500000000002	0.004726399051237153	0.009688984616327771
RPH3AL	-1.2518200000000004	0.004726399051237153	0.009688984616327771
JMJD1C	0.673964999999999	0.004726399051237153	0.009688984616327771
DLG5-AS1	-0.26956000000000024	0.004726399051237153	0.009688984616327771
HNRNPUL2	-0.17128499999999924	0.004726354449529707	0.009688984616327771
ZNF274	0.7683549999999997	0.004726399051237153	0.009688984616327771
GDF2	-0.0459900000000002	0.004726399051237153	0.009688984616327771
PROSER2	0.8569750000000003	0.004726399051237153	0.009688984616327771
TPBG	0.9375499999999999	0.004726399051237153	0.009688984616327771
IFFO1	-0.65449	0.004726399051237153	0.009688984616327771
CAMSAP1	0.35692000000000057	0.004841037345097613	0.009900231562527466
PRRC2C	0.24854999999999983	0.004841037345097613	0.009900231562527466
SMG1P5	0.5139300000000002	0.004841037345097613	0.009900231562527466
UBTD2	0.6452249999999999	0.004841037345097613	0.009900231562527466
PANX1	0.6866149999999989	0.004841037345097613	0.009900231562527466
HNRNPDL	0.20444999999999958	0.004840991889519728	0.009900231562527466
PCYT2	-0.747910000000001	0.004841037345097613	0.009900231562527466
CACUL1	0.6487699999999998	0.004841037345097613	0.009900231562527466
IGF2BP2	-1.1900399999999998	0.004841037345097613	0.009900231562527466
C11orf72	-0.1546599999999998	0.004841037345097613	0.009900231562527466
FBXL18	0.19618499999999983	0.004841037345097613	0.009900231562527466
B3GNT4	-0.42821	0.004841037345097613	0.009900231562527466
EPN3	1.0514099999999997	0.004841037345097613	0.009900231562527466
SERINC5	0.6842000000000006	0.004841037345097613	0.009900231562527466
ETV5	-0.8470649999999997	0.004841037345097613	0.009900231562527466
MRM3	-0.5539300000000003	0.004841037345097613	0.009900231562527466
KIAA0556	0.6674349999999993	0.004841037345097613	0.009900231562527466
TMEM175	-0.33171000000000017	0.004958185617414639	0.01011416934065113
ST7L	-0.3330699999999993	0.004958139294701982	0.01011416934065113
C2orf27A	-0.1579549999999994	0.004958139294701982	0.01011416934065113
EXD3	-0.42214499999999955	0.004958185617414639	0.01011416934065113
LONRF1	-0.87859	0.004958185617414639	0.01011416934065113
ABL1	0.6392750000000005	0.004958185617414639	0.01011416934065113
CDK6	1.409745000000001	0.004958185617414639	0.01011416934065113
ZNF106	-0.6248450000000005	0.004958185617414639	0.01011416934065113
NOL9	-0.472294999999999	0.004958185617414639	0.01011416934065113
LOC101928762	-0.74247	0.004958185617414639	0.01011416934065113
EGFL8	-0.047900000000000276	0.004958185617414639	0.01011416934065113
SLC4A1AP	0.21960500000000138	0.004958185617414639	0.01011416934065113
FUT6	-0.57348	0.004958185617414639	0.01011416934065113
SLC25A45	-0.7440449999999998	0.004958185617414639	0.01011416934065113
DDX60L	0.9088550000000009	0.004958185617414639	0.01011416934065113
MGEA5	-0.7068999999999992	0.004958185617414639	0.01011416934065113
CHAF1A	0.8260550000000002	0.004958185617414639	0.01011416934065113
STAC	-0.23005500000000012	0.004958185617414639	0.01011416934065113
MTMR2	0.4171849999999999	0.0050778917492677956	0.010332232588323796
DOLPP1	0.6257699999999993	0.0050778917492677956	0.010332232588323796
ZBTB7A	-0.4805849999999996	0.0050778917492677956	0.010332232588323796
METAP1	0.16219500000000053	0.005077844546021412	0.010332232588323796
QSOX1	-0.7353349999999992	0.0050778917492677956	0.010332232588323796
DAB2	0.59686	0.0050778917492677956	0.010332232588323796
CASKIN2	-0.41993999999999954	0.005077844546021412	0.010332232588323796
TMEM147-AS1	-0.3596100000000009	0.0050778917492677956	0.010332232588323796
SSR4	0.32259999999999955	0.0050778917492677956	0.010332232588323796
HS3ST2	-0.7207750000000002	0.0050778917492677956	0.010332232588323796
APOL3	-0.8808950000000006	0.0050778917492677956	0.010332232588323796
POLG	-0.3376549999999998	0.005077844546021412	0.010332232588323796
WDR47	0.47592000000000034	0.0050778917492677956	0.010332232588323796
ACPT	-0.33394499999999994	0.0050778917492677956	0.010332232588323796
MIR646HG	-0.33050500000000005	0.0050778917492677956	0.010332232588323796
ANKHD1	-0.3538049999999999	0.0050778917492677956	0.010332232588323796
AGTPBP1	0.5949100000000005	0.0050778917492677956	0.010332232588323796
LOC100505938	-0.8769850000000003	0.0050778917492677956	0.010332232588323796
ITGB1	0.5171500000000009	0.0051386715288766	0.010454439330673295
LMBRD2	0.5130049999999997	0.005200204361582587	0.010551539435364304
HOTS	-0.7654700000000001	0.005200204361582587	0.010551539435364304
MEST	-0.7135649999999991	0.005200204361582587	0.010551539435364304
INAFM2	0.793540000000001	0.005200204361582587	0.010551539435364304
FAM175B	0.24772999999999978	0.005200204361582587	0.010551539435364304
EPYC	0.2325400000000002	0.005200204361582587	0.010551539435364304
EXOSC6	-0.4364699999999999	0.005200204361582587	0.010551539435364304
LOC647115	-0.19507499999999967	0.005200204361582587	0.010551539435364304
FRG1CP	-0.592365	0.005200204361582587	0.010551539435364304
LOC101927826	0.4916450000000001	0.005200204361582587	0.010551539435364304
RIMS3	-1.1220100000000004	0.005200204361582587	0.010551539435364304
RBPMS	-0.7190049999999992	0.005200204361582587	0.010551539435364304
LINC01355	0.7391200000000007	0.005200204361582587	0.010551539435364304
GIMAP6	-0.8927749999999994	0.005200204361582587	0.010551539435364304
FUNDC2	0.34630000000000116	0.005200156264269162	0.010551539435364304
GNL2	0.35909499999999994	0.005200204361582587	0.010551539435364304
SERTAD3	0.4176099999999998	0.005200204361582587	0.010551539435364304
DNAJC11	-0.4576449999999994	0.005200204361582587	0.010551539435364304
BCLAF1	0.3346499999999999	0.005200204361582587	0.010551539435364304
COL8A2	1.4867549999999996	0.00532517282254875	0.01077049578399066
RECQL	0.38340000000000174	0.005325123817500934	0.01077049578399066
LOC102724112	-0.28013999999999983	0.00532517282254875	0.01077049578399066
MIR99AHG	-0.98292	0.00532517282254875	0.01077049578399066
PSPH	0.7670999999999992	0.00532517282254875	0.01077049578399066
LAMA2	-1.8811200000000001	0.00532517282254875	0.01077049578399066
RC3H1	0.4421450000000018	0.00532517282254875	0.01077049578399066
SLC2A4RG	0.86341	0.00532517282254875	0.01077049578399066
LOC149684	-0.6458500000000003	0.00532517282254875	0.01077049578399066
FAM193A	0.506685	0.00532517282254875	0.01077049578399066
ATP9A	-0.6788699999999999	0.00532517282254875	0.01077049578399066
CSDE1	0.5711000000000013	0.00532517282254875	0.01077049578399066
STUB1	-0.42459999999999987	0.005325123817500934	0.01077049578399066
AP4B1	-0.44741500000000034	0.00532517282254875	0.01077049578399066
NPEPPS	0.4759050000000009	0.00532517282254875	0.01077049578399066
FRMD3	-1.372725	0.00532517282254875	0.01077049578399066
BCL7B	0.32638999999999996	0.00532517282254875	0.01077049578399066
ASCL2	0.4728750000000006	0.00532517282254875	0.01077049578399066
CLSTN3	0.5751299999999997	0.00532517282254875	0.01077049578399066
C3orf67	-0.21577500000000027	0.00532517282254875	0.01077049578399066
SEL1L3	1.2351900000000002	0.00532517282254875	0.01077049578399066
ACOT4	1.3410250000000001	0.00532517282254875	0.01077049578399066
SEC22A	0.18161499999999986	0.00532517282254875	0.01077049578399066
NPNT	2.189635000000001	0.005452847255021594	0.01099656267704813
ATG14	-0.601420000000001	0.005452847255021594	0.01099656267704813
C2orf82	-0.3376899999999994	0.005452847255021594	0.01099656267704813
INMT-FAM188B	-0.25107500000000016	0.005452847255021594	0.01099656267704813
C11orf57	-0.5486599999999999	0.005452847255021594	0.01099656267704813
COPS9	-0.4145500000000002	0.005452847255021594	0.01099656267704813
UCP3	-0.30233	0.005452847255021594	0.01099656267704813
GPATCH2L	0.9839849999999997	0.005452847255021594	0.01099656267704813
DERA	0.36239999999999917	0.005452847255021594	0.01099656267704813
BTG3	1.0756599999999992	0.005452847255021594	0.01099656267704813
TNFRSF21	-1.0684749999999994	0.005452847255021594	0.01099656267704813
HSD3B7	0.5675599999999994	0.005452847255021594	0.01099656267704813
COPS6	0.5256150000000002	0.005452847255021594	0.01099656267704813
CHST2	-1.1209950000000006	0.005452847255021594	0.01099656267704813
GADD45A	1.04908	0.005452847255021594	0.01099656267704813
OSBPL7	-0.2783000000000002	0.005452847255021594	0.01099656267704813
NDUFA4	0.3030500000000007	0.005452847255021594	0.01099656267704813
SAP30L	-0.6654500000000017	0.005452847255021594	0.01099656267704813
ZCRB1	0.4758500000000012	0.005452847255021594	0.01099656267704813
TOP2B	0.5825800000000001	0.005452747402107435	0.01099656267704813
FERMT3	0.8001849999999999	0.005452847255021594	0.01099656267704813
FAM27E2	-0.3515449999999998	0.005517664689568155	0.01112573266063715
TXNDC15	0.4192499999999999	0.005583278543903653	0.011234636416041131
NDE1	0.46470000000000056	0.005583278543903653	0.011234636416041131
MPHOSPH8	-0.5650749999999984	0.005583278543903653	0.011234636416041131
FAM30A	-0.16693500000000006	0.005583278543903653	0.011234636416041131
TP53BP1	0.46785500000000013	0.005583278543903653	0.011234636416041131
RECQL5	-0.3793249999999997	0.005583278543903653	0.011234636416041131
GLG1	0.36573499999999903	0.0055830242361861356	0.011234636416041131
EFCAB7	0.7419599999999997	0.005583278543903653	0.011234636416041131
TRAF4	0.5502500000000001	0.005583278543903653	0.011234636416041131
RNF183	-2.78962	0.005583278543903653	0.011234636416041131
NUCKS1	0.6080000000000023	0.005583227681850625	0.011234636416041131
SCAF8	0.3877449999999989	0.005583278543903653	0.011234636416041131
C3orf52	0.8279099999999993	0.005583278543903653	0.011234636416041131
TRNAU1AP	0.3090199999999994	0.005583278543903653	0.011234636416041131
SEC62	-0.36020000000000074	0.0055831768200523555	0.011234636416041131
MFI2-AS1	-0.47958000000000034	0.005716518343504175	0.011478882658236675
RORC	-1.2273299999999994	0.005716518343504175	0.011478882658236675
GTF2H2B	1.67746	0.005716518343504175	0.011478882658236675
TIA1	0.27055000000000184	0.005716518343504175	0.011478882658236675
UBE2E1	0.24760000000000026	0.005716518343504175	0.011478882658236675
TIPARP	0.8007599999999995	0.005716518343504175	0.011478882658236675
ATOX1	0.46468999999999916	0.005716518343504175	0.011478882658236675
TSPAN31	-0.45780500000000046	0.005716518343504175	0.011478882658236675
YPEL5	0.4254200000000008	0.005716466531914207	0.011478882658236675
LOC401320	0.5331349999999997	0.005716518343504175	0.011478882658236675
LOC648987	-0.2858850000000004	0.005716518343504175	0.011478882658236675
CSNK1G1	0.2669050000000004	0.005716518343504175	0.011478882658236675
LYST	1.4697899999999997	0.005716518343504175	0.011478882658236675
CYTH1	0.41794500000000046	0.005716518343504175	0.011478882658236675
LOC730101	0.7172099999999988	0.005716518343504175	0.011478882658236675
INHBB	-1.5442150000000003	0.00585261908487363	0.01171814895223147
KALRN	-1.0913950000000003	0.00585261908487363	0.01171814895223147
LRRC28	-0.27016499999999954	0.00585261908487363	0.01171814895223147
SPATA2L	-0.6383150000000004	0.00585261908487363	0.01171814895223147
C19orf52	0.3106549999999997	0.005852566309547218	0.01171814895223147
STAC3	-0.13258500000000017	0.00585261908487363	0.01171814895223147
GLIPR2	-0.6335900000000008	0.00585261908487363	0.01171814895223147
SFT2D2	0.4124700000000008	0.00585261908487363	0.01171814895223147
CNTN4	-2.59229	0.005852566309547218	0.01171814895223147
LY6E	0.7561700000000009	0.00585261908487363	0.01171814895223147
TPSB2	3.4623150000000003	0.00585261908487363	0.01171814895223147
MOCOS	1.1977000000000002	0.00585261908487363	0.01171814895223147
SMA4	1.022400000000001	0.00585261908487363	0.01171814895223147
MAP2K2	-0.47226500000000016	0.00585261908487363	0.01171814895223147
RAB21	0.4757499999999997	0.00585261908487363	0.01171814895223147
NSMF	-0.07389999999999963	0.005852513534480344	0.01171814895223147
SAMD4A	-1.0347299999999997	0.00585261908487363	0.01171814895223147
EFNA3	0.6812749999999994	0.00585261908487363	0.01171814895223147
ZNF529	0.5686900000000001	0.00585261908487363	0.01171814895223147
SUN5	-0.1300549999999996	0.00585261908487363	0.01171814895223147
TEX261	0.7719100000000001	0.00585261908487363	0.01171814895223147
GBGT1	-0.5546150000000001	0.0059916339831106455	0.011965141460771838
SURF4	0.35795000000000066	0.0059916339831106455	0.011965141460771838
MSH5-SAPCD1	-0.7963800000000001	0.0059916339831106455	0.011965141460771838
CTTN	-0.5121450000000021	0.0059916339831106455	0.011965141460771838
GSTZ1	-0.6761049999999997	0.0059916339831106455	0.011965141460771838
VGLL3	-0.9055100000000005	0.0059916339831106455	0.011965141460771838
C19orf12	-1.1149250000000013	0.0059916339831106455	0.011965141460771838
ZBTB48	-0.7565850000000003	0.0059916339831106455	0.011965141460771838
MIR17HG	-0.9856499999999997	0.0059916339831106455	0.011965141460771838
UBL3	0.5586249999999993	0.0059916339831106455	0.011965141460771838
MIR3654	-0.4048499999999997	0.0059916339831106455	0.011965141460771838
ZNF570	-0.32514999999999983	0.0059916339831106455	0.011965141460771838
OLA1	0.4537500000000012	0.0059916339831106455	0.011965141460771838
ZNF493	-0.5608850000000007	0.0059916339831106455	0.011965141460771838
GRHL1	1.235265	0.0059916339831106455	0.011965141460771838
LOC652276	-0.1651000000000007	0.0059916339831106455	0.011965141460771838
FAM46A	-0.6299650000000003	0.0059916339831106455	0.011965141460771838
ABHD17A	0.5444800000000001	0.0059916339831106455	0.011965141460771838
WDR73	0.421854999999999	0.0059916339831106455	0.011965141460771838
FN3KRP	0.6542300000000001	0.006133617044638447	0.012220110676668889
HP	-0.39695500000000017	0.006133617044638447	0.012220110676668889
REEP5	-0.6097999999999999	0.006133617044638447	0.012220110676668889
LOC148413	-0.4198649999999997	0.006133617044638447	0.012220110676668889
RAI2	-2.3797950000000005	0.006133617044638447	0.012220110676668889
H1FX	0.42811499999999825	0.006133617044638447	0.012220110676668889
IFI27	1.3352000000000004	0.006133617044638447	0.012220110676668889
DPY19L3	0.5513200000000005	0.006133617044638447	0.012220110676668889
LYAR	0.5288650000000006	0.006133617044638447	0.012220110676668889
LOC340085	-0.1828000000000003	0.006133562298714097	0.012220110676668889
FAM134B	-0.8452699999999993	0.006133617044638447	0.012220110676668889
AFAP1	-0.1532849999999999	0.006133617044638447	0.012220110676668889
KATNAL1	-0.9578800000000003	0.006133617044638447	0.012220110676668889
LEPROT	-0.6277999999999988	0.006133562298714097	0.012220110676668889
ERCC8	-0.07705000000000028	0.006133617044638447	0.012220110676668889
GZMA	2.277145	0.006133617044638447	0.012220110676668889
BRPF1	-0.29422499999999996	0.006133562298714097	0.012220110676668889
SLC6A4	-0.27898000000000023	0.006278623074448154	0.012471367020535643
ZNF518B	0.8577199999999996	0.006278623074448154	0.012471367020535643
MRPL21	0.5419350000000014	0.006278623074448154	0.012471367020535643
CHN2	-0.19651499999999977	0.006278623074448154	0.012471367020535643
NSMCE4A	-0.3913800000000016	0.006278623074448154	0.012471367020535643
IMPACT	-0.4350150000000008	0.006278623074448154	0.012471367020535643
IKZF5	-0.41414499999999954	0.006278567321400591	0.012471367020535643
TYK2	0.4440200000000001	0.006278623074448154	0.012471367020535643
USP43	-0.15519000000000016	0.006278623074448154	0.012471367020535643
SIMC1	0.836945	0.006278623074448154	0.012471367020535643
ESYT2	-0.5926999999999989	0.006278567321400591	0.012471367020535643
TRAPPC2	0.4717349999999989	0.006278623074448154	0.012471367020535643
LINC00673	0.36000999999999994	0.006278623074448154	0.012471367020535643
PEG3	-2.2979900000000004	0.006278623074448154	0.012471367020535643
RCAN3	1.3393049999999995	0.006278623074448154	0.012471367020535643
LARS	0.29794000000000054	0.006278623074448154	0.012471367020535643
NUAK2	0.3601700000000001	0.006278623074448154	0.012471367020535643
MTO1	0.4524000000000008	0.006278623074448154	0.012471367020535643
TRAF5	0.8678850000000011	0.006278623074448154	0.012471367020535643
LZTS3	-0.7279499999999999	0.006278623074448154	0.012471367020535643
ZNF672	0.6011249999999997	0.006278623074448154	0.012471367020535643
IDE	0.37246999999999986	0.006278623074448154	0.012471367020535643
RAB29	0.5784149999999979	0.006426707683305842	0.01273937332472938
CCDC85C	0.5494149999999998	0.006426707683305842	0.01273937332472938
EXOC7	-0.5345049999999993	0.006426707683305842	0.01273937332472938
GJA9-MYCBP	0.48770000000000024	0.006426707683305842	0.01273937332472938
COMMD4	0.3279500000000013	0.006426707683305842	0.01273937332472938
CBLC	0.7983850000000001	0.006426707683305842	0.01273937332472938
TMEM256-PLSCR3	-0.49702499999999983	0.006426707683305842	0.01273937332472938
EFNA1	0.6721000000000004	0.006426707683305842	0.01273937332472938
ZNF385B	-0.7191300000000007	0.006426707683305842	0.01273937332472938
ACBD6	0.34555500000000006	0.006426707683305842	0.01273937332472938
LINC00470	-0.27990999999999966	0.006426707683305842	0.01273937332472938
TMPRSS2	-1.0786350000000002	0.006426707683305842	0.01273937332472938
FAM26F	1.6362100000000002	0.006426707683305842	0.01273937332472938
SH3D19	-0.9183250000000012	0.006426707683305842	0.01273937332472938
ARHGAP26	-1.020855	0.006426707683305842	0.01273937332472938
HMX1	-0.22407999999999983	0.00650186476395803	0.012886594800354648
HMGXB3	-0.3099499999999997	0.006577927294920686	0.013014258879678229
DCUN1D3	-0.1176200000000005	0.006577869483329178	0.013014258879678229
STAG3L2	-0.7451949999999989	0.006577927294920686	0.013014258879678229
RFK	0.47322499999999934	0.006577927294920686	0.013014258879678229
COX15	0.8638500000000002	0.006577927294920686	0.013014258879678229
PRKD2	-0.5982900000000022	0.006577927294920686	0.013014258879678229
CBL	0.6925049999999997	0.006577927294920686	0.013014258879678229
MAGEA9B	-0.19437000000000015	0.006577927294920686	0.013014258879678229
CASC4	0.4016499999999983	0.006577927294920686	0.013014258879678229
GGA2	-0.7833549999999985	0.006577927294920686	0.013014258879678229
WWC1	-1.2261799999999994	0.006577927294920686	0.013014258879678229
RAB3D	0.7202350000000006	0.006577927294920686	0.013014258879678229
PKN3	-0.9952000000000001	0.006577927294920686	0.013014258879678229
RTP4	2.1242350000000005	0.006732339153070977	0.013279955063963152
MGLL	-1.9292599999999993	0.006732339153070977	0.013279955063963152
PMM1	-0.4502649999999999	0.006732339153070977	0.013279955063963152
RNF182	-0.3095150000000002	0.006732339153070977	0.013279955063963152
CNOT6L	0.4587000000000021	0.006732339153070977	0.013279955063963152
RBBP8NL	-0.25246499999999994	0.006732339153070977	0.013279955063963152
NECTIN2	0.6448350000000005	0.006732339153070977	0.013279955063963152
GABARAP	-0.29905000000000115	0.006732280289801426	0.013279955063963152
GTF3A	0.26860000000000106	0.006732339153070977	0.013279955063963152
FZD2	1.063065	0.006732339153070977	0.013279955063963152
CAB39	0.5034699999999983	0.006732339153070977	0.013279955063963152
STXBP5	-0.4148100000000001	0.006732339153070977	0.013279955063963152
PTPRT	-0.10930499999999999	0.006732339153070977	0.013279955063963152
DHX29	0.4750249999999987	0.006732339153070977	0.013279955063963152
ZNF550	-0.34731500000000004	0.006732339153070977	0.013279955063963152
PTGER2	-0.21390499999999957	0.006732280289801426	0.013279955063963152
ABCA4	-0.13197500000000018	0.006732339153070977	0.013279955063963152
RAB12	-0.29969999999999963	0.006732339153070977	0.013279955063963152
NDUFAF4	0.6408500000000004	0.006732339153070977	0.013279955063963152
AIM2	0.7022699999999995	0.006732339153070977	0.013279955063963152
PDE8B	-1.36097	0.006732339153070977	0.013279955063963152
GUSBP1	0.3219249999999998	0.006732339153070977	0.013279955063963152
YBX2	-0.34538000000000046	0.006890001328685229	0.0135614799803696
PRKAA2	-0.20888000000000062	0.006889881468850906	0.0135614799803696
MBNL2	-0.6139500000000009	0.006890001328685229	0.0135614799803696
OLFML1	-0.9280299999999997	0.006890001328685229	0.0135614799803696
TSC22D4	-0.36463999999999963	0.006890001328685229	0.0135614799803696
MIR452	-4.585455	0.006890001328685229	0.0135614799803696
CHD1L	0.4449000000000005	0.006890001328685229	0.0135614799803696
LYPD3	1.1163949999999998	0.006890001328685229	0.0135614799803696
PDGFRL	-0.7986749999999994	0.006890001328685229	0.0135614799803696
C1orf106	2.6766200000000007	0.006890001328685229	0.0135614799803696
CTSLP8	0.2957399999999999	0.006890001328685229	0.0135614799803696
MINOS1	0.35795000000000066	0.006890001328685229	0.0135614799803696
ARPIN	0.7388599999999999	0.006890001328685229	0.0135614799803696
PAPLN	-1.4069250000000002	0.006890001328685229	0.0135614799803696
MAGEE1	-0.45809000000000033	0.006890001328685229	0.0135614799803696
TRAFD1	0.5175399999999994	0.006890001328685229	0.0135614799803696
IVD	-0.9251249999999995	0.00705097272687508	0.013831450214734557
FXN	0.2971350000000008	0.00705097272687508	0.013831450214734557
FBXL20	-0.986555000000001	0.00705097272687508	0.013831450214734557
TTC39A	1.4913600000000002	0.00705097272687508	0.013831450214734557
ERCC1	-0.42061499999999974	0.00705097272687508	0.013831450214734557
CYP3A4	-0.061520000000000685	0.00705097272687508	0.013831450214734557
FAM160A2	-0.6976300000000002	0.00705097272687508	0.013831450214734557
ANXA1	-1.319250000000002	0.00705097272687508	0.013831450214734557
ZNF330	0.43008500000000005	0.00705097272687508	0.013831450214734557
SNX20	0.691395	0.00705097272687508	0.013831450214734557
ZFYVE16	-0.26359500000000047	0.00705097272687508	0.013831450214734557
LRRC73	0.14132999999999996	0.00705097272687508	0.013831450214734557
ING1	0.26765499999999953	0.00705097272687508	0.013831450214734557
HIST1H3F	1.3469049999999996	0.00705097272687508	0.013831450214734557
NCOR2	-0.5516349999999992	0.00705097272687508	0.013831450214734557
FLJ11710	-0.3158399999999997	0.00705097272687508	0.013831450214734557
CXCR2	-0.13634499999999994	0.00705097272687508	0.013831450214734557
SMCR8	-0.4135050000000007	0.00705097272687508	0.013831450214734557
STMN3	-0.8736999999999995	0.00705097272687508	0.013831450214734557
NUDT14	-0.6277550000000005	0.00705097272687508	0.013831450214734557
SHC4	-0.350765	0.00705097272687508	0.013831450214734557
CLPS	-0.17051499999999997	0.00705097272687508	0.013831450214734557
RGP1	-0.43911500000000014	0.00705097272687508	0.013831450214734557
ETNK2	0.5703900000000002	0.00705097272687508	0.013831450214734557
MEPCE	-0.5905299999999993	0.00705097272687508	0.013831450214734557
TMEM79	0.4595849999999997	0.007215313093917093	0.014123301893767896
BFSP1	-0.18472000000000044	0.007215313093917093	0.014123301893767896
MIER3	0.32429499999999933	0.007215313093917093	0.014123301893767896
SPRY4	1.08928	0.007215313093917093	0.014123301893767896
KLHL22	-0.8467850000000006	0.007215313093917093	0.014123301893767896
KATNB1	-0.8087299999999997	0.007215313093917093	0.014123301893767896
ZKSCAN2	-0.45814999999999984	0.007215313093917093	0.014123301893767896
LRBA	0.8156199999999991	0.007215313093917093	0.014123301893767896
THADA	-0.4486749999999997	0.007215313093917093	0.014123301893767896
FAM69A	-1.0711950000000012	0.007215313093917093	0.014123301893767896
ANKRD17	0.22279999999999944	0.007215250984463554	0.014123301893767896
SIPA1L2	1.0623400000000007	0.007215313093917093	0.014123301893767896
RAB11B	0.24182499999999996	0.007215313093917093	0.014123301893767896
SLCO3A1	-0.6666599999999994	0.007215313093917093	0.014123301893767896
RPS15	-0.253899999999998	0.0072151267663977375	0.014123301893767896
CEMP1	-0.48099500000000006	0.007215313093917093	0.014123301893767896
HLA-C	0.5656000000000017	0.007298702879239354	0.014284604206511306
KLHL2	-0.5248499999999989	0.00738308302418008	0.014410904795314938
TEX14	-0.03904000000000041	0.00738308302418008	0.014410904795314938
SCARA3	-0.5691249999999997	0.00738308302418008	0.014410904795314938
CCDC88C	1.2784149999999999	0.00738308302418008	0.014410904795314938
GLB1L	-0.781909999999999	0.00738308302418008	0.014410904795314938
ZFP37	-0.34206499999999984	0.00738308302418008	0.014410904795314938
LY9	-1.0184499999999996	0.00738308302418008	0.014410904795314938
LOC101928524	-1.1766899999999998	0.00738308302418008	0.014410904795314938
FMO1	-1.9037950000000006	0.00738308302418008	0.014410904795314938
LOC101927451	1.149115	0.00738308302418008	0.014410904795314938
TSPY26P	-0.45152000000000037	0.00738308302418008	0.014410904795314938
KREMEN2	0.16306999999999983	0.00738308302418008	0.014410904795314938
STOML1	-0.29855499999999946	0.00738308302418008	0.014410904795314938
BMP2	-0.09954499999999955	0.007383019801863785	0.014410904795314938
CBR3	-0.955965	0.00738308302418008	0.014410904795314938
AZGP1	-1.2984000000000009	0.00738308302418008	0.014410904795314938
ZBTB37	0.8921850000000004	0.00738308302418008	0.014410904795314938
MOCS3	0.24702000000000002	0.00738308302418008	0.014410904795314938
ZBED6CL	0.40543499999999977	0.00738308302418008	0.014410904795314938
ATP8B2	1.3870799999999992	0.00738308302418008	0.014410904795314938
REEP1	3.061285	0.007554343966994965	0.014717491694217988
CASP2	0.24308499999999889	0.007554343966994965	0.014717491694217988
CLEC4A	0.8823400000000001	0.007554343966994965	0.014717491694217988
SRR	-0.8428849999999999	0.007554343966994965	0.014717491694217988
PRPSAP1	0.2818500000000004	0.007554343966994965	0.014717491694217988
ECHS1	-0.37100000000000044	0.007554343966994965	0.014717491694217988
KLHL35	0.1309800000000001	0.007554343966994965	0.014717491694217988
SLC16A6	1.9359799999999998	0.007554343966994965	0.014717491694217988
NAV1	-0.8617900000000009	0.007554343966994965	0.014717491694217988
CFB	1.9714550000000006	0.007554343966994965	0.014717491694217988
LPCAT1	0.5950150000000001	0.007554343966994965	0.014717491694217988
DCAF5	0.4918049999999994	0.007554343966994965	0.014717491694217988
STC1	2.8013200000000005	0.007554343966994965	0.014717491694217988
SEPT5-GP1BB	-0.4729049999999999	0.007554343966994965	0.014717491694217988
RPL23A	-0.25375000000000014	0.007641173164942724	0.014884656834513513
AP3S1	0.3833000000000002	0.007729158233463702	0.014991697057080257
SPECC1L-ADORA2A	0.38354	0.007729158233463702	0.014991697057080257
JMJD7	-0.35041499999999903	0.007729158233463702	0.014991697057080257
TMEM117	-0.5564049999999989	0.007729158233463702	0.014991697057080257
ILDR1	0.6137200000000003	0.007729158233463702	0.014991697057080257
BAK1	0.5356399999999999	0.007729158233463702	0.014991697057080257
NPC1	0.4315850000000001	0.007729158233463702	0.014991697057080257
BEX5	-1.8705600000000002	0.007729158233463702	0.014991697057080257
DSCC1	0.8712049999999998	0.007729158233463702	0.014991697057080257
SDSL	0.47128000000000014	0.007729158233463702	0.014991697057080257
ULK1	0.5634100000000002	0.007729158233463702	0.014991697057080257
GPATCH4	0.5336400000000001	0.007729158233463702	0.014991697057080257
EVI5	-0.3600549999999991	0.007729158233463702	0.014991697057080257
TEAD2	1.1183550000000002	0.007729158233463702	0.014991697057080257
MIR1306	-0.3763500000000004	0.007729158233463702	0.014991697057080257
CRB3	0.4363600000000005	0.007729158233463702	0.014991697057080257
STC2	-2.309590000000001	0.007729158233463702	0.014991697057080257
PLEK	0.9945149999999998	0.007729158233463702	0.014991697057080257
TSPYL4	0.6509	0.007729158233463702	0.014991697057080257
MAP3K6	-0.7811449999999995	0.007729158233463702	0.014991697057080257
SYNJ2	1.0183000000000009	0.007729158233463702	0.014991697057080257
COMMD7	0.3266700000000018	0.007729158233463702	0.014991697057080257
RALGPS1	1.2378599999999995	0.0077290927384782646	0.014991697057080257
STAG1	-0.31275999999999904	0.007729158233463702	0.014991697057080257
SDHAP3	-0.3850199999999999	0.007729158233463702	0.014991697057080257
KIAA1524	-0.4773350000000005	0.007729158233463702	0.014991697057080257
LOC102724229	-0.8907950000000007	0.007729158233463702	0.014991697057080257
DISP1	-0.5822399999999996	0.007729158233463702	0.014991697057080257
FBP1	2.2	0.007729158233463702	0.014991697057080257
TEAD4	0.30941999999999936	0.007729158233463702	0.014991697057080257
RCN3	0.6748899999999995	0.007729158233463702	0.014991697057080257
LINC00839	-0.10031499999999971	0.007729158233463702	0.014991697057080257
CHD2	-0.46512500000000045	0.007907589003204171	0.015315285076624564
PDCD7	0.25837999999999894	0.007907589003204171	0.015315285076624564
TSPAN10	-0.7124050000000004	0.007907589003204171	0.015315285076624564
FAM84A	-1.2261300000000004	0.007907589003204171	0.015315285076624564
MIR7109	-0.5580999999999996	0.007907589003204171	0.015315285076624564
RFXANK	0.4116749999999989	0.007907589003204171	0.015315285076624564
NBPF10	0.28575000000000017	0.007907522348169261	0.015315285076624564
LIN7A	-2.3435650000000003	0.007907589003204171	0.015315285076624564
CEP70	0.6288099999999996	0.007907589003204171	0.015315285076624564
R3HDM2	-0.2935300000000005	0.007907589003204171	0.015315285076624564
MIR6836	0.5425449999999996	0.007907589003204171	0.015315285076624564
PPP1R13B	-0.59206	0.008089700331027539	0.015618004281731176
DGAT2	-2.6081950000000003	0.008089700331027539	0.015618004281731176
YAF2	0.3205650000000002	0.008089700331027539	0.015618004281731176
DRC3	-0.31681999999999944	0.008089700331027539	0.015618004281731176
IRAK3	-0.18054999999999977	0.008089700331027539	0.015618004281731176
ACSS3	-1.863155	0.008089700331027539	0.015618004281731176
CCNB1IP1	-0.5720349999999996	0.008089700331027539	0.015618004281731176
C11orf74	-0.2384050000000002	0.008089700331027539	0.015618004281731176
AKAP11	0.7524599999999992	0.008089700331027539	0.015618004281731176
KIAA0895	0.6762550000000003	0.008089700331027539	0.015618004281731176
FOXJ1	-0.36336000000000057	0.008089632499973236	0.015618004281731176
ZNF658	-0.9469399999999997	0.008089700331027539	0.015618004281731176
TRADD	-0.46821499999999894	0.008089700331027539	0.015618004281731176
FOXC1	-4.19458	0.008089700331027539	0.015618004281731176
RASSF3	0.5341249999999995	0.008089700331027539	0.015618004281731176
CITED4	-1.0201250000000002	0.008089700331027539	0.015618004281731176
ACSS1	-1.08995	0.008089700331027539	0.015618004281731176
CADM1	0.5673449999999995	0.008089700331027539	0.015618004281731176
WDR5	0.30961000000000016	0.008089700331027539	0.015618004281731176
TULP3	0.42147499999999916	0.008089700331027539	0.015618004281731176
HEY2	-1.8536549999999998	0.008089700331027539	0.015618004281731176
IGKV1OR2-118	1.7341699999999989	0.008089700331027539	0.015618004281731176
FAAP100	-0.20533	0.008089700331027539	0.015618004281731176
ZDHHC5	0.20135500000000128	0.008089700331027539	0.015618004281731176
FKBP1B	-1.6620999999999997	0.008275557153544718	0.01593656557270606
PPIEL	-0.6332149999999999	0.008275557153544718	0.01593656557270606
RETSAT	-0.6042900000000007	0.008275557153544718	0.01593656557270606
NFX1	-0.24425500000000078	0.008275557153544718	0.01593656557270606
THY1	0.6545500000000004	0.008275557153544718	0.01593656557270606
PYGB	-0.5167950000000001	0.008275557153544718	0.01593656557270606
EML3	-0.7181299999999995	0.008275557153544718	0.01593656557270606
FXYD5	0.8073949999999996	0.008275557153544718	0.01593656557270606
ODF2L	0.8436349999999999	0.008275557153544718	0.01593656557270606
ATP10D	0.5993750000000002	0.008275557153544718	0.01593656557270606
RASSF10	-1.6202449999999997	0.008275557153544718	0.01593656557270606
CX3CR1	-1.5689400000000004	0.008275557153544718	0.01593656557270606
BHMT2	-1.0361100000000003	0.008275557153544718	0.01593656557270606
SERTAD4-AS1	-0.4742249999999997	0.008275557153544718	0.01593656557270606
LINC00964	-0.18491500000000016	0.008275557153544718	0.01593656557270606
N6AMT1	0.404795	0.008275557153544718	0.01593656557270606
DNAJC14	0.45425000000000004	0.008275557153544718	0.01593656557270606
RHBG	-0.2748000000000004	0.008275557153544718	0.01593656557270606
C5orf46	1.5330149999999998	0.008275557153544718	0.01593656557270606
PMP22	-0.7046500000000009	0.0083698410354453	0.016115994632290728
SOS1	-0.3661800000000017	0.008465225295698637	0.016262997981761555
CDC42BPB	-0.5684800000000001	0.008465225295698637	0.016262997981761555
CD81	-0.5846499999999999	0.008465084833045002	0.016262997981761555
ELAC2	-0.33925999999999945	0.008465225295698637	0.016262997981761555
SCP2	0.42575000000000074	0.008465155064224041	0.016262997981761555
CCDC115	0.5240149999999995	0.008465155064224041	0.016262997981761555
STX11	-0.08856499999999956	0.008465225295698637	0.016262997981761555
RBM25	0.3312350000000013	0.008465225295698637	0.016262997981761555
TRIM38	-0.44630499999999884	0.008465225295698637	0.016262997981761555
BRCC3	0.4340049999999991	0.008465225295698637	0.016262997981761555
MID2	-0.7521400000000007	0.008465225295698637	0.016262997981761555
UCHL1	2.1746250000000003	0.008465225295698637	0.016262997981761555
RABGAP1L	0.5551250000000003	0.008465225295698637	0.016262997981761555
FCHSD2	0.9008199999999995	0.008465225295698637	0.016262997981761555
NCDN	0.1992750000000001	0.008465225295698637	0.016262997981761555
LXN	0.5504899999999999	0.008465225295698637	0.016262997981761555
WWOX	-0.9209699999999996	0.008465225295698637	0.016262997981761555
DDIT3	-0.6738299999999997	0.008658771477218581	0.01660188531715979
KCTD7	-0.5554500000000004	0.008658771477218581	0.01660188531715979
KCTD9	-0.7349399999999999	0.008658771477218581	0.01660188531715979
MEIS1	-0.779275000000001	0.008658771477218581	0.01660188531715979
MMAA	-0.6561300000000001	0.008658771477218581	0.01660188531715979
WFS1	-0.9515050000000009	0.008658771477218581	0.01660188531715979
RB1	0.6013900000000003	0.008658700021110757	0.01660188531715979
SMPDL3A	0.5122350000000004	0.008658771477218581	0.01660188531715979
ANAPC11	0.38149999999999906	0.008658700021110757	0.01660188531715979
RGPD2	-0.7496749999999999	0.008658771477218581	0.01660188531715979
RPL22L1	0.3998000000000008	0.008658700021110757	0.01660188531715979
LARP7	0.507415	0.008658771477218581	0.01660188531715979
PDHB	0.30720999999999954	0.008658700021110757	0.01660188531715979
ST14	0.39753999999999934	0.008658771477218581	0.01660188531715979
TMEM182	-0.24388000000000032	0.008658771477218581	0.01660188531715979
MBNL1-AS1	-0.9645450000000002	0.008856263318993387	0.016929137280297744
CD47	0.5607500000000005	0.008856190621817894	0.016929137280297744
SETD1A	-0.4298799999999998	0.008856263318993387	0.016929137280297744
RABEP1	0.7950050000000006	0.008856263318993387	0.016929137280297744
ZNF512B	0.38681500000000035	0.008856263318993387	0.016929137280297744
GPAT2	-0.42259	0.008856263318993387	0.016929137280297744
RMND5A	0.7296650000000007	0.008856263318993387	0.016929137280297744
SPSB1	1.2362649999999995	0.008856263318993387	0.016929137280297744
RRAS2	-0.5064099999999989	0.008856263318993387	0.016929137280297744
DCAF1	0.29176999999999964	0.008856263318993387	0.016929137280297744
RBM20	-0.19271499999999975	0.008856263318993387	0.016929137280297744
TIMP3	-0.669299999999998	0.008856263318993387	0.016929137280297744
S100A9	2.6128100000000005	0.008856263318993387	0.016929137280297744
NRP1	1.2885649999999993	0.008856263318993387	0.016929137280297744
CSF1	-0.35996499999999987	0.008856263318993387	0.016929137280297744
ISCU	-0.3855500000000003	0.008856263318993387	0.016929137280297744
CDON	-1.6993999999999998	0.008856190621817894	0.016929137280297744
PRR7	0.1835850000000001	0.008856263318993387	0.016929137280297744
U2AF1	0.6309400000000007	0.008856190621817894	0.016929137280297744
ZNF468	0.3689399999999985	0.008856263318993387	0.016929137280297744
PCDH17	0.5502849999999997	0.008856263318993387	0.016929137280297744
CD99P1	0.6782999999999992	0.008856263318993387	0.016929137280297744
RPS3	-0.30600000000000094	0.008856190621817894	0.016929137280297744
TLR7	0.60147	0.009057769349359621	0.017268862608822426
SUPT3H	-0.35231499999999993	0.009057769349359621	0.017268862608822426
CSNK1G2	-0.17376500000000128	0.009057769349359621	0.017268862608822426
PWP2	0.34956999999999994	0.009057769349359621	0.017268862608822426
NIPSNAP1	0.5063499999999994	0.009057769349359621	0.017268862608822426
SELP	-0.10375000000000001	0.009057695394569763	0.017268862608822426
ADAM10	0.48751999999999995	0.009057769349359621	0.017268862608822426
PARP10	-0.7059800000000003	0.009057769349359621	0.017268862608822426
FBXO46	0.2658650000000007	0.009057695394569763	0.017268862608822426
BANP	-0.42672499999999935	0.009057695394569763	0.017268862608822426
HLA-F	0.6843000000000004	0.009057695394569763	0.017268862608822426
PIAS1	0.30162000000000155	0.009057769349359621	0.017268862608822426
CCR1	0.7055800000000003	0.009057769349359621	0.017268862608822426
PLTP	-0.8044100000000007	0.009057769349359621	0.017268862608822426
PRKD3	0.7906199999999988	0.009057769349359621	0.017268862608822426
EEF2KMT	-0.2694599999999996	0.009057769349359621	0.017268862608822426
ANHX	-0.16752500000000037	0.009057769349359621	0.017268862608822426
PRR15	3.3086200000000003	0.009057769349359621	0.017268862608822426
PCDHGA8	-0.3407499999999999	0.009057769349359621	0.017268862608822426
USP37	0.2053250000000002	0.009057769349359621	0.017268862608822426
PPIH	0.4915049999999992	0.009263359010301342	0.01762380447367956
BST2	1.15362	0.009263359010301342	0.01762380447367956
DHFR	0.8323649999999994	0.009263359010301342	0.01762380447367956
UBXN11	-0.7909649999999999	0.009263359010301342	0.01762380447367956
DGCR6L	-0.4506250000000005	0.009263359010301342	0.01762380447367956
ITGB4	-0.8026599999999995	0.009263359010301342	0.01762380447367956
SRGAP1	0.43740500000000004	0.009263283781239796	0.01762380447367956
GPX7	1.6066349999999998	0.009263359010301342	0.01762380447367956
KDM4C	0.3643850000000004	0.009263359010301342	0.01762380447367956
SLC29A3	0.37490999999999985	0.009263359010301342	0.01762380447367956
FASTKD1	0.4205799999999993	0.009263359010301342	0.01762380447367956
KHSRP	-0.26374999999999815	0.009263359010301342	0.01762380447367956
SPOUT1	0.5821749999999994	0.009263359010301342	0.01762380447367956
FAM129B	0.4519599999999997	0.009263359010301342	0.01762380447367956
OSGEP	0.45140000000000047	0.009263359010301342	0.01762380447367956
ERAL1	0.34456499999999934	0.009263359010301342	0.01762380447367956
LRPAP1	-0.3378099999999993	0.009473102663557746	0.017964011083858134
CCDC84	-0.9320649999999997	0.009473102663557746	0.017964011083858134
GRHPR	-0.3414199999999994	0.009473102663557746	0.017964011083858134
HLA-A	0.5670999999999999	0.009473102663557746	0.017964011083858134
SHC1	-0.29654999999999987	0.009473026143458296	0.017964011083858134
LHX8	-0.33929500000000035	0.009473102663557746	0.017964011083858134
SETD9	1.2854350000000005	0.009473026143458296	0.017964011083858134
ENPP1	1.8020450000000006	0.009473102663557746	0.017964011083858134
FURIN	-0.36202000000000023	0.009473102663557746	0.017964011083858134
CD209	-0.5636050000000004	0.009473102663557746	0.017964011083858134
ADD3	-0.8392	0.009473102663557746	0.017964011083858134
MYO5C	0.9001399999999986	0.009473102663557746	0.017964011083858134
TMEM63C	0.3672899999999997	0.009473102663557746	0.017964011083858134
MFSD8	0.34750499999999995	0.009473102663557746	0.017964011083858134
SPOCK1	1.3697949999999999	0.009473102663557746	0.017964011083858134
C14orf166	0.16979999999999862	0.009473026143458296	0.017964011083858134
DGKE	-1.0667400000000002	0.009473102663557746	0.017964011083858134
ABCA2	-0.3522099999999999	0.009473102663557746	0.017964011083858134
CTPS2	0.479210000000001	0.009473102663557746	0.017964011083858134
CCR7	0.2687900000000003	0.009473102663557746	0.017964011083858134
KIAA0040	0.6658199999999992	0.009473102663557746	0.017964011083858134
SMARCB1	0.34499499999999994	0.009473102663557746	0.017964011083858134
S1PR4	-0.3830499999999999	0.009473026143458296	0.017964011083858134
NEO1	-0.8663800000000004	0.009473102663557746	0.017964011083858134
BAP1	-0.25221499999999963	0.009473102663557746	0.017964011083858134
IGSF8	0.50007	0.009687071596634907	0.018324300342103965
LOC100996693	-0.8070100000000009	0.009687071596634907	0.018324300342103965
ATP1A1	0.8549000000000007	0.009687071596634907	0.018324300342103965
C2CD2L	0.6306750000000001	0.009687071596634907	0.018324300342103965
ADARB1	-0.9459499999999998	0.009687071596634907	0.018324300342103965
MRPS27	-0.4459350000000004	0.009687071596634907	0.018324300342103965
DOK3	0.24636000000000013	0.009687071596634907	0.018324300342103965
IFI16	0.7230699999999999	0.009687071596634907	0.018324300342103965
LNPK	0.6340999999999992	0.009687071596634907	0.018324300342103965
TRIM47	0.6474800000000007	0.009687071596634907	0.018324300342103965
IGSF22	-0.3947249999999993	0.009686915940921121	0.018324300342103965
IFT81	0.6708749999999997	0.009687071596634907	0.018324300342103965
EGLN3	1.14594	0.009687071596634907	0.018324300342103965
SLC6A10PB	0.6065250000000004	0.009687071596634907	0.018324300342103965
MEGF10	-2.5337450000000006	0.009687071596634907	0.018324300342103965
TMEM109	0.5798750000000004	0.009687071596634907	0.018324300342103965
CEBPA	-0.8212150000000005	0.009687071596634907	0.018324300342103965
UQCRHL	0.48739999999999917	0.009687071596634907	0.018324300342103965
IRX4	-0.5577850000000002	0.009687071596634907	0.018324300342103965
HIGD1A	0.38615000000000066	0.009795427610993675	0.01852685592170489
IFIT2	1.14222	0.009905338028718078	0.018705503101826258
TCN2	-0.4939750000000007	0.009905258875817755	0.018705503101826258
ZNF552	-0.15631499999999932	0.009905338028718078	0.018705503101826258
ARSJ	-0.2699349999999998	0.009905338028718078	0.018705503101826258
PHF14	0.5853750000000009	0.009905338028718078	0.018705503101826258
HAUS7	0.6476850000000001	0.009905338028718078	0.018705503101826258
LYSMD3	0.47788000000000075	0.009905338028718078	0.018705503101826258
IRF8	0.8507599999999993	0.009905338028718078	0.018705503101826258
IMP4	0.4109499999999988	0.009905338028718078	0.018705503101826258
MGP	-0.8704500000000017	0.009905338028718078	0.018705503101826258
PCGF6	0.3260399999999999	0.009905338028718078	0.018705503101826258
ISOC2	0.6915249999999995	0.009905338028718078	0.018705503101826258
HS3ST1	0.48354999999999926	0.010127975116480517	0.019083749142536664
SLC29A2	0.48682000000000025	0.010127975116480517	0.019083749142536664
TARSL2	-0.4759550000000008	0.010127975116480517	0.019083749142536664
C9orf78	0.25679999999999925	0.010127975116480517	0.019083749142536664
NDUFAF1	0.5892100000000005	0.010127975116480517	0.019083749142536664
BSDC1	-0.48961000000000077	0.010127894621608747	0.019083749142536664
NMNAT3	-0.9683349999999997	0.010127894621608747	0.019083749142536664
CA2	0.9708849999999991	0.010127975116480517	0.019083749142536664
CMSS1	0.7016400000000012	0.010127975116480517	0.019083749142536664
SYNJ2BP-COX16	0.6215200000000003	0.010127975116480517	0.019083749142536664
ZNF823	0.5176000000000007	0.010127975116480517	0.019083749142536664
SFXN4	0.35690500000000025	0.010127975116480517	0.019083749142536664
FANCG	0.41117000000000026	0.010127975116480517	0.019083749142536664
TRMT1L	-0.5614699999999999	0.010127975116480517	0.019083749142536664
TMBIM6	0.28415000000000035	0.010127975116480517	0.019083749142536664
CLDN15	-0.33781000000000017	0.010127975116480517	0.019083749142536664
HEXDC	-1.2960699999999994	0.010127975116480517	0.019083749142536664
DENND4C	0.5269000000000013	0.010240874603156792	0.019293977813575888
TMEM176B	0.9950499999999991	0.01035505695978528	0.019453575313066216
MAPT	-2.6751900000000006	0.01035505695978528	0.019453575313066216
COX6B1	0.2140000000000004	0.0103548932520458	0.019453575313066216
LOC102724689	-0.7777599999999998	0.010354975105759043	0.019453575313066216
ZRANB1	-0.33146000000000075	0.01035505695978528	0.019453575313066216
IFT88	-0.7697049999999983	0.01035505695978528	0.019453575313066216
HMGN5	0.633635	0.01035505695978528	0.019453575313066216
CENPO	0.8312350000000004	0.01035505695978528	0.019453575313066216
FAM83H	0.5535549999999994	0.01035505695978528	0.019453575313066216
TMEM116	0.6408549999999993	0.01035505695978528	0.019453575313066216
SEC16A	0.4248449999999995	0.01035505695978528	0.019453575313066216
NHP2	0.46504999999999974	0.01035505695978528	0.019453575313066216
GPNMB	1.19285	0.010354975105759043	0.019453575313066216
ATM	0.24105500000000113	0.01035505695978528	0.019453575313066216
USP9X	0.25515000000000043	0.010354975105759043	0.019453575313066216
VDAC2	0.5012500000000006	0.01035505695978528	0.019453575313066216
DCAKD	-0.5766500000000008	0.01035505695978528	0.019453575313066216
FAS	0.8824899999999998	0.01035505695978528	0.019453575313066216
MTCH1	-0.3010500000000018	0.01035505695978528	0.019453575313066216
SPARC	0.8104999999999993	0.01035505695978528	0.019453575313066216
TUBA4B	-0.1276299999999999	0.01035505695978528	0.019453575313066216
SMARCC1	0.3098200000000002	0.01035505695978528	0.019453575313066216
SLIRP	0.30630000000000024	0.010586575376813056	0.01984503114687768
CMAHP	2.0014250000000002	0.010586658607275952	0.01984503114687768
BTC	-0.16107499999999986	0.010586658607275952	0.01984503114687768
GNAZ	-0.51742	0.010586658607275952	0.01984503114687768
LINC01410	-1.7391300000000003	0.010586658607275952	0.01984503114687768
MIR6773	0.3589950000000002	0.010586658607275952	0.01984503114687768
MRAP2	-0.253935	0.010586658607275952	0.01984503114687768
ULK3	0.4587900000000005	0.010586575376813056	0.01984503114687768
FAM26E	-0.9374550000000004	0.010586658607275952	0.01984503114687768
BNIP3L	-0.6740999999999993	0.010586492146664895	0.01984503114687768
TARDBP	0.21284999999999954	0.010586658607275952	0.01984503114687768
ALKBH3	-0.6167399999999992	0.010586658607275952	0.01984503114687768
MPDZ	-0.358509999999999	0.010586658607275952	0.01984503114687768
SLC25A18	-0.17780499999999977	0.010586658607275952	0.01984503114687768
DENND3	-0.44369499999999995	0.010586658607275952	0.01984503114687768
SPRYD3	-0.3828050000000003	0.010586658607275952	0.01984503114687768
FAM171A1	-1.715770000000001	0.010586658607275952	0.01984503114687768
ODAM	-0.13648999999999978	0.010822856061852543	0.020225133924877445
CHURC1-FNTB	0.5114250000000009	0.010822856061852543	0.020225133924877445
LAIR1	1.504385	0.010822856061852543	0.020225133924877445
CREBL2	-0.5935000000000006	0.010822771437573753	0.020225133924877445
KDM5A	0.37122999999999884	0.010822856061852543	0.020225133924877445
ZNF649	0.3944700000000001	0.010822856061852543	0.020225133924877445
TOR1AIP1	0.506260000000001	0.010822856061852543	0.020225133924877445
CYP4Z2P	2.0773650000000004	0.010822856061852543	0.020225133924877445
ADAMTS12	1.1605499999999989	0.010822856061852543	0.020225133924877445
LOC101928837	-0.7080199999999999	0.010822856061852543	0.020225133924877445
TRMU	-0.4374399999999996	0.010822856061852543	0.020225133924877445
DUSP3	-0.5006000000000004	0.010822856061852543	0.020225133924877445
C14orf37	-0.26285999999999987	0.010822856061852543	0.020225133924877445
MT1E	-0.8257449999999995	0.010822856061852543	0.020225133924877445
DHRS2	0.2655099999999999	0.010822856061852543	0.020225133924877445
LOC101928076	0.16922499999999996	0.010822856061852543	0.020225133924877445
MPZL1	0.4852049999999988	0.010822856061852543	0.020225133924877445
PSMB8-AS1	1.4999449999999994	0.010822856061852543	0.020225133924877445
RHOF	0.23542500000000022	0.010822856061852543	0.020225133924877445
LRP11	0.6452400000000011	0.010822771437573753	0.020225133924877445
CACNB1	-0.4102199999999998	0.010822856061852543	0.020225133924877445
TIPRL	0.7708150000000007	0.010822856061852543	0.020225133924877445
HFE	-0.06526500000000013	0.010822856061852543	0.020225133924877445
PLXND1	-0.5509799999999991	0.010822856061852543	0.020225133924877445
SYPL1	0.3804999999999996	0.010942616902220958	0.02044630502496819
NLE1	-0.315385	0.011063726286028497	0.020616891200526864
FABP7	-1.3706399999999999	0.011063640250459798	0.020616891200526864
FAM13B	-0.5386450000000007	0.011063726286028497	0.020616891200526864
BUD13	-0.31203500000000073	0.011063726286028497	0.020616891200526864
FNDC3A	0.4582050000000013	0.011063726286028497	0.020616891200526864
DSG1	-0.31530999999999976	0.011063726286028497	0.020616891200526864
NAT10	0.33035499999999995	0.011063726286028497	0.020616891200526864
HOXB-AS1	-1.306565	0.011063726286028497	0.020616891200526864
CEP170B	-0.36734499999999937	0.011063726286028497	0.020616891200526864
PPP1CC	0.32815000000000083	0.011063726286028497	0.020616891200526864
ETF1	0.18442499999999917	0.011063726286028497	0.020616891200526864
SHISA4	-0.36680500000000027	0.011063726286028497	0.020616891200526864
NBR2	-0.10531500000000005	0.011063726286028497	0.020616891200526864
IER3	0.8148700000000009	0.011063726286028497	0.020616891200526864
LGMN	0.8079900000000002	0.011063640250459798	0.020616891200526864
AARS	0.534395	0.011063726286028497	0.020616891200526864
YARS2	0.20692999999999984	0.011063726286028497	0.020616891200526864
ADAMTS15	-3.310885	0.011063726286028497	0.020616891200526864
RSF1	-0.46832000000000207	0.011063726286028497	0.020616891200526864
COMT	0.46828499999999984	0.011063726286028497	0.020616891200526864
MARK4	-0.3883150000000004	0.011063726286028497	0.020616891200526864
SYCE3	-0.23948999999999998	0.011185851253391298	0.020841792648415246
PHYHD1	-2.7444249999999997	0.011309347207165069	0.021031417613324513
ENTPD2	-0.7873749999999999	0.011309347207165069	0.021031417613324513
IL2RB	1.4991199999999996	0.011309347207165069	0.021031417613324513
CPVL	1.3787699999999994	0.011309347207165069	0.021031417613324513
SDHD	0.6068499999999997	0.011309347207165069	0.021031417613324513
NBPF20	0.3280499999999993	0.01130925974273991	0.021031417613324513
PCDHB7	-0.547755	0.011309347207165069	0.021031417613324513
TTYH2	-0.6053600000000001	0.011309347207165069	0.021031417613324513
IPP	0.31900999999999957	0.011309347207165069	0.021031417613324513
KLF8	-1.1054900000000005	0.011309347207165069	0.021031417613324513
NR2C2	0.21912500000000001	0.011309347207165069	0.021031417613324513
WFDC2	-1.9406849999999993	0.011309347207165069	0.021031417613324513
TSNAX	0.39010000000000034	0.011309084814848925	0.021031417613324513
EIF5A2	-0.14982999999999969	0.011309347207165069	0.021031417613324513
LOC145694	-0.04588999999999954	0.01130925974273991	0.021031417613324513
ZNF254	-0.10773999999999972	0.011559797722578771	0.021442250929529814
STRADA	-0.4584450000000011	0.011559797722578771	0.021442250929529814
LOC100288637	0.15089499999999978	0.011559797722578771	0.021442250929529814
TMEM230	0.66005	0.011559797722578771	0.021442250929529814
UBB	0.1717499999999994	0.011559797722578771	0.021442250929529814
SND1	-0.3628499999999999	0.011559797722578771	0.021442250929529814
PUSL1	0.69414	0.011559797722578771	0.021442250929529814
CAPN10	-0.17249000000000025	0.011559797722578771	0.021442250929529814
CDCA7	3.113245	0.011559797722578771	0.021442250929529814
PHLDB3	0.850435	0.011559797722578771	0.021442250929529814
CECR1	0.7393450000000001	0.011559797722578771	0.021442250929529814
TMEM189-UBE2V1	0.20759999999999934	0.011559797722578771	0.021442250929529814
MIR210HG	0.19296500000000005	0.011559797722578771	0.021442250929529814
JPH1	0.9732600000000002	0.011559797722578771	0.021442250929529814
OBSL1	-0.6255999999999986	0.011559797722578771	0.021442250929529814
LINC01304	-0.029609999999999914	0.011559708811640498	0.021442250929529814
ZNF467	0.6874449999999994	0.011559708811640498	0.021442250929529814
INPP5A	-0.28059999999999974	0.011559797722578771	0.021442250929529814
MLIP	1.3987999999999996	0.011559797722578771	0.021442250929529814
MTHFD2L	0.6276800000000007	0.011559797722578771	0.021442250929529814
PAK2	0.31246999999999936	0.011815157704518174	0.021871219908860796
C2orf76	0.8506849999999995	0.011815157704518174	0.021871219908860796
GBE1	-0.6789000000000005	0.011815157704518174	0.021871219908860796
ARAP1	-0.4777199999999997	0.011815157704518174	0.021871219908860796
BORCS6	-0.2122199999999994	0.011815157704518174	0.021871219908860796
HEATR6	0.6001500000000002	0.011815157704518174	0.021871219908860796
RNASEK-C17orf49	0.5134000000000007	0.011815067329322413	0.021871219908860796
MXRA5	1.1190499999999997	0.011815157704518174	0.021871219908860796
SPTY2D1	0.30351000000000106	0.011815157704518174	0.021871219908860796
COX7A2L	0.33205499999999866	0.011815157704518174	0.021871219908860796
C16orf46	-0.5556150000000004	0.011815157704518174	0.021871219908860796
HSPBAP1	0.9673749999999997	0.011815157704518174	0.021871219908860796
SCUBE3	0.9995249999999998	0.011815157704518174	0.021871219908860796
ISLR	-0.9432599999999995	0.011815157704518174	0.021871219908860796
MIR3652	0.17994999999999983	0.011815067329322413	0.021871219908860796
HIRIP3	0.32111499999999893	0.011815157704518174	0.021871219908860796
P2RX7	1.2660149999999994	0.012075508005005762	0.02229631624268197
TBC1D16	-0.6747999999999994	0.012075508005005762	0.02229631624268197
MTIF2	0.27842000000000056	0.012075508005005762	0.02229631624268197
PLEKHA6	-1.4005900000000002	0.012075508005005762	0.02229631624268197
UBA1	0.1913999999999998	0.012075416147722994	0.02229631624268197
HMGB3P1	0.9597800000000003	0.012075508005005762	0.02229631624268197
PARD6A	-0.2766599999999997	0.012075508005005762	0.02229631624268197
ANKRD12	-0.4695499999999999	0.012075508005005762	0.02229631624268197
CD55	1.0918200000000002	0.012075416147722994	0.02229631624268197
SSU72	-0.4101999999999997	0.012075416147722994	0.02229631624268197
MSH3	-0.17549999999999955	0.012075508005005762	0.02229631624268197
LY75	-0.9217850000000007	0.012075508005005762	0.02229631624268197
MOB2	-0.16499500000000022	0.012075508005005762	0.02229631624268197
MED9	-0.1280000000000001	0.012075508005005762	0.02229631624268197
RNF39	-0.23180500000000004	0.012075416147722994	0.02229631624268197
SZT2	-0.25588500000000014	0.012075508005005762	0.02229631624268197
RPIA	0.32155500000000004	0.012075508005005762	0.02229631624268197
CCT4	0.3716000000000008	0.012075508005005762	0.02229631624268197
RAB35	0.28439499999999995	0.012075508005005762	0.02229631624268197
TMEM128	0.8397299999999994	0.012075508005005762	0.02229631624268197
EIF4EBP2	-0.415874999999998	0.012340930460540958	0.022705560895473934
ALKBH8	-0.26589499999999955	0.012340930460540958	0.022705560895473934
CLEC5A	0.2189549999999998	0.012340930460540958	0.022705560895473934
MAGI2-AS3	-0.5565949999999997	0.012340930460540958	0.022705560895473934
PDP1	0.3341700000000003	0.012340930460540958	0.022705560895473934
C12orf57	-0.5169499999999996	0.012340930460540958	0.022705560895473934
GAL	0.30744499999999997	0.012340930460540958	0.022705560895473934
KLHL25	-0.48093000000000075	0.012340930460540958	0.022705560895473934
NOX4	1.8475099999999998	0.012340930460540958	0.022705560895473934
PRKD1	-1.1629649999999998	0.012340930460540958	0.022705560895473934
LOC105371374	-0.0794049999999995	0.012340930460540958	0.022705560895473934
PABPN1	0.6582500000000007	0.012340930460540958	0.022705560895473934
CABIN1	-0.39993499999999926	0.012340930460540958	0.022705560895473934
NRP2	0.942804999999999	0.012340930460540958	0.022705560895473934
C1orf53	0.5738749999999997	0.012340930460540958	0.022705560895473934
METRNL	0.8605099999999997	0.012340930460540958	0.022705560895473934
BMS1P6	0.6385549999999993	0.012340930460540958	0.022705560895473934
TP53INP1	1.0511099999999995	0.012340930460540958	0.022705560895473934
CLTC-IT1	-0.6350999999999996	0.012340930460540958	0.022705560895473934
TMEM243	0.6754849999999983	0.012340930460540958	0.022705560895473934
MVD	0.3770950000000002	0.012340930460540958	0.022705560895473934
FRMD4A	-0.5285099999999989	0.012340930460540958	0.022705560895473934
GNS	-0.35055000000000014	0.012340837103259023	0.022705560895473934
IER5	0.5984800000000003	0.012340930460540958	0.022705560895473934
NPIPB15	-1.60834	0.012340930460540958	0.022705560895473934
SRD5A1	1.4386349999999997	0.012340930460540958	0.022705560895473934
ANXA6	0.8102549999999997	0.012340930460540958	0.022705560895473934
PPCS	0.2734199999999998	0.012340930460540958	0.022705560895473934
CREB3L4	1.0536650000000005	0.012611413021386728	0.02314473874324464
ENPP3	-0.1577949999999999	0.012611413021386728	0.02314473874324464
RAB2B	0.76851	0.012611507896659884	0.02314473874324464
NASP	0.4390800000000006	0.012611507896659884	0.02314473874324464
FRS2	-0.9439650000000004	0.012611507896659884	0.02314473874324464
PML	-0.9889449999999993	0.012611507896659884	0.02314473874324464
CEP78	0.6875799999999996	0.012611507896659884	0.02314473874324464
RNF220	0.26022500000000104	0.012611507896659884	0.02314473874324464
AFDN-AS1	-0.3722000000000003	0.012611507896659884	0.02314473874324464
COL26A1	-0.15268499999999996	0.012611507896659884	0.02314473874324464
MRPS33	0.30244499999999874	0.012611507896659884	0.02314473874324464
TMEM205	0.5340199999999999	0.012611507896659884	0.02314473874324464
MORF4L1	0.32540000000000013	0.012611413021386728	0.02314473874324464
LOC100506730	-0.4586350000000001	0.012611507896659884	0.02314473874324464
COASY	-0.4834750000000003	0.012611507896659884	0.02314473874324464
BAZ2B	-0.5576749999999997	0.012611507896659884	0.02314473874324464
ZFP62	0.4346550000000011	0.012611507896659884	0.02314473874324464
GZMB	1.2068150000000002	0.012611507896659884	0.02314473874324464
UFM1	0.3439999999999994	0.012611507896659884	0.02314473874324464
UBE3D	-0.5488049999999998	0.012611507896659884	0.02314473874324464
TNFRSF25	-1.0230100000000002	0.012887324132348167	0.02357643248298817
GLRX	0.3957449999999998	0.012887324132348167	0.02357643248298817
SDK1	-0.12194000000000038	0.012887324132348167	0.02357643248298817
CEACAM6	1.9677799999999994	0.012887324132348167	0.02357643248298817
ZNF768	-0.448785	0.012887324132348167	0.02357643248298817
HIST1H2AH	0.11482999999999954	0.012887324132348167	0.02357643248298817
NCKAP5L	-0.43961000000000006	0.012887324132348167	0.02357643248298817
NAPB	0.4088000000000003	0.012887324132348167	0.02357643248298817
LTF	-1.9805900000000012	0.012887324132348167	0.02357643248298817
TMEM14B	0.3229500000000005	0.012887324132348167	0.02357643248298817
ZRANB2	-0.31400000000000006	0.01288722772101456	0.02357643248298817
ZNF776	0.37119000000000124	0.012887324132348167	0.02357643248298817
EIF2AK4	0.27039999999999864	0.012887324132348167	0.02357643248298817
HIST1H3D	0.39761000000000024	0.012887324132348167	0.02357643248298817
PWWP2A	0.30930500000000016	0.012887324132348167	0.02357643248298817
THAP7	-0.5600950000000005	0.012887324132348167	0.02357643248298817
ZCCHC11	0.61362	0.012887324132348167	0.02357643248298817
LRRC34	-0.18550000000000022	0.012887324132348167	0.02357643248298817
MMP12	0.29403500000000005	0.012887324132348167	0.02357643248298817
BRAF	0.545914999999999	0.012887324132348167	0.02357643248298817
DHX32	0.25436999999999976	0.012887324132348167	0.02357643248298817
BUD31	0.2336500000000008	0.012887131310009547	0.02357643248298817
LINC00961	-0.4439550000000003	0.012887324132348167	0.02357643248298817
DSC3	-1.259055	0.012887324132348167	0.02357643248298817
NDNF	-0.7427350000000001	0.012887324132348167	0.02357643248298817
PEX11A	-0.5434750000000008	0.013027126079998846	0.023829188176564205
PCYOX1	-0.6293750000000014	0.01316846398430212	0.02403323287420327
WIPI1	0.7835050000000017	0.01316846398430212	0.02403323287420327
SLFN11	1.15998	0.01316846398430212	0.02403323287420327
RSAD1	-0.7114750000000001	0.01316846398430212	0.02403323287420327
LOC729683	-0.25897000000000014	0.01316846398430212	0.02403323287420327
ATAD3C	-0.6771799999999999	0.01316846398430212	0.02403323287420327
WDR59	-0.3996399999999998	0.01316846398430212	0.02403323287420327
PACSIN3	-0.7178249999999995	0.01316846398430212	0.02403323287420327
RAMP3	-1.528905	0.01316846398430212	0.02403323287420327
ZDHHC11	-0.5237200000000009	0.01316846398430212	0.02403323287420327
YTHDC2	0.3385200000000008	0.01316846398430212	0.02403323287420327
FCHSD1	-0.3558349999999999	0.01316846398430212	0.02403323287420327
CIPC	0.37935500000000033	0.01316846398430212	0.02403323287420327
GRWD1	-0.1280000000000001	0.01316846398430212	0.02403323287420327
GAPVD1	-0.28918	0.01316846398430212	0.02403323287420327
RPS27L	-0.34604999999999997	0.01316846398430212	0.02403323287420327
CLEC16A	0.4058999999999999	0.01316846398430212	0.02403323287420327
EPB41	-0.675535	0.01316846398430212	0.02403323287420327
SLU7	-0.3126149999999992	0.013455013271034483	0.02447622481798356
FBXL13	-0.3150799999999996	0.013454913733077698	0.02447622481798356
ZNF767P	-0.42032999999999987	0.013455013271034483	0.02447622481798356
MIR302B	-0.04441499999999987	0.013454913733077698	0.02447622481798356
NOP58	0.23299999999999876	0.013455013271034483	0.02447622481798356
TP53	-0.7558499999999997	0.013455013271034483	0.02447622481798356
ITPKC	-0.3251299999999997	0.013455013271034483	0.02447622481798356
C8orf44	0.6860049999999998	0.013455013271034483	0.02447622481798356
RASD1	-1.1795549999999997	0.013454913733077698	0.02447622481798356
CBR4	-0.4707300000000014	0.013455013271034483	0.02447622481798356
PTH2R	-1.2913800000000002	0.013455013271034483	0.02447622481798356
C11orf31	0.216800000000001	0.013455013271034483	0.02447622481798356
RAD23A	-0.5566150000000007	0.013455013271034483	0.02447622481798356
TRIM52-AS1	-0.18491500000000016	0.013454913733077698	0.02447622481798356
LINC01279	-1.4328100000000008	0.013455013271034483	0.02447622481798356
ZNF806	-1.11578	0.013455013271034483	0.02447622481798356
STXBP2	0.6465299999999994	0.013455013271034483	0.02447622481798356
GCNT1	0.779325	0.013455013271034483	0.02447622481798356
HACD2	0.7799250000000004	0.013455013271034483	0.02447622481798356
CPD	0.5207800000000002	0.013455013271034483	0.02447622481798356
C12orf29	-0.5397949999999998	0.013455013271034483	0.02447622481798356
FKTN	0.7555199999999997	0.013454913733077698	0.02447622481798356
GMDS	0.5534199999999991	0.013455013271034483	0.02447622481798356
ST6GALNAC1	-0.1898749999999998	0.013455013271034483	0.02447622481798356
RNF128	-2.223255	0.013455013271034483	0.02447622481798356
SAFB	-0.37240499999999876	0.013455013271034483	0.02447622481798356
SARM1	-0.4352600000000004	0.013747058816820172	0.024948111489360478
MIR4656	-0.3958149999999989	0.013747058816820172	0.024948111489360478
BBS9	-0.2703199999999999	0.013747058816820172	0.024948111489360478
COL4A3	-0.08748500000000048	0.013747058816820172	0.024948111489360478
PADI2	-2.0477950000000007	0.013747058816820172	0.024948111489360478
LOC102724984	-0.29403500000000093	0.013746957688160723	0.024948111489360478
ERBB3	0.5573999999999995	0.013747058816820172	0.024948111489360478
LOC101929087	0.10289999999999999	0.013747058816820172	0.024948111489360478
LAMTOR1	-0.3877500000000005	0.013747058816820172	0.024948111489360478
COMMD3	0.4585000000000008	0.013747058816820172	0.024948111489360478
COX14	-0.5231450000000013	0.013747058816820172	0.024948111489360478
ADGRA2	-1.0606300000000006	0.013747058816820172	0.024948111489360478
AP5B1	0.3805799999999997	0.013747058816820172	0.024948111489360478
SLC43A3	-0.5054299999999987	0.013747058816820172	0.024948111489360478
TRIM22	0.7334499999999995	0.013747058816820172	0.024948111489360478
PLOD2	1.423824999999999	0.013747058816820172	0.024948111489360478
PAOX	-0.9790099999999997	0.013747058816820172	0.024948111489360478
TMEM108	-0.11102000000000034	0.013747058816820172	0.024948111489360478
CHST12	0.32052499999999995	0.013747058816820172	0.024948111489360478
ACSL1	-1.6216000000000008	0.013895068164503456	0.025213567397840708
SVIL	-0.6460449999999991	0.01404468845547814	0.02541836562194087
AMIGO1	-0.2504200000000001	0.014044585717767006	0.02541836562194087
FZD10	-0.22184999999999988	0.014044585717767006	0.02541836562194087
SEMA4B	0.48397999999999985	0.01404468845547814	0.02541836562194087
HK1	0.2590000000000021	0.014044585717767006	0.02541836562194087
LOC644172	-0.8299900000000004	0.01404468845547814	0.02541836562194087
ENO2	1.4945849999999998	0.01404468845547814	0.02541836562194087
COX18	0.34726999999999997	0.01404468845547814	0.02541836562194087
LMLN	0.7252200000000002	0.01404468845547814	0.02541836562194087
PIM3	0.39295499999999883	0.01404468845547814	0.02541836562194087
DANCR	0.611365000000001	0.01404468845547814	0.02541836562194087
PODN	-0.9849949999999996	0.01404468845547814	0.02541836562194087
RAB11FIP5	-0.32986500000000074	0.01404468845547814	0.02541836562194087
PFKFB4	0.3966799999999999	0.01404468845547814	0.02541836562194087
RIMKLA	-0.2501899999999999	0.01404468845547814	0.02541836562194087
LETM1	-0.30339000000000027	0.01404468845547814	0.02541836562194087
KLK5	-1.8485200000000002	0.01404468845547814	0.02541836562194087
NEK3	-0.6340399999999997	0.01404468845547814	0.02541836562194087
CAP2	0.8892000000000007	0.01404468845547814	0.02541836562194087
NACC1	0.175790000000001	0.014044585717767006	0.02541836562194087
ANKEF1	0.7598000000000011	0.01404468845547814	0.02541836562194087
FOXA1	5.424924999999998	0.014347991033984655	0.02592851241855714
MIR7703	0.6569000000000003	0.014347991033984655	0.02592851241855714
POLD1	0.4627150000000002	0.014347991033984655	0.02592851241855714
SNORA21	-0.3503500000000006	0.014347886668810487	0.02592851241855714
ZNF622	-0.37607500000000016	0.014347991033984655	0.02592851241855714
ATP9B	-0.5250899999999996	0.014347991033984655	0.02592851241855714
CEND1	-0.24977999999999945	0.014347991033984655	0.02592851241855714
CHSY3	0.7222149999999998	0.014347991033984655	0.02592851241855714
MRC1	-1.1417949999999992	0.014347991033984655	0.02592851241855714
VAMP4	-0.41109999999999935	0.014347991033984655	0.02592851241855714
PTGES2	0.48837999999999937	0.014347991033984655	0.02592851241855714
LGALS3BP	0.594949999999999	0.014347991033984655	0.02592851241855714
SKIV2L	-0.32248000000000054	0.01450169253241823	0.026203008455366123
CENPB	0.4213249999999995	0.014657056415914001	0.026440965623838898
NINJ1	0.5685150000000005	0.014657056415914001	0.026440965623838898
KCNQ4	-1.695655	0.014657056415914001	0.026440965623838898
FBXO38	0.21021499999999982	0.014657056415914001	0.026440965623838898
SGTA	-0.3049749999999998	0.014657056415914001	0.026440965623838898
ERCC3	0.46433500000000016	0.014657056415914001	0.026440965623838898
CROT	-1.0328599999999994	0.014657056415914001	0.026440965623838898
KRT24	-0.895035	0.014657056415914001	0.026440965623838898
ZGPAT	-0.4074650000000002	0.014657056415914001	0.026440965623838898
PRPF3	0.35605499999999957	0.014657056415914001	0.026440965623838898
ARHGAP5	0.8574699999999993	0.014657056415914001	0.026440965623838898
TMED7-TICAM2	0.35753000000000057	0.014657056415914001	0.026440965623838898
NFATC2	-0.7368499999999996	0.014657056415914001	0.026440965623838898
LOC101930583	0.4767050000000008	0.01497197548470227	0.02695883794034053
SLMAP	0.2240750000000009	0.01497197548470227	0.02695883794034053
ZNF544	0.3034700000000008	0.01497197548470227	0.02695883794034053
IL17RA	0.38888999999999996	0.01497197548470227	0.02695883794034053
TSPAN6	1.272525	0.01497197548470227	0.02695883794034053
CCS	-0.2504949999999999	0.01497197548470227	0.02695883794034053
CALHM2	-0.5682449999999992	0.01497197548470227	0.02695883794034053
PPP2R2C	0.6263399999999999	0.01497197548470227	0.02695883794034053
GAS5	-0.16608499999999982	0.01497197548470227	0.02695883794034053
NIFK-AS1	-0.43765500000000035	0.01497197548470227	0.02695883794034053
SERPINE2	0.9250399999999992	0.01497197548470227	0.02695883794034053
PCIF1	-0.32205499999999976	0.01497197548470227	0.02695883794034053
CYP26A1	-0.0895649999999999	0.01497197548470227	0.02695883794034053
LMF2	-0.3417999999999992	0.01497197548470227	0.02695883794034053
ETV3	0.2720299999999991	0.01497197548470227	0.02695883794034053
PARP8	0.6032200000000003	0.015131550317611911	0.027242793666298063
PI4KA	0.30710000000000015	0.015292840146729563	0.027454892398418435
THAP5	-0.28836000000000084	0.015292730788123729	0.027454892398418435
VPS8	0.427554999999999	0.015292840146729563	0.027454892398418435
KIAA1324L	-1.1049000000000007	0.015292840146729563	0.027454892398418435
BCAN	-0.038439999999999586	0.015292840146729563	0.027454892398418435
ZNF93	0.5079950000000002	0.015292840146729563	0.027454892398418435
LINC00526	-0.17958000000000007	0.015292840146729563	0.027454892398418435
PXMP4	1.697355	0.015292840146729563	0.027454892398418435
LOC100134317	-0.5855799999999993	0.015292840146729563	0.027454892398418435
SF3B3	0.5846599999999995	0.015292840146729563	0.027454892398418435
RARA	0.9711650000000001	0.015292840146729563	0.027454892398418435
ZNF615	-0.6426999999999996	0.015292840146729563	0.027454892398418435
TTC7A	-0.3390599999999999	0.015292840146729563	0.027454892398418435
GIMAP1-GIMAP5	-1.1363450000000004	0.015292840146729563	0.027454892398418435
KRR1	0.6651199999999999	0.015292840146729563	0.027454892398418435
ZNF670	0.16862499999999958	0.015292840146729563	0.027454892398418435
LRP12	1.2052949999999996	0.015292840146729563	0.027454892398418435
GPRC5B	-1.1987050000000004	0.015292840146729563	0.027454892398418435
RBMX2	-0.3887400000000003	0.015292840146729563	0.027454892398418435
ZNF486	-0.35905500000000057	0.015292840146729563	0.027454892398418435
SLC35D2	-0.6346099999999986	0.015292840146729563	0.027454892398418435
STIM1	-0.5244049999999998	0.015292840146729563	0.027454892398418435
ADAMTS3	-0.10535500000000009	0.015292840146729563	0.027454892398418435
RPS6	-0.2533999999999992	0.015455420869272098	0.027743340156189053
SERPINB3	-0.11580499999999994	0.015619743334216818	0.027962267344612504
PYGO2	0.43478499999999976	0.015619743334216818	0.027962267344612504
ZNF584	-0.22941000000000056	0.015619743334216818	0.027962267344612504
BBS4	0.7652400000000004	0.015619743334216818	0.027962267344612504
IGFLR1	0.4105300000000005	0.015619743334216818	0.027962267344612504
C1QA	0.6681449999999991	0.015619632273944736	0.027962267344612504
POC1A	0.10324500000000003	0.015619743334216818	0.027962267344612504
HEPACAM2	-0.38371999999999984	0.015619632273944736	0.027962267344612504
LOC101929272	-0.12569000000000008	0.015619743334216818	0.027962267344612504
LINC00094	0.9086849999999993	0.015619743334216818	0.027962267344612504
HARS2	0.32823000000000135	0.015619743334216818	0.027962267344612504
MTRF1L	-0.38785999999999987	0.015619743334216818	0.027962267344612504
SLC15A1	-0.15761000000000003	0.015619743334216818	0.027962267344612504
TRIM5	-0.39529499999999995	0.015619743334216818	0.027962267344612504
ZC3H12D	0.5794600000000001	0.015619743334216818	0.027962267344612504
NELFB	-0.3513799999999998	0.015619743334216818	0.027962267344612504
ANKRD40	-0.8447050000000011	0.015619743334216818	0.027962267344612504
MIR6845	-0.829740000000001	0.015619743334216818	0.027962267344612504
ARID2	0.35782500000000006	0.015619743334216818	0.027962267344612504
BMS1P5	0.47426499999999994	0.015619743334216818	0.027962267344612504
NCBP2-AS2	0.28068000000000115	0.015619743334216818	0.027962267344612504
HSD17B8	-0.6255699999999997	0.015619743334216818	0.027962267344612504
CD2	1.4972700000000003	0.01595277900793224	0.02850224615565846
OBP2A	-0.09494000000000025	0.015952666227320656	0.02850224615565846
PCBP2	0.7538500000000017	0.015952666227320656	0.02850224615565846
CNDP2	0.5107000000000017	0.01595277900793224	0.02850224615565846
SUPT6H	-0.8461600000000002	0.01595277900793224	0.02850224615565846
BOD1L1	0.5666349999999998	0.01595277900793224	0.02850224615565846
TAGAP	0.9738249999999997	0.01595277900793224	0.02850224615565846
LOC339988	-0.41229499999999986	0.015952666227320656	0.02850224615565846
PTGS2	-2.917005	0.01595277900793224	0.02850224615565846
ATP5G1	0.39625999999999983	0.01595277900793224	0.02850224615565846
KDM1A	0.3191600000000019	0.015952666227320656	0.02850224615565846
FGFR2	-1.924859999999999	0.01595277900793224	0.02850224615565846
LOC728743	-0.3007900000000001	0.01595277900793224	0.02850224615565846
PRSS33	-0.2675650000000003	0.01595277900793224	0.02850224615565846
DUSP6	-1.0787199999999988	0.01595277900793224	0.02850224615565846
NR6A1	-0.29982499999999934	0.01595277900793224	0.02850224615565846
ZBTB47	-0.8062699999999996	0.01629204215970356	0.029036946028867833
MIR6800	0.5842650000000003	0.01629204215970356	0.029036946028867833
MIR3656	0.37644000000000055	0.01629204215970356	0.029036946028867833
CXCL8	1.7135549999999995	0.01629204215970356	0.029036946028867833
SMIM12	0.3427749999999996	0.01629204215970356	0.029036946028867833
JAML	-0.7094399999999998	0.01629204215970356	0.029036946028867833
AXIN1	0.11146999999999974	0.01629204215970356	0.029036946028867833
NSFL1C	0.3642000000000003	0.01629204215970356	0.029036946028867833
IGFBP7	0.5841999999999992	0.01629192764003727	0.029036946028867833
TAPT1	-0.7477999999999998	0.01629204215970356	0.029036946028867833
SCGB2A2	-7.81579	0.01629204215970356	0.029036946028867833
CDT1	1.1646900000000002	0.01629204215970356	0.029036946028867833
JUND	-0.420399999999999	0.01629204215970356	0.029036946028867833
KANK4	-1.4582800000000002	0.01629204215970356	0.029036946028867833
LAMP5	1.040695	0.01629204215970356	0.029036946028867833
KLHL7	0.563485	0.01629204215970356	0.029036946028867833
LOC103091866	0.9631450000000008	0.01629204215970356	0.029036946028867833
LOC400043	-0.7883450000000005	0.01629192764003727	0.029036946028867833
ANGPTL2	-1.2228049999999993	0.01629204215970356	0.029036946028867833
SLC2A6	0.6995750000000003	0.01629204215970356	0.029036946028867833
CIZ1	-0.41466000000000136	0.01663762881473114	0.029565791195242982
CENPJ	0.5422700000000003	0.01663762881473114	0.029565791195242982
PON3	-2.2808349999999997	0.01663762881473114	0.029565791195242982
RELT	0.29716999999999993	0.01663762881473114	0.029565791195242982
ZBED5	-0.4321950000000001	0.01663762881473114	0.029565791195242982
DBT	-0.15995000000000026	0.016637512537256795	0.029565791195242982
YIPF2	-0.6069200000000006	0.01663762881473114	0.029565791195242982
EMC3	0.8263250000000006	0.01663762881473114	0.029565791195242982
NDUFA9	0.32027499999999876	0.01663762881473114	0.029565791195242982
ZNF343	-0.6307049999999998	0.016637512537256795	0.029565791195242982
SEC23A	0.4945000000000004	0.01663762881473114	0.029565791195242982
APTX	0.5661100000000001	0.01663762881473114	0.029565791195242982
PAFAH1B1	-0.5017300000000002	0.01663762881473114	0.029565791195242982
TTC8	1.0002149999999999	0.01663762881473114	0.029565791195242982
MTIF3	-0.37013499999999944	0.01663762881473114	0.029565791195242982
PGR	-5.779885000000001	0.016637512537256795	0.029565791195242982
PFKP	1.2975949999999994	0.01663762881473114	0.029565791195242982
PLEKHA7	0.29715000000000025	0.01663762881473114	0.029565791195242982
AEBP1	0.9135000000000009	0.01663762881473114	0.029565791195242982
DCAF15	0.5176699999999999	0.01663762881473114	0.029565791195242982
HIKESHI	0.3137249999999998	0.01663762881473114	0.029565791195242982
VPS39	-0.405590000000001	0.01663762881473114	0.029565791195242982
ZNF92	0.4727049999999995	0.01663762881473114	0.029565791195242982
ALMS1-IT1	-0.18485499999999977	0.01663762881473114	0.029565791195242982
C1orf109	0.3532849999999996	0.016812706583505706	0.029869601786844856
LAPTM4A	0.14175000000000004	0.016812706583505706	0.029869601786844856
SMYD5	0.4017900000000001	0.016989636033698127	0.030121290987835943
WSB1	-0.30214999999999925	0.016989517979627854	0.030121290987835943
FAM63B	0.7416200000000011	0.016989636033698127	0.030121290987835943
ACADSB	-2.1818349999999995	0.016989636033698127	0.030121290987835943
ZFHX3	-0.5420850000000002	0.016989636033698127	0.030121290987835943
TMTC2	0.497065000000001	0.016989636033698127	0.030121290987835943
CHCHD3	0.4470899999999993	0.016989636033698127	0.030121290987835943
MAPK10	-1.0704599999999997	0.016989636033698127	0.030121290987835943
DNAJC17	0.522495000000001	0.016989636033698127	0.030121290987835943
PARVB	0.3208999999999991	0.016989636033698127	0.030121290987835943
LOC729680	1.1579049999999995	0.016989636033698127	0.030121290987835943
HERPUD1	0.3497500000000002	0.016989636033698127	0.030121290987835943
LOC100131270	0.16557500000000003	0.016989636033698127	0.030121290987835943
PLPP6	0.6617600000000001	0.016989636033698127	0.030121290987835943
MTAP	0.27766999999999964	0.016989636033698127	0.030121290987835943
MRPL28	0.4404850000000007	0.016989636033698127	0.030121290987835943
AASDHPPT	0.3492499999999996	0.016989517979627854	0.030121290987835943
ASNSD1	0.27414500000000075	0.017348161914672512	0.030659609020916904
COBLL1	-0.7860300000000002	0.017348161914672512	0.030659609020916904
ACAT2	0.5031449999999991	0.017348161914672512	0.030659609020916904
STX18	0.31210999999999967	0.017348161914672512	0.030659609020916904
EFNA5	1.6380399999999993	0.017348161914672512	0.030659609020916904
PHPT1	0.4098500000000005	0.017348161914672512	0.030659609020916904
SRCAP	-0.11479499999999998	0.017348161914672512	0.030659609020916904
PDXK	0.6257300000000008	0.017348161914672512	0.030659609020916904
PCDHB12	-0.2120099999999998	0.017348161914672512	0.030659609020916904
SEC22C	0.4380750000000013	0.017348161914672512	0.030659609020916904
ADIPOR2	0.6730599999999995	0.017348161914672512	0.030659609020916904
NUP43	-0.3795499999999983	0.01734804206518785	0.030659609020916904
PODNL1	-0.5419400000000003	0.017348161914672512	0.030659609020916904
TES	0.5139700000000005	0.017348161914672512	0.030659609020916904
PARP11	-0.5776300000000001	0.017348161914672512	0.030659609020916904
DOHH	-0.42593000000000014	0.017348161914672512	0.030659609020916904
GLUD1	0.4209200000000006	0.017348161914672512	0.030659609020916904
LY6K	-2.323845	0.017348161914672512	0.030659609020916904
WDR34	0.72607	0.01734804206518785	0.030659609020916904
MIER1	0.35257499999999986	0.017348161914672512	0.030659609020916904
PIP5K1C	-0.5550199999999998	0.017348161914672512	0.030659609020916904
SMARCAL1	0.32204500000000014	0.017348161914672512	0.030659609020916904
PRKY	0.5839350000000003	0.017348161914672512	0.030659609020916904
KLHDC7B	1.5791750000000002	0.01734804206518785	0.030659609020916904
SFSWAP	-0.2791549999999994	0.017348161914672512	0.030659609020916904
CACNA1D	1.1868349999999999	0.017348161914672512	0.030659609020916904
IGLJ3	1.3795200000000012	0.017713305594797422	0.031263080195387476
SNORA64	0.1786000000000012	0.017713183931053214	0.031263080195387476
LTBP1	0.513045	0.017713305594797422	0.031263080195387476
CRIM1	-0.701414999999999	0.017713305594797422	0.031263080195387476
C16orf74	-0.41732499999999995	0.017713183931053214	0.031263080195387476
CDC42SE2	0.6735199999999999	0.017713305594797422	0.031263080195387476
FAM98A	0.30496499999999926	0.017713183931053214	0.031263080195387476
PIKFYVE	0.5803650000000005	0.017713305594797422	0.031263080195387476
KHNYN	0.3810600000000006	0.017713305594797422	0.031263080195387476
PLBD1	0.7130549999999989	0.017713305594797422	0.031263080195387476
AKAP1	-0.5237649999999991	0.017713305594797422	0.031263080195387476
TDRD5	0.16112499999999974	0.0178982677964396	0.03158569023452375
CHMP1A	-0.39345499999999944	0.01808516725176455	0.031830420413298366
DENND1C	-0.09468999999999994	0.01808516725176455	0.031830420413298366
GLIS2	1.371855	0.01808516725176455	0.031830420413298366
GIPR	-0.203125	0.01808516725176455	0.031830420413298366
GSTT1	-1.1908100000000008	0.01808516725176455	0.031830420413298366
FIBCD1	-0.4179850000000003	0.01808516725176455	0.031830420413298366
LOC100287852	0.2865099999999998	0.01808516725176455	0.031830420413298366
AGPAT2	-0.7379049999999996	0.01808516725176455	0.031830420413298366
FGGY	-0.49955499999999997	0.01808516725176455	0.031830420413298366
EIF4B	-0.54955	0.01808516725176455	0.031830420413298366
LOC100287015	-0.16597000000000017	0.01808516725176455	0.031830420413298366
SH2B3	0.5465299999999997	0.01808516725176455	0.031830420413298366
CNPY2	0.3114000000000008	0.01808516725176455	0.031830420413298366
IFITM2	0.6946000000000012	0.018085043754892963	0.031830420413298366
LOC102724532	-0.4791800000000004	0.01808516725176455	0.031830420413298366
PAPD7	0.33613999999999855	0.01808516725176455	0.031830420413298366
PPIP5K1	-0.7051999999999996	0.01808516725176455	0.031830420413298366
PTENP1	0.8670049999999989	0.01808516725176455	0.031830420413298366
TAP2	1.245894999999999	0.01808516725176455	0.031830420413298366
CORO1B	0.29422999999999977	0.01808516725176455	0.031830420413298366
GALNT6	1.3846800000000004	0.01808516725176455	0.031830420413298366
SERGEF	-0.5964650000000002	0.01808516725176455	0.031830420413298366
TXNRD2	-0.5405599999999993	0.018463848105066825	0.03239091594367968
MBD6	-0.5894699999999986	0.018463848105066825	0.03239091594367968
RBFA	-0.36008499999999977	0.018463848105066825	0.03239091594367968
TNFSF14	0.11283500000000002	0.018463848105066825	0.03239091594367968
DSG3	-1.62472	0.018463848105066825	0.03239091594367968
SERPINA5	-2.7341100000000003	0.018463848105066825	0.03239091594367968
DPP4	-0.6353050000000002	0.018463848105066825	0.03239091594367968
LAD1	1.1033150000000003	0.018463848105066825	0.03239091594367968
UTP15	0.44918000000000013	0.018463848105066825	0.03239091594367968
AGO1	-0.5903349999999996	0.018463848105066825	0.03239091594367968
FAM72A	1.95697	0.018463848105066825	0.03239091594367968
ZNF226	-0.4802900000000001	0.018463848105066825	0.03239091594367968
WDR37	0.44151000000000007	0.018463848105066825	0.03239091594367968
HOOK3	0.6353800000000014	0.018463848105066825	0.03239091594367968
SMPD3	-0.37560999999999956	0.018463848105066825	0.03239091594367968
RARRES1	1.2143699999999988	0.0184637227561814	0.03239091594367968
FKBP10	0.5943100000000001	0.018463848105066825	0.03239091594367968
PAQR6	0.5344950000000002	0.018463848105066825	0.03239091594367968
KHK	-0.15757499999999958	0.018463848105066825	0.03239091594367968
DKFZP564C152	-0.43734500000000054	0.018463848105066825	0.03239091594367968
LOC440173	-0.3117200000000002	0.018463848105066825	0.03239091594367968
FNIP2	0.392475000000001	0.018463848105066825	0.03239091594367968
ERBB2	0.9329000000000018	0.018463848105066825	0.03239091594367968
TRPM4	0.6726349999999996	0.018463848105066825	0.03239091594367968
LOC339803	0.37834000000000056	0.018463848105066825	0.03239091594367968
NPEPL1	-0.1089500000000001	0.018463848105066825	0.03239091594367968
KCNMB1	-2.30474	0.018463848105066825	0.03239091594367968
A4GALT	-0.06037499999999962	0.01865539880164892	0.032722998115418
MARCH7	0.08024999999999949	0.01884945041702535	0.032947968097742183
TBC1D15	0.44542000000000037	0.01884945041702535	0.032947968097742183
DLL4	-0.10431999999999952	0.018849195977767446	0.032947968097742183
CYHR1	-0.7697000000000003	0.01884945041702535	0.032947968097742183
SLC25A1	1.131615	0.01884945041702535	0.032947968097742183
ADA	0.50129	0.01884945041702535	0.032947968097742183
FCHO2	0.6136949999999999	0.01884945041702535	0.032947968097742183
RMDN3	0.4078949999999999	0.01884945041702535	0.032947968097742183
MYEF2	1.265135	0.01884945041702535	0.032947968097742183
ZNF827	0.27994000000000074	0.01884945041702535	0.032947968097742183
ACTG1P4	-0.41843500000000056	0.01884945041702535	0.032947968097742183
MED19	0.2940699999999996	0.01884945041702535	0.032947968097742183
MMGT1	-0.6144599999999993	0.01884945041702535	0.032947968097742183
BPHL	0.29671499999999984	0.01884945041702535	0.032947968097742183
PTAR1	-0.38516500000000065	0.01884945041702535	0.032947968097742183
IGFBP3	-0.658949999999999	0.01884945041702535	0.032947968097742183
AMOTL2	-0.6813150000000014	0.01884945041702535	0.032947968097742183
PSMD2	0.4539850000000012	0.01884945041702535	0.032947968097742183
EIF5	0.28600000000000136	0.018849195977767446	0.032947968097742183
ROR2	0.24625500000000056	0.01884945041702535	0.032947968097742183
KIAA2026	0.40322999999999887	0.01884945041702535	0.032947968097742183
ZC3H3	0.21816000000000013	0.01884945041702535	0.032947968097742183
PRUNE2	-0.4270649999999998	0.01884945041702535	0.032947968097742183
ZNF473	0.6168750000000003	0.01884945041702535	0.032947968097742183
ABCC10	0.422555	0.01884945041702535	0.032947968097742183
EDC4	-0.27603500000000025	0.01884945041702535	0.032947968097742183
IP6K2	0.5756050000000013	0.01884945041702535	0.032947968097742183
ANKRD13B	-0.3823949999999998	0.01884932319722515	0.032947968097742183
LGR4	-1.10201	0.01884945041702535	0.032947968097742183
CD44	0.3409999999999993	0.019044623037970335	0.03328511442500965
RYK	0.28951499999999974	0.01924207749358653	0.03356154808573908
MAFK	-0.2952300000000001	0.01924207749358653	0.03356154808573908
CHIC1	-0.5018399999999996	0.01924207749358653	0.03356154808573908
UIMC1	0.36768	0.01924207749358653	0.03356154808573908
TRIM2	-1.0634200000000007	0.01924207749358653	0.03356154808573908
CPOX	0.21579499999999996	0.01924207749358653	0.03356154808573908
SLC25A44	0.30702999999999925	0.01924207749358653	0.03356154808573908
COQ3	0.6514349999999993	0.01924207749358653	0.03356154808573908
CD4	0.35226500000000005	0.01924207749358653	0.03356154808573908
AP5S1	-0.11029	0.01924207749358653	0.03356154808573908
AFP	-0.4279299999999999	0.01924207749358653	0.03356154808573908
GANC	-0.19660999999999973	0.01924207749358653	0.03356154808573908
DCN	-0.5299000000000014	0.019241948383960487	0.03356154808573908
IL20RA	-2.5897149999999995	0.01924207749358653	0.03356154808573908
TNPO1	-0.40839999999999854	0.019241948383960487	0.03356154808573908
DPY19L1	0.6227	0.01924207749358653	0.03356154808573908
SMPD1	-0.5719350000000007	0.01924207749358653	0.03356154808573908
KCTD1	0.9229499999999993	0.019440797764288403	0.03390407891593565
LGALS7B	-1.5857150000000004	0.019641833684885014	0.03419718364367584
XRRA1	0.3510399999999998	0.019641702666516145	0.03419718364367584
POMGNT2	-0.3721800000000002	0.019641833684885014	0.03419718364367584
TSTD2	0.36599999999999966	0.019641833684885014	0.03419718364367584
SDF4	0.2905999999999995	0.019641833684885014	0.03419718364367584
RCC1L	0.2177150000000001	0.019641833684885014	0.03419718364367584
UPK3B	-0.12452500000000022	0.019641833684885014	0.03419718364367584
RNF125	-1.1645199999999996	0.019641833684885014	0.03419718364367584
TJP2	0.3975850000000012	0.019641833684885014	0.03419718364367584
ARMC6	-0.19551000000000052	0.019641833684885014	0.03419718364367584
MPG	0.34995500000000046	0.019641833684885014	0.03419718364367584
FAM86DP	1.56516	0.019641833684885014	0.03419718364367584
UXT	-0.22269999999999968	0.019641833684885014	0.03419718364367584
WDR60	-0.5923949999999998	0.019641833684885014	0.03419718364367584
LINC00260	-0.3937400000000002	0.0200488243855675	0.0348181090321946
TBL1XR1	0.20929999999999893	0.0200488243855675	0.0348181090321946
PIK3CD	-0.9637550000000008	0.0200488243855675	0.0348181090321946
MATR3	1.2030750000000001	0.0200488243855675	0.0348181090321946
IDO1	1.7710149999999998	0.0200488243855675	0.0348181090321946
RDX	0.7174400000000016	0.0200488243855675	0.0348181090321946
HIBADH	0.6757800000000014	0.0200488243855675	0.0348181090321946
GSAP	0.4615750000000016	0.0200488243855675	0.0348181090321946
LIPA	0.9164700000000003	0.02004869143953737	0.0348181090321946
C2CD4A	-0.70627	0.02004869143953737	0.0348181090321946
CYTH4	-0.6600600000000005	0.0200488243855675	0.0348181090321946
ZNF688	-0.22977999999999987	0.0200488243855675	0.0348181090321946
RUNX3	-0.969339999999999	0.0200488243855675	0.0348181090321946
DHPS	0.9290799999999999	0.0200488243855675	0.0348181090321946
WRAP53	-0.29703500000000016	0.02004869143953737	0.0348181090321946
EXOC1	0.32131000000000043	0.02004869143953737	0.0348181090321946
NOL6	0.14694999999999947	0.0200488243855675	0.0348181090321946
CENPA	0.19538499999999992	0.0200488243855675	0.0348181090321946
MID1IP1	0.5314350000000001	0.0200488243855675	0.0348181090321946
CHDH	-1.0538849999999993	0.0200488243855675	0.0348181090321946
CORIN	0.1612	0.0200488243855675	0.0348181090321946
SPRR1B	-0.11503999999999959	0.02046315603487363	0.035435958971909716
TMEM59	0.23104999999999976	0.02046315603487363	0.035435958971909716
RPTOR	-0.16574999999999918	0.02046315603487363	0.035435958971909716
HGH1	0.22427999999999937	0.02046315603487363	0.035435958971909716
CTDSP2	-0.5535550000000011	0.02046315603487363	0.035435958971909716
LOC101060581	-0.24004500000000029	0.02046315603487363	0.035435958971909716
IBSP	0.28354999999999997	0.02046315603487363	0.035435958971909716
IRF2BPL	-0.24745000000000061	0.02046315603487363	0.035435958971909716
PODXL2	0.15005500000000005	0.02046315603487363	0.035435958971909716
DYNLL2	-0.40481499999999926	0.02046315603487363	0.035435958971909716
CROCCP2	-0.7935250000000007	0.02046315603487363	0.035435958971909716
PKP2	0.9495200000000006	0.02046315603487363	0.035435958971909716
NBPF26	0.16184999999999938	0.02046302114226676	0.035435958971909716
C12orf65	-0.3854350000000002	0.02046315603487363	0.035435958971909716
IER5L	0.5137549999999997	0.02046315603487363	0.035435958971909716
PLAT	-0.9351500000000001	0.02046315603487363	0.035435958971909716
CA11	-0.37048999999999976	0.02046315603487363	0.035435958971909716
AKAP9	0.4462400000000013	0.02046315603487363	0.035435958971909716
ZNF821	-0.46814	0.02046315603487363	0.035435958971909716
MXD3	-0.32394000000000034	0.02046315603487363	0.035435958971909716
PCDHB3	0.10486499999999976	0.02046315603487363	0.035435958971909716
TOX4	0.22314000000000078	0.02046315603487363	0.035435958971909716
HTR7P1	-0.35812999999999917	0.02046315603487363	0.035435958971909716
RBM27	0.44162999999999997	0.02046315603487363	0.035435958971909716
ATP13A2	0.4335899999999997	0.02088493611646887	0.03610177863151541
NR4A2	1.3497850000000007	0.02088493611646887	0.03610177863151541
MACROD2	-0.4928100000000004	0.02088493611646887	0.03610177863151541
PER2	-0.5479099999999999	0.02088493611646887	0.03610177863151541
PARK7	-0.29824999999999946	0.02088493611646887	0.03610177863151541
LRRFIP2	0.28542499999999915	0.02088493611646887	0.03610177863151541
LRP1	-0.606300000000001	0.02088493611646887	0.03610177863151541
DIXDC1	-0.6437449999999991	0.02088493611646887	0.03610177863151541
C7orf26	-0.18212500000000098	0.02088493611646887	0.03610177863151541
STX2	1.2856199999999998	0.02088493611646887	0.03610177863151541
CLCN4	-0.39391	0.02088493611646887	0.03610177863151541
TUBA1A	-0.5322500000000012	0.02088493611646887	0.03610177863151541
RNF31	0.3210549999999994	0.02088493611646887	0.03610177863151541
RTTN	0.7044449999999998	0.02088493611646887	0.03610177863151541
ZNF513	0.3881699999999997	0.02088493611646887	0.03610177863151541
ATP5J	0.33479999999999954	0.02131427315802565	0.03673897623748944
WDR76	-0.42494999999999994	0.02131427315802565	0.03673897623748944
APOBEC3A_B	0.2034299999999991	0.02131427315802565	0.03673897623748944
MUC6	-0.9110349999999996	0.02131427315802565	0.03673897623748944
CALB2	-1.9817550000000006	0.02131427315802565	0.03673897623748944
MUC20	-1.3611249999999995	0.02131427315802565	0.03673897623748944
SCFD2	-0.24400500000000047	0.02131427315802565	0.03673897623748944
LOC284009	-0.4570149999999984	0.02131427315802565	0.03673897623748944
RPAP1	-0.3828100000000001	0.02131427315802565	0.03673897623748944
AKTIP	0.33121500000000026	0.02131427315802565	0.03673897623748944
TMEM43	0.6218900000000005	0.02131427315802565	0.03673897623748944
RMND5B	0.3626749999999994	0.02131427315802565	0.03673897623748944
NUP88	0.377815	0.02131427315802565	0.03673897623748944
SNX11	-0.16122499999999995	0.02131427315802565	0.03673897623748944
E4F1	-0.2865150000000005	0.02131427315802565	0.03673897623748944
EFTUD2	0.27640500000000046	0.02131427315802565	0.03673897623748944
SGF29	-0.4217449999999996	0.02131427315802565	0.03673897623748944
DIMT1	-0.24105499999999935	0.02131427315802565	0.03673897623748944
INPP4A	0.2601849999999999	0.02131427315802565	0.03673897623748944
RAP1B	0.3608000000000011	0.02131413431555405	0.03673897623748944
SIDT1	2.4741549999999997	0.02131427315802565	0.03673897623748944
TRIM52	-0.3918899999999992	0.02131427315802565	0.03673897623748944
UGGT1	0.19923999999999964	0.02131427315802565	0.03673897623748944
ZNF611	-0.24491500000000066	0.02131427315802565	0.03673897623748944
SCRIB	0.36501499999999965	0.021751276730547647	0.037456663189969513
DENND4A	0.13595999999999986	0.021751276730547647	0.037456663189969513
NAPEPLD	0.36477999999999966	0.021751276730547647	0.037456663189969513
TMEM242	0.5883199999999995	0.021751276730547647	0.037456663189969513
NARFL	-0.48880500000000016	0.021751276730547647	0.037456663189969513
DENND5A	-0.30415999999999954	0.021751276730547647	0.037456663189969513
GTF2IRD2	0.4468799999999984	0.021751276730547647	0.037456663189969513
TTC12	-1.0733799999999993	0.021751276730547647	0.037456663189969513
S100A6	-0.7737999999999996	0.021972546137487364	0.037833212592908644
LINC01139	-0.255995	0.022195914579587212	0.038096105218251734
UXS1	0.2982199999999988	0.022195914579587212	0.038096105218251734
HIST1H3G	0.12527499999999936	0.022195914579587212	0.038096105218251734
ATCAY	-0.026900000000000368	0.022195914579587212	0.038096105218251734
MDN1	0.3852450000000003	0.022196057447433405	0.038096105218251734
PHLDB2	-1.3387700000000002	0.022196057447433405	0.038096105218251734
GRIA2	-0.22375500000000015	0.022196057447433405	0.038096105218251734
PIK3R2	0.30527000000000015	0.022196057447433405	0.038096105218251734
MC1R	0.1923250000000003	0.022196057447433405	0.038096105218251734
NUDT19	0.3272700000000004	0.022195914579587212	0.038096105218251734
EHBP1	-0.7275600000000004	0.022196057447433405	0.038096105218251734
TPSD1	-0.01096499999999967	0.022195771712081987	0.038096105218251734
SLC16A4	-0.44035000000000046	0.022196057447433405	0.038096105218251734
CFI	0.8537249999999994	0.022196057447433405	0.038096105218251734
ZNRF1	0.6415200000000008	0.022196057447433405	0.038096105218251734
EXOC6	0.6662050000000006	0.022196057447433405	0.038096105218251734
ATF7	-0.34578500000000023	0.022196057447433405	0.038096105218251734
BTF3P12	-0.2728899999999994	0.022196057447433405	0.038096105218251734
RHOBTB2	-0.21028499999999983	0.022196057447433405	0.038096105218251734
KIAA0232	-0.5289300000000008	0.022196057447433405	0.038096105218251734
FDFT1	-0.5084999999999997	0.022196057447433405	0.038096105218251734
CYP27C1	-0.2108850000000002	0.022196057447433405	0.038096105218251734
ARMCX2	0.71347	0.022196057447433405	0.038096105218251734
NDUFB2	0.11714999999999876	0.022195771712081987	0.038096105218251734
PALLD	0.7203499999999998	0.022196057447433405	0.038096105218251734
ATP5B	0.4255999999999993	0.022195914579587212	0.038096105218251734
CA9	0.23609499999999972	0.022196057447433405	0.038096105218251734
JAG1	-0.7442049999999991	0.022421255200472032	0.03847807468934706
HOMER3	0.5827249999999999	0.022648726963274485	0.038795094711096025
SH3RF2	-0.16279999999999983	0.022648726963274485	0.038795094711096025
MYO18A	-0.65794	0.022648726963274485	0.038795094711096025
ZFAND6	0.5325000000000006	0.022648726963274485	0.038795094711096025
SFXN3	-0.4491750000000003	0.022648726963274485	0.038795094711096025
BATF	0.7761199999999997	0.022648726963274485	0.038795094711096025
ALKBH6	0.32346000000000164	0.022648726963274485	0.038795094711096025
EVX1	-0.2179000000000002	0.022648726963274485	0.038795094711096025
STXBP3	0.21619999999999884	0.022648726963274485	0.038795094711096025
ZNF33A	-0.27634000000000114	0.022648726963274485	0.038795094711096025
DUSP28	0.34330500000000086	0.022648726963274485	0.038795094711096025
C12orf66	-0.5303900000000006	0.022648726963274485	0.038795094711096025
CCNO	0.6037300000000001	0.022648726963274485	0.038795094711096025
NBEAL2	0.42049500000000073	0.022648726963274485	0.038795094711096025
PPP2R2A	0.41202500000000164	0.022648726963274485	0.038795094711096025
ZFHX4	-0.6876450000000003	0.022648726963274485	0.038795094711096025
CHMP5	0.3794999999999984	0.022877909260890922	0.03918304025081471
PTPRA	-0.19378000000000029	0.02310939797238399	0.0394863722031957
LCMT2	0.6280450000000011	0.02310939797238399	0.0394863722031957
AAED1	0.5014349999999999	0.02310939797238399	0.0394863722031957
NGRN	0.2518999999999991	0.02310925100384706	0.0394863722031957
TNFAIP8	1.0766400000000012	0.02310939797238399	0.0394863722031957
TTC23	-0.3970149999999997	0.02310939797238399	0.0394863722031957
MAP6	-0.1542400000000006	0.02310939797238399	0.0394863722031957
MET	-1.0662900000000004	0.02310939797238399	0.0394863722031957
SURF2	-0.42433999999999994	0.02310939797238399	0.0394863722031957
SNTA1	-0.52597	0.02310939797238399	0.0394863722031957
ANAPC7	0.2560450000000003	0.02310939797238399	0.0394863722031957
FSCN1	0.6976149999999999	0.02310939797238399	0.0394863722031957
TONSL	0.06322000000000028	0.02310925100384706	0.0394863722031957
HOMER2	-0.34767999999999954	0.02310939797238399	0.0394863722031957
RGMB	-0.6935599999999997	0.02310939797238399	0.0394863722031957
LRRC43	-0.24620500000000067	0.02310939797238399	0.0394863722031957
MIR600	-0.6164399999999999	0.02310939797238399	0.0394863722031957
CTC1	-0.4824249999999992	0.02310939797238399	0.0394863722031957
LAMB1	-0.6000499999999995	0.02310939797238399	0.0394863722031957
SNORD87	-0.4303499999999989	0.02310925100384706	0.0394863722031957
TPGS1	0.17607000000000061	0.023577886113302863	0.04016921528094749
CMBL	-0.14569999999999972	0.023578184207051125	0.04016921528094749
LOC101060391	-0.6311149999999999	0.023578184207051125	0.04016921528094749
THOP1	0.45278500000000044	0.023578184207051125	0.04016921528094749
SLC12A7	0.2751950000000001	0.023578184207051125	0.04016921528094749
PAX8	-0.2233799999999997	0.023578035160007477	0.04016921528094749
SLC25A25-AS1	-0.4523349999999997	0.023578184207051125	0.04016921528094749
CLIC4	0.39124999999999943	0.023578184207051125	0.04016921528094749
CLYBL	-0.6377350000000002	0.023578184207051125	0.04016921528094749
EML2	0.35598000000000063	0.023578184207051125	0.04016921528094749
LOC285097	1.2712849999999996	0.023578184207051125	0.04016921528094749
PCBP1-AS1	0.47273999999999994	0.023578184207051125	0.04016921528094749
MYO1F	0.5568749999999998	0.023578184207051125	0.04016921528094749
KLF5	-1.002229999999999	0.023578184207051125	0.04016921528094749
ZNF180	0.6820450000000005	0.023578184207051125	0.04016921528094749
APBB1IP	-0.5741049999999994	0.023578184207051125	0.04016921528094749
RASA1	0.35208500000000065	0.023578035160007477	0.04016921528094749
ZNF44	-1.36341	0.023578184207051125	0.04016921528094749
GMFG	-0.6353200000000001	0.023578035160007477	0.04016921528094749
HMGCS2	-2.40312	0.023578184207051125	0.04016921528094749
SERPINB1	0.5363049999999987	0.023578184207051125	0.04016921528094749
LIMD2	0.1999749999999998	0.023578184207051125	0.04016921528094749
B9D1	-0.5347600000000003	0.023578184207051125	0.04016921528094749
NENF	-0.38357500000000044	0.023578184207051125	0.04016921528094749
ZC4H2	-0.21694499999999994	0.023578184207051125	0.04016921528094749
FAM110C	1.869135	0.02405520043551723	0.04091948233859449
POLDIP3	-0.30338000000000065	0.02405520043551723	0.04091948233859449
ARHGEF10	-1.0173200000000007	0.02405520043551723	0.04091948233859449
ZFAND2A	0.8130799999999994	0.02405520043551723	0.04091948233859449
DPEP1	-0.029454999999999565	0.02405520043551723	0.04091948233859449
NUMB	0.4191300000000009	0.02405520043551723	0.04091948233859449
AAMP	0.21457500000000174	0.02405520043551723	0.04091948233859449
RPS16P5	-1.0427499999999998	0.02405520043551723	0.04091948233859449
SNX18	-0.33719499999999947	0.02405520043551723	0.04091948233859449
RPS14	-0.18599999999999994	0.02405504929124662	0.04091948233859449
CAMK2D	-0.4598000000000013	0.02405520043551723	0.04091948233859449
KPNB1	-0.2787500000000005	0.02405520043551723	0.04091948233859449
GPX4	-0.5184999999999995	0.02405520043551723	0.04091948233859449
CXorf56	-0.17213499999999993	0.024296678745317008	0.04132541212690251
CBS	0.8006599999999997	0.024540562459669315	0.04163781376788384
FHL3	-0.1755	0.024540562459669315	0.04163781376788384
TRAF3IP1	0.2599349999999996	0.024540562459669315	0.04163781376788384
CD276	0.3755550000000003	0.024540562459669315	0.04163781376788384
SPI1	0.12322999999999995	0.024540562459669315	0.04163781376788384
RFWD3	0.4596549999999997	0.024540562459669315	0.04163781376788384
FNDC3B	-0.14815999999999985	0.024540409199498438	0.04163781376788384
SLC39A8	0.7347649999999994	0.024540562459669315	0.04163781376788384
NADSYN1	0.35451999999999995	0.024540562459669315	0.04163781376788384
PRTFDC1	-1.2150750000000006	0.024540562459669315	0.04163781376788384
C20orf27	-0.560080000000001	0.024540562459669315	0.04163781376788384
GLS	0.5093399999999999	0.024540562459669315	0.04163781376788384
AP3M2	0.5766950000000008	0.024540562459669315	0.04163781376788384
ANK3	0.7970000000000006	0.024540562459669315	0.04163781376788384
BRMS1	0.37490999999999985	0.024540562459669315	0.04163781376788384
STAU1	0.21670000000000122	0.024540409199498438	0.04163781376788384
LRFN1	-0.10909000000000013	0.024540562459669315	0.04163781376788384
MLLT3	0.8223500000000001	0.024540562459669315	0.04163781376788384
TDRD9	-0.3078599999999998	0.024540562459669315	0.04163781376788384
CDC25B	0.3725349999999992	0.024540562459669315	0.04163781376788384
GYG1	0.3545000000000016	0.024540562459669315	0.04163781376788384
SYNE4	0.5918350000000006	0.025034387112446533	0.04234211153586635
FKBP9	-0.45484999999999864	0.025034387112446533	0.04234211153586635
MBLAC2	-0.56989	0.025034387112446533	0.04234211153586635
FAM133A	-0.08605000000000018	0.025034387112446533	0.04234211153586635
PIGG	0.24431999999999832	0.025034387112446533	0.04234211153586635
TSFM	0.21072000000000024	0.025034387112446533	0.04234211153586635
RAPGEF4	-0.40805500000000006	0.025034387112446533	0.04234211153586635
TSPAN15	1.2902399999999998	0.025034387112446533	0.04234211153586635
C14orf132	-1.8287799999999992	0.025034387112446533	0.04234211153586635
SLC6A16	-0.7541650000000004	0.025034387112446533	0.04234211153586635
ZNF75A	-0.33387499999999903	0.025034387112446533	0.04234211153586635
TPRG1	-2.2738750000000003	0.025034387112446533	0.04234211153586635
MIR424	-0.43690499999999943	0.025034387112446533	0.04234211153586635
FAM53B	-0.6829000000000001	0.025034387112446533	0.04234211153586635
GSTM4	0.56731	0.025034387112446533	0.04234211153586635
PSTK	-0.20652000000000026	0.025034387112446533	0.04234211153586635
RABGAP1	-0.2843599999999995	0.025034387112446533	0.04234211153586635
KCTD10	0.30938	0.025034387112446533	0.04234211153586635
ITK	0.46611499999999984	0.025034387112446533	0.04234211153586635
LOC102725263	0.5534600000000003	0.025034387112446533	0.04234211153586635
THSD4	-2.2889600000000003	0.025034387112446533	0.04234211153586635
SURF1	-0.4855999999999998	0.025034387112446533	0.04234211153586635
OVCA2	0.2501150000000001	0.025034387112446533	0.04234211153586635
FOSL2	0.7723700000000004	0.025034387112446533	0.04234211153586635
SFMBT2	0.800749999999999	0.025034387112446533	0.04234211153586635
SYMPK	-0.0737149999999982	0.025034387112446533	0.04234211153586635
KLRC2	-0.848725	0.025034387112446533	0.04234211153586635
MIR1304	0.4566499999999998	0.025284353247169582	0.04275991357347114
SAR1A	-0.4019200000000005	0.02553679225495552	0.0431115202425557
GTF2H5	0.4203899999999994	0.025536634707178558	0.0431115202425557
FBXO11	0.2615149999999993	0.02553679225495552	0.0431115202425557
PLPPR2	-0.23337499999999967	0.02553679225495552	0.0431115202425557
CETN3	0.36233999999999966	0.02553679225495552	0.0431115202425557
GOLGA2	0.5044100000000009	0.025536634707178558	0.0431115202425557
TFAP2C	-0.8278700000000008	0.025536634707178558	0.0431115202425557
SPIRE1	-0.5506850000000014	0.02553679225495552	0.0431115202425557
CWC25	0.18485500000000066	0.02553679225495552	0.0431115202425557
JCHAIN	-1.6605499999999989	0.02553679225495552	0.0431115202425557
NDFIP1	0.46651999999999916	0.025536634707178558	0.0431115202425557
LOC100630923	-0.2694200000000002	0.02553679225495552	0.0431115202425557
METRN	0.9606599999999998	0.02553679225495552	0.0431115202425557
ADM	-1.6317599999999999	0.02553679225495552	0.0431115202425557
CAPS	0.631124999999999	0.02553679225495552	0.0431115202425557
ZNF692	0.4213399999999998	0.026047896773290117	0.043852023758604114
PIDD1	-0.7791550000000003	0.026047896773290117	0.043852023758604114
CXCL16	0.9533800000000001	0.026047896773290117	0.043852023758604114
ATP2A3	0.8360799999999999	0.026047896773290117	0.043852023758604114
ZNF585A	-0.33675499999999925	0.026047896773290117	0.043852023758604114
INTS5	-0.26529000000000025	0.026047896773290117	0.043852023758604114
GAREM2	-0.10454500000000033	0.026047896773290117	0.043852023758604114
ARL3	0.27939500000000095	0.026047896773290117	0.043852023758604114
PYURF	0.4189499999999988	0.026047896773290117	0.043852023758604114
MBIP	-0.3693799999999996	0.026047896773290117	0.043852023758604114
SMIM22	0.16692000000000018	0.02604757733489955	0.043852023758604114
NUP188	0.2501199999999999	0.026047896773290117	0.043852023758604114
SPIN4	0.35447500000000076	0.026047896773290117	0.043852023758604114
PGRMC2	-0.4056949999999997	0.026047896773290117	0.043852023758604114
ARID3A	0.4051199999999997	0.026047896773290117	0.043852023758604114
RRAGB	0.3458000000000001	0.026047896773290117	0.043852023758604114
NET1	0.5076	0.026047896773290117	0.043852023758604114
GLIS3	0.45523500000000006	0.026047896773290117	0.043852023758604114
SMAD1	0.3829949999999993	0.026047896773290117	0.043852023758604114
GALNT5	-0.12380000000000013	0.026047896773290117	0.043852023758604114
KIF12	-0.7083950000000003	0.026047896773290117	0.043852023758604114
NFAT5	-0.47757499999999986	0.026047896773290117	0.043852023758604114
TAF7	0.5588699999999989	0.026047896773290117	0.043852023758604114
TIMP2	-0.7275999999999989	0.026047896773290117	0.043852023758604114
C17orf62	0.4227150000000002	0.026567820575051814	0.04467035896618067
CLTB	-0.44162999999999997	0.026567820575051814	0.04467035896618067
NFKBIB	0.12788500000000003	0.026567820575051814	0.04467035896618067
WDR62	0.6169949999999997	0.02656765866567244	0.04467035896618067
CTSK	0.6000499999999995	0.026567820575051814	0.04467035896618067
KIDINS220	0.277965	0.026567820575051814	0.04467035896618067
FAM114A1	0.6145500000000013	0.02656765866567244	0.04467035896618067
ERBB4	-4.986035	0.026567820575051814	0.04467035896618067
PACSIN1	0.2024149999999998	0.026567820575051814	0.04467035896618067
ZNF70	0.35430499999999965	0.026567820575051814	0.04467035896618067
RHBDD2	0.232545	0.026567820575051814	0.04467035896618067
LOC105373383	-0.25648999999999944	0.027096684585565897	0.04542808283901962
ZNF282	0.2676799999999995	0.027096684585565897	0.04542808283901962
ZNF720	0.3855600000000017	0.027096684585565897	0.04542808283901962
SIGLEC15	-1.1077200000000005	0.027096684585565897	0.04542808283901962
RNF212	-0.10363500000000014	0.027096684585565897	0.04542808283901962
MAP7	0.6706350000000008	0.027096684585565897	0.04542808283901962
SAMD10	-0.0812999999999997	0.027096684585565897	0.04542808283901962
SHROOM2	0.4302600000000001	0.027096684585565897	0.04542808283901962
NACA	-0.3171999999999997	0.02709635635038818	0.04542808283901962
HS3ST3B1	0.9153500000000001	0.027096684585565897	0.04542808283901962
LINC00667	0.46677500000000016	0.027096684585565897	0.04542808283901962
ZNF75D	0.41988499999999984	0.027096684585565897	0.04542808283901962
MRPS11	0.2753300000000003	0.027096684585565897	0.04542808283901962
TNFRSF19	1.8432350000000008	0.027096684585565897	0.04542808283901962
IDUA	-1.3564849999999993	0.027096684585565897	0.04542808283901962
FTX	-0.45785000000000053	0.027096520467811518	0.04542808283901962
NSUN5	-0.2539549999999995	0.027096684585565897	0.04542808283901962
IRGQ	-0.24830499999999933	0.027096684585565897	0.04542808283901962
LOC105378948	-0.33925499999999964	0.027096684585565897	0.04542808283901962
SPATA2	0.31730500000000017	0.027096684585565897	0.04542808283901962
BMPR2	0.5329200000000007	0.027096684585565897	0.04542808283901962
HES4	0.23918000000000017	0.027096684585565897	0.04542808283901962
GOPC	0.20925500000000063	0.027096684585565897	0.04542808283901962
GOLT1A	0.17606500000000036	0.027096684585565897	0.04542808283901962
SELE	0.26523499999999967	0.027096520467811518	0.04542808283901962
FGD4	-0.245985000000001	0.027634610743790262	0.046185961240801265
F3	-1.4309650000000005	0.027634610743790262	0.046185961240801265
VRK3	-0.3574249999999992	0.027634610743790262	0.046185961240801265
DLEU1	0.5219349999999991	0.027634610743790262	0.046185961240801265
TMX2-CTNND1	-0.6384500000000006	0.027634610743790262	0.046185961240801265
CRISP2	-0.07443500000000003	0.027634610743790262	0.046185961240801265
DALRD3	0.8108250000000004	0.027634610743790262	0.046185961240801265
MXRA8	-0.7921750000000003	0.027634610743790262	0.046185961240801265
UGDH	0.7024650000000001	0.027634610743790262	0.046185961240801265
GGT5	-0.4900949999999993	0.027634610743790262	0.046185961240801265
ISY1	0.1459400000000004	0.027634610743790262	0.046185961240801265
DENND5B	-0.5096550000000004	0.027634610743790262	0.046185961240801265
PDGFRB	-0.6322950000000009	0.027634610743790262	0.046185961240801265
AP2A2	-0.4415999999999993	0.027634610743790262	0.046185961240801265
FBXO8	0.4763899999999994	0.027634610743790262	0.046185961240801265
ERLIN1	0.16475999999999935	0.027634610743790262	0.046185961240801265
PRKCB	0.4686149999999998	0.027634610743790262	0.046185961240801265
PIGP	0.7605200000000014	0.02763444439938276	0.046185961240801265
OSBPL6	1.30118	0.027634610743790262	0.046185961240801265
MPV17L	-1.20742	0.027634610743790262	0.046185961240801265
ZNF436	0.28889999999999993	0.027634610743790262	0.046185961240801265
SSBP3	-0.7219199999999999	0.027634610743790262	0.046185961240801265
ATPAF2	0.30654000000000003	0.027634610743790262	0.046185961240801265
SGK223	-0.9570699999999999	0.027634610743790262	0.046185961240801265
LSM6	0.27859999999999907	0.027634610743790262	0.046185961240801265
TM4SF1	-0.8643000000000001	0.027634610743790262	0.046185961240801265
MR1	-0.6174200000000001	0.027634610743790262	0.046185961240801265
CRIP1	1.74315	0.02818172199791167	0.04700298229627579
OTUD3	0.35380500000000037	0.02818172199791167	0.04700298229627579
LRRC8A	-0.27106499999999834	0.02818172199791167	0.04700298229627579
EEF2	-0.5143500000000003	0.02818172199791167	0.04700298229627579
IKZF2	0.8841600000000005	0.02818172199791167	0.04700298229627579
ATP6AP1L	-0.76844	0.02818172199791167	0.04700298229627579
FOS	1.155285000000001	0.02818172199791167	0.04700298229627579
TESMIN	0.5905249999999995	0.02818172199791167	0.04700298229627579
BRF2	-0.6419199999999998	0.02818172199791167	0.04700298229627579
SYT13	0.5842550000000002	0.02818172199791167	0.04700298229627579
ICK	0.1683300000000001	0.02818172199791167	0.04700298229627579
ATP23	1.0361249999999993	0.02818172199791167	0.04700298229627579
SATB2	-0.6175549999999999	0.028181553408658418	0.04700298229627579
BRD1	0.40072999999999936	0.02818172199791167	0.04700298229627579
ATP7B	0.11349999999999971	0.02818172199791167	0.04700298229627579
SPINK1	-0.10560499999999973	0.02818172199791167	0.04700298229627579
PTPMT1	0.34377499999999994	0.028181553408658418	0.04700298229627579
KLF11	-0.33982000000000046	0.02818172199791167	0.04700298229627579
RPL19	-0.32145000000000046	0.028458421295435125	0.0474590254998058
FAM24B	-0.36679500000000065	0.028738142300626403	0.04782116448833467
TSPYL1	0.44780000000000086	0.028738142300626403	0.04782116448833467
RTN4	0.854499999999998	0.028737971448425992	0.04782116448833467
GPCPD1	0.6252399999999998	0.028738142300626403	0.04782116448833467
ITPA	0.13161500000000004	0.028738142300626403	0.04782116448833467
CLSTN2	-3.9730600000000003	0.028738142300626403	0.04782116448833467
PRR5-ARHGAP8	0.44739499999999843	0.028738142300626403	0.04782116448833467
ASL	0.6606699999999996	0.028738142300626403	0.04782116448833467
KMT2C	0.3006999999999991	0.028738142300626403	0.04782116448833467
LOC101929232	-0.13176000000000032	0.028738142300626403	0.04782116448833467
NT5DC2	1.20066	0.028737971448425992	0.04782116448833467
MRPS22	-0.2094749999999994	0.028738142300626403	0.04782116448833467
ULK2	0.7604550000000003	0.028737971448425992	0.04782116448833467
LINC01198	-0.96177	0.028738142300626403	0.04782116448833467
PMS1	0.33674499999999874	0.028738142300626403	0.04782116448833467
OGFOD3	-0.45558999999999905	0.028738142300626403	0.04782116448833467
RIPPLY3	-0.1959500000000003	0.028738142300626403	0.04782116448833467
CEP250	0.19759499999999974	0.028738142300626403	0.04782116448833467
NDST1	-0.36655499999999996	0.028738142300626403	0.04782116448833467
PTBP1	0.23740000000000094	0.029019538373322194	0.04828388362252348
IPMK	-0.316485000000001	0.029303996604100508	0.04867352609913617
A1BG	-0.1316550000000003	0.029303996604100508	0.04867352609913617
PDE4D	-0.40676500000000004	0.029303996604100508	0.04867352609913617
NTN1	0.42699500000000024	0.029303996604100508	0.04867352609913617
ZNF782	0.09190500000000013	0.029303996604100508	0.04867352609913617
GBP5	1.31649	0.029303996604100508	0.04867352609913617
LIMS1	0.2641799999999992	0.029303996604100508	0.04867352609913617
UBR4	-0.3690800000000003	0.029303996604100508	0.04867352609913617
GLB1L2	-1.1265749999999999	0.029303996604100508	0.04867352609913617
BCL2L13	0.5470300000000012	0.029303996604100508	0.04867352609913617
GRAMD3	-0.8683399999999999	0.029303996604100508	0.04867352609913617
BEX4	0.6615750000000009	0.029303996604100508	0.04867352609913617
PIGZ	-0.4767000000000001	0.029303996604100508	0.04867352609913617
MAN2A2	-0.49919000000000047	0.029303996604100508	0.04867352609913617
CST3	-0.401250000000001	0.029303996604100508	0.04867352609913617
FKRP	0.9787300000000005	0.029879410854606443	0.04954993769905159
TCEAL4	-0.5325000000000006	0.029879410854606443	0.04954993769905159
FADS2	1.4882499999999999	0.029879410854606443	0.04954993769905159
MROH1	-0.57944	0.029879410854606443	0.04954993769905159
KRT6A	0.11715999999999993	0.029879235422602103	0.04954993769905159
PLXDC1	-0.5736249999999998	0.029879410854606443	0.04954993769905159
TNK2	-0.5428199999999999	0.029879410854606443	0.04954993769905159
INTS10	-0.5298350000000003	0.029879410854606443	0.04954993769905159
NSRP1	0.2812549999999998	0.029879410854606443	0.04954993769905159
HECA	0.455095	0.029879410854606443	0.04954993769905159
SLC27A3	-0.8274999999999997	0.029879410854606443	0.04954993769905159
NRM	0.4225349999999999	0.029879410854606443	0.04954993769905159
LCORL	-0.26037	0.029879410854606443	0.04954993769905159
CDIPT	-0.23540000000000028	0.029879235422602103	0.04954993769905159
TMEM57	0.2683650000000002	0.03046451198683139	0.05042809108318311
LOC101929280	-0.2865399999999996	0.03046451198683139	0.05042809108318311
SH3BGR	-0.5736500000000007	0.03046451198683139	0.05042809108318311
GSK3A	-0.21354999999999968	0.03046451198683139	0.05042809108318311
PLA2G4A	-1.1972000000000005	0.03046451198683139	0.05042809108318311
DHX37	-0.45174999999999965	0.03046451198683139	0.05042809108318311
ORM1	0.10806000000000027	0.03046451198683139	0.05042809108318311
TNFAIP8L1	0.4210400000000005	0.03046451198683139	0.05042809108318311
SCAF1	-0.15386500000000058	0.03046451198683139	0.05042809108318311
BNIP3	0.6079900000000009	0.03046451198683139	0.05042809108318311
GAB3	-0.5069100000000004	0.03046451198683139	0.05042809108318311
ETV1	-1.0739550000000007	0.03046451198683139	0.05042809108318311
TOX3	1.734635	0.03046451198683139	0.05042809108318311
CLMP	-1.2071299999999994	0.03046451198683139	0.05042809108318311
EEF1A1	-0.13864999999999839	0.03046397874184479	0.05042809108318311
CDC25A	0.5925599999999998	0.03046451198683139	0.05042809108318311
ALG13	0.252794999999999	0.0307605561558649	0.050912331490251886
RAVER2	-0.9488300000000001	0.031059427917854206	0.05131342573641397
TSSC4	-0.39980499999999974	0.031059427917854206	0.05131342573641397
MRPS5	-0.2948000000000004	0.031059427917854206	0.05131342573641397
MALAT1	0.4413	0.031059427917854206	0.05131342573641397
ZNF519	-0.05905499999999986	0.031059427917854206	0.05131342573641397
MUC1	1.3206500000000005	0.031059427917854206	0.05131342573641397
ZNF284	-0.16555500000000034	0.031059427917854206	0.05131342573641397
F2RL1	1.16533	0.031059427917854206	0.05131342573641397
PARM1	-1.692709999999999	0.031059427917854206	0.05131342573641397
PHF12	0.350695	0.031059427917854206	0.05131342573641397
MPZL3	0.5745249999999995	0.031059427917854206	0.05131342573641397
BTN3A3	1.1305449999999997	0.031059427917854206	0.05131342573641397
COPS4	0.3685899999999993	0.031059427917854206	0.05131342573641397
C1orf168	-0.8558649999999997	0.031059427917854206	0.05131342573641397
PIK3CG	0.23245499999999986	0.031059427917854206	0.05131342573641397
SLC29A1	-0.4219500000000007	0.031059427917854206	0.05131342573641397
CLDN1	2.539694999999999	0.03166428754078643	0.05219988462564429
IGLL5	0.6467600000000004	0.03166428754078643	0.05219988462564429
MTFP1	0.44855	0.03166428754078643	0.05219988462564429
AMBRA1	-0.12777499999999797	0.03166428754078643	0.05219988462564429
HEATR5B	0.2733800000000004	0.03166428754078643	0.05219988462564429
TTLL4	0.8081000000000005	0.03166428754078643	0.05219988462564429
NECTIN1	-0.5182100000000007	0.03166428754078643	0.05219988462564429
ANTXR1	0.8024500000000003	0.03166428754078643	0.05219988462564429
TNFRSF10B	-0.4827399999999997	0.03166428754078643	0.05219988462564429
CD300LF	0.9156649999999997	0.03166428754078643	0.05219988462564429
SERF1B	0.3870149999999999	0.03166428754078643	0.05219988462564429
PRICKLE1	1.159745000000001	0.03166428754078643	0.05219988462564429
PGAP2	0.30648000000000053	0.03166428754078643	0.05219988462564429
LINC00472	-1.7433	0.03166428754078643	0.05219988462564429
TSPAN1	1.5710149999999996	0.03166428754078643	0.05219988462564429
TBC1D1	0.7034199999999986	0.03166428754078643	0.05219988462564429
CHMP4C	0.37759999999999927	0.03166428754078643	0.05219988462564429
C2CD4C	-0.13974999999999982	0.03166428754078643	0.05219988462564429
FAM169A	-0.33668999999999993	0.03166428754078643	0.05219988462564429
IGFL2	0.19781499999999985	0.0322792207180745	0.053093084524620894
MAN2A1	0.4238299999999988	0.0322792207180745	0.053093084524620894
TATDN1	0.3442450000000008	0.0322792207180745	0.053093084524620894
FOLH1B	-1.1836599999999997	0.0322792207180745	0.053093084524620894
RBM15	0.30012499999999953	0.0322792207180745	0.053093084524620894
IL18BP	0.22467499999999996	0.0322792207180745	0.053093084524620894
SH3YL1	0.8300000000000001	0.0322790359139212	0.053093084524620894
LOC644794	-0.14703999999999962	0.0322784815033407	0.053093084524620894
SLC27A4	0.3331149999999994	0.0322792207180745	0.053093084524620894
ZNF701	-0.14329999999999998	0.0322792207180745	0.053093084524620894
ZNF14	-0.6313200000000005	0.0322792207180745	0.053093084524620894
PEAK1	-0.6600850000000005	0.0322792207180745	0.053093084524620894
TONSL-AS1	-0.1650349999999996	0.0322792207180745	0.053093084524620894
MBOAT1	0.6516200000000012	0.0322792207180745	0.053093084524620894
TRPM8	-0.1584399999999997	0.0322792207180745	0.053093084524620894
RPLP1	-0.2386499999999998	0.0322792207180745	0.053093084524620894
FBXO25	-0.5473400000000002	0.0322792207180745	0.053093084524620894
TBC1D12	0.49838499999999986	0.0322792207180745	0.053093084524620894
ACVR1B	0.4121050000000004	0.0322792207180745	0.053093084524620894
ZNF420	-0.5381850000000004	0.0322792207180745	0.053093084524620894
PSMG2	0.1609499999999997	0.032590133744655234	0.05359840568968101
LOC101060181	0.45279000000000025	0.03290435827445834	0.053986791420368774
CDV3	0.4567500000000013	0.03290435827445834	0.053986791420368774
ZMYND11	0.29025000000000034	0.03290435827445834	0.053986791420368774
CAMKMT	-0.1839549999999992	0.03290435827445834	0.053986791420368774
THBS2	0.959249999999999	0.03290435827445834	0.053986791420368774
DYRK4	0.25522000000000045	0.03290435827445834	0.053986791420368774
USP42	-0.5445099999999989	0.03290435827445834	0.053986791420368774
TLR8	0.5343399999999994	0.03290435827445834	0.053986791420368774
SDHAF3	0.559095000000001	0.03290435827445834	0.053986791420368774
CLCN1	-0.06322500000000009	0.03290417108370531	0.053986791420368774
MT1HL1	-0.5824499999999997	0.03290417108370531	0.053986791420368774
CD164	0.5352999999999994	0.03290417108370531	0.053986791420368774
LST1	0.19234999999999935	0.03290435827445834	0.053986791420368774
ALMS1	-0.25571500000000036	0.03290435827445834	0.053986791420368774
RABL6	-0.37917999999999985	0.03290435827445834	0.053986791420368774
FAR2P3	-1.5813100000000002	0.03290435827445834	0.053986791420368774
STXBP4	-0.10894000000000048	0.03290435827445834	0.053986791420368774
STON1	-1.0478050000000003	0.03290435827445834	0.053986791420368774
GCNT2	-1.0644449999999992	0.03290435827445834	0.053986791420368774
HP1BP3	-0.29625000000000057	0.03290435827445834	0.053986791420368774
CENPC	0.45138999999999996	0.03290435827445834	0.053986791420368774
RBM23	0.323105	0.033539831989583956	0.05489917044102099
LOC101928361	0.8832800000000001	0.033539831989583956	0.05489917044102099
KIAA1257	-0.41823999999999995	0.033539831989583956	0.05489917044102099
NHLRC2	-0.1227400000000003	0.033539831989583956	0.05489917044102099
SUCLG2	0.41838000000000086	0.033539831989583956	0.05489917044102099
WASF3	-0.9966599999999994	0.033539831989583956	0.05489917044102099
POLR3D	0.28058999999999923	0.033539831989583956	0.05489917044102099
CLASRP	-0.3934199999999999	0.033539642395076924	0.05489917044102099
ZNF618	0.30520499999999995	0.033539831989583956	0.05489917044102099
DQX1	-0.07742000000000049	0.033539831989583956	0.05489917044102099
ZNF469	0.5060299999999991	0.033539831989583956	0.05489917044102099
LOC338620	-0.17815999999999965	0.033539831989583956	0.05489917044102099
SLC4A5	0.41134500000000074	0.033539831989583956	0.05489917044102099
ZNF397	0.4506350000000001	0.033539831989583956	0.05489917044102099
VWA5A	-0.9131499999999999	0.033539831989583956	0.05489917044102099
CEP290	-0.503404999999999	0.033539831989583956	0.05489917044102099
NOMO3	0.2088650000000003	0.033539831989583956	0.05489917044102099
KCNQ1	-0.6203799999999999	0.033539831989583956	0.05489917044102099
PGM1	-0.2271250000000009	0.033539831989583956	0.05489917044102099
TRIB2	0.77006	0.033539831989583956	0.05489917044102099
HNRNPL	-0.16285500000000042	0.033539831989583956	0.05489917044102099
NSA2	-0.46720000000000006	0.03418558257499678	0.05588088908147619
HDHD2	-0.2307300000000012	0.03418577459026542	0.05588088908147619
ARF6	0.2782	0.03418577459026542	0.05588088908147619
SCARNA17	-0.4230799999999997	0.03418577459026542	0.05588088908147619
CNTRL	-0.2882499999999997	0.03418577459026542	0.05588088908147619
CPSF3	0.37838999999999956	0.03418577459026542	0.05588088908147619
SYT12	-0.2476900000000004	0.03418577459026542	0.05588088908147619
NOCT	-0.27590499999999984	0.03418577459026542	0.05588088908147619
RNF103-CHMP3	-0.39480000000000004	0.03418577459026542	0.05588088908147619
CCP110	0.24112000000000045	0.03418577459026542	0.05588088908147619
SPCS3	-0.15124999999999922	0.03418558257499678	0.05588088908147619
GTPBP6	-0.19350000000000023	0.03418577459026542	0.05588088908147619
TSTD1	0.41220999999999997	0.03484231974239347	0.05678152477825586
CEBPG	0.37825499999999934	0.03484231974239347	0.05678152477825586
CDH2	0.2892650000000003	0.03484231974239347	0.05678152477825586
FAM189B	0.3366600000000002	0.03484231974239347	0.05678152477825586
RASA3	-0.461735	0.03484231974239347	0.05678152477825586
XXYLT1	0.13782499999999986	0.03484231974239347	0.05678152477825586
FTL	0.23165000000000013	0.03484212528950849	0.05678152477825586
COL6A2	0.4238999999999997	0.03484231974239347	0.05678152477825586
IL6R	-0.3752500000000003	0.03484231974239347	0.05678152477825586
MCM10	0.7814050000000003	0.03484231974239347	0.05678152477825586
EPS8L2	-0.7115449999999992	0.03484231974239347	0.05678152477825586
NPR3	-0.7011349999999998	0.03484231974239347	0.05678152477825586
RABGGTA	0.31721999999999895	0.03484231974239347	0.05678152477825586
GSDMC	0.19120500000000007	0.03484231974239347	0.05678152477825586
CELSR3	0.25314000000000014	0.03484231974239347	0.05678152477825586
PROM1	-2.6479999999999997	0.03484231974239347	0.05678152477825586
WDR19	-1.0255	0.03484231974239347	0.05678152477825586
ABCB6	-0.6242249999999991	0.03484231974239347	0.05678152477825586
RBMS2	-0.6483549999999996	0.03484231974239347	0.05678152477825586
LOC101930405	0.3885399999999999	0.03484212528950849	0.05678152477825586
ZNF212	-0.15260999999999925	0.03484231974239347	0.05678152477825586
TACSTD2	0.9886499999999998	0.03484212528950849	0.05678152477825586
KIFC3	-0.10549000000000008	0.03484231974239347	0.05678152477825586
ANKS6	-0.3404500000000006	0.03484231974239347	0.05678152477825586
CEACAM3	-0.05227499999999985	0.03484231974239347	0.05678152477825586
BMPR1B	2.65607	0.03484231974239347	0.05678152477825586
VPS13C	-0.4705350000000017	0.03484231974239347	0.05678152477825586
ZNRD1	0.41934000000000005	0.0355096020424868	0.05773938426391147
TRIB1	0.8583499999999997	0.0355096020424868	0.05773938426391147
SCARB1	-0.9910550000000011	0.0355096020424868	0.05773938426391147
LRRC3	-0.10541	0.0355096020424868	0.05773938426391147
SMIM14	0.5822000000000003	0.0355096020424868	0.05773938426391147
LYL1	-0.0748249999999997	0.0355096020424868	0.05773938426391147
GPC4	0.9808000000000003	0.0355096020424868	0.05773938426391147
ZZZ3	0.5616249999999994	0.0355096020424868	0.05773938426391147
PTPRM	-1.1268600000000006	0.0355096020424868	0.05773938426391147
RARA-AS1	-0.48634499999999914	0.0355096020424868	0.05773938426391147
C1R	-0.3764699999999994	0.0355096020424868	0.05773938426391147
LOC101930343	-0.4809049999999999	0.0355096020424868	0.05773938426391147
KCNS3	0.7178450000000005	0.0355096020424868	0.05773938426391147
SEC14L4	-0.10713000000000017	0.0355096020424868	0.05773938426391147
ACRBP	0.05232999999999999	0.0355096020424868	0.05773938426391147
PRKACA	-0.3819499999999998	0.0355096020424868	0.05773938426391147
UBOX5	-0.16274000000000033	0.0355096020424868	0.05773938426391147
MAPK7	0.3437000000000001	0.0355096020424868	0.05773938426391147
SLC39A14	0.2856949999999987	0.0355096020424868	0.05773938426391147
MAP2K6	-0.12944500000000048	0.0355096020424868	0.05773938426391147
TIAM2	-0.431519999999999	0.036187757008883	0.05874998404505297
VPS18	-0.33646500000000046	0.036187757008883	0.05874998404505297
HNRNPA1P10	-0.15995000000000026	0.036187358253105276	0.05874998404505297
KLHL9	0.31881499999999896	0.036187757008883	0.05874998404505297
LRRC6	0.68499	0.036187757008883	0.05874998404505297
AHCTF1P1	-0.09772999999999987	0.036187757008883	0.05874998404505297
GCOM1	-0.36686000000000085	0.036187757008883	0.05874998404505297
L3MBTL3	-0.42911500000000036	0.036187757008883	0.05874998404505297
FAM98B	0.37105999999999995	0.036187757008883	0.05874998404505297
LOC100422737	-0.24869999999999992	0.036187757008883	0.05874998404505297
SHARPIN	0.2930949999999992	0.036187757008883	0.05874998404505297
NIN	0.24123999999999945	0.036187757008883	0.05874998404505297
MXI1	-0.6166800000000006	0.036187757008883	0.05874998404505297
C11orf84	0.1607099999999999	0.036187757008883	0.05874998404505297
LOC101927933	-0.33613999999999944	0.036876921072565925	0.05974859397699458
AGAP9	-0.10402999999999984	0.036876921072565925	0.05974859397699458
MIR6840	-0.4975500000000004	0.036876719207332175	0.05974859397699458
FBXO10	-0.0745199999999997	0.036876719207332175	0.05974859397699458
NAF1	0.32826500000000003	0.036876921072565925	0.05974859397699458
C17orf100	-0.12898499999999968	0.036876921072565925	0.05974859397699458
DIS3	0.21476499999999987	0.036876921072565925	0.05974859397699458
NEDD9	-0.7643399999999989	0.036876921072565925	0.05974859397699458
SESN1	-0.9889550000000007	0.036876921072565925	0.05974859397699458
C19orf70	-0.3464349999999996	0.036876921072565925	0.05974859397699458
RTN4RL1	-1.2764849999999996	0.036876921072565925	0.05974859397699458
CKMT1A	2.0016050000000005	0.036876921072565925	0.05974859397699458
SGPP1	0.34041500000000013	0.036876921072565925	0.05974859397699458
LRRC27	-0.5372450000000004	0.036876921072565925	0.05974859397699458
IK	-0.21793500000000066	0.036876921072565925	0.05974859397699458
IDH1	0.7772500000000004	0.036876719207332175	0.05974859397699458
FKBP4	0.8429099999999998	0.036876921072565925	0.05974859397699458
CCPG1	0.20006000000000057	0.036876921072565925	0.05974859397699458
LRP5L	0.19430999999999976	0.037577231567625755	0.06076799073775738
CDC14A	-0.2865350000000002	0.037577231567625755	0.06076799073775738
MLST8	0.40073500000000006	0.037577231567625755	0.06076799073775738
GPR107	0.37570000000000014	0.037577231567625755	0.06076799073775738
RAB22A	0.3989199999999995	0.037577231567625755	0.06076799073775738
NEK7	0.5787999999999993	0.037577027199018405	0.06076799073775738
GMDS-AS1	0.4729100000000006	0.037577231567625755	0.06076799073775738
MGME1	0.2697249999999993	0.037577231567625755	0.06076799073775738
SNHG9	0.1365750000000001	0.037577231567625755	0.06076799073775738
RAPGEF5	0.6251699999999989	0.037577231567625755	0.06076799073775738
B4GALT2	-0.26486000000000054	0.037577231567625755	0.06076799073775738
MAST3	-0.4819250000000004	0.037577231567625755	0.06076799073775738
STAG3L3	-0.9321550000000007	0.037577231567625755	0.06076799073775738
TAMM41	-0.24846500000000038	0.037577231567625755	0.06076799073775738
CST7	0.411284999999999	0.037577231567625755	0.06076799073775738
CTDP1	0.17036500000000032	0.037577231567625755	0.06076799073775738
SDC3	-0.6736800000000001	0.037577231567625755	0.06076799073775738
C5	-0.7338300000000002	0.038288826721349443	0.0617880144068715
BBIP1	-0.5535549999999994	0.038288826721349443	0.0617880144068715
GNE	-0.8682050000000006	0.038288826721349443	0.0617880144068715
ZNF311	-0.29639499999999996	0.03828861983337791	0.0617880144068715
RIC8B	0.19180999999999937	0.038288826721349443	0.0617880144068715
C7orf43	0.14986500000000014	0.038288826721349443	0.0617880144068715
STK3	0.35220499999999966	0.038288826721349443	0.0617880144068715
YBX1	0.18664999999999843	0.038288826721349443	0.0617880144068715
ZNF37BP	-0.3236200000000009	0.038288826721349443	0.0617880144068715
DDI2	0.4328000000000003	0.038288826721349443	0.0617880144068715
ALDH3B2	2.2257999999999996	0.038288826721349443	0.0617880144068715
COG4	-0.32015499999999975	0.038288826721349443	0.0617880144068715
TBC1D32	0.23719	0.038288826721349443	0.0617880144068715
CHAD	-0.27598999999999974	0.038288826721349443	0.0617880144068715
NMU	0.32127000000000017	0.038288826721349443	0.0617880144068715
TMEM161A	-0.2885099999999996	0.038288826721349443	0.0617880144068715
STAG3	-0.08783500000000011	0.03828861983337791	0.0617880144068715
EPM2AIP1	-0.3583999999999996	0.038288826721349443	0.0617880144068715
CRLS1	0.6443999999999992	0.038288826721349443	0.0617880144068715
NR2F6	0.20895000000000152	0.0390116362208043	0.06282910307655103
RFFL	0.15037000000000011	0.03901184564393752	0.06282910307655103
MUC5B	0.5257150000000004	0.03901184564393752	0.06282910307655103
PPP6R2	-0.2623249999999997	0.03901184564393752	0.06282910307655103
SBF2	-0.4296300000000013	0.03901184564393752	0.06282910307655103
TCEA2	-0.5620600000000007	0.03901184564393752	0.06282910307655103
HTATSF1P2	-0.5131349999999992	0.03901184564393752	0.06282910307655103
MYO9B	-0.41539000000000037	0.03901184564393752	0.06282910307655103
MVB12A	0.10567500000000063	0.03901184564393752	0.06282910307655103
ZBTB14	0.12435500000000044	0.03901184564393752	0.06282910307655103
CHP1	-0.23464999999999847	0.03901184564393752	0.06282910307655103
NCF4	0.21786999999999956	0.03901184564393752	0.06282910307655103
PBLD	-0.4939999999999998	0.03901184564393752	0.06282910307655103
STK25	0.15195999999999898	0.03901184564393752	0.06282910307655103
FAM179B	0.3770100000000003	0.03901184564393752	0.06282910307655103
MYRFL	-0.21980000000000022	0.03901184564393752	0.06282910307655103
SLC38A7	0.26755499999999977	0.03901184564393752	0.06282910307655103
RNF166	0.41535999999999973	0.03901184564393752	0.06282910307655103
MON1A	-0.26298500000000047	0.03974642831784553	0.06384929557873371
ZNF76	0.2042900000000003	0.03974642831784553	0.06384929557873371
SHANK2	0.3981749999999993	0.03974642831784553	0.06384929557873371
TCAP	-0.31093499999999974	0.03974642831784553	0.06384929557873371
THAP4	0.19346499999999978	0.03974642831784553	0.06384929557873371
PDLIM1	-0.8214550000000003	0.03974642831784553	0.06384929557873371
SAMD3	0.13368999999999964	0.03974642831784553	0.06384929557873371
COPS3	0.31355999999999895	0.03974642831784553	0.06384929557873371
MDM2	0.24357500000000165	0.03974642831784553	0.06384929557873371
ZNF740	-0.204415	0.03974642831784553	0.06384929557873371
HAUS8	0.18989499999999992	0.03974642831784553	0.06384929557873371
ZNF766	-0.3050000000000015	0.03974642831784553	0.06384929557873371
PI3	-0.6646200000000002	0.03974642831784553	0.06384929557873371
DYNLRB2	-0.9454949999999998	0.03974642831784553	0.06384929557873371
PRPF31	-0.35555999999999877	0.03974642831784553	0.06384929557873371
FNIP1	-0.23634999999999984	0.03974642831784553	0.06384929557873371
HDDC2	0.45438000000000045	0.03974642831784553	0.06384929557873371
CYB5A	0.6963000000000008	0.03974621634395295	0.06384929557873371
ARHGAP44	-1.2512649999999996	0.03974642831784553	0.06384929557873371
USP5	0.38498500000000035	0.03974642831784553	0.06384929557873371
TBXAS1	0.08436500000000002	0.03974642831784553	0.06384929557873371
FBL	-0.9394500000000008	0.03974600437033907	0.06384929557873371
ZNF155	-0.3519800000000002	0.03974642831784553	0.06384929557873371
PRIM2	-0.11586500000000033	0.04049271558674583	0.06488306474133543
WNT2	0.5480900000000011	0.04049271558674583	0.06488306474133543
ZNF91	0.24175000000000146	0.04049271558674583	0.06488306474133543
NAXD	0.23173500000000047	0.04049271558674583	0.06488306474133543
PRKAG2	-0.16347000000000111	0.04049271558674583	0.06488306474133543
AIG1	-0.5369299999999999	0.04049271558674583	0.06488306474133543
MAK	0.11190999999999995	0.04049271558674583	0.06488306474133543
C11orf70	-0.10282500000000017	0.04049250104670306	0.06488306474133543
MAP6D1	0.18019499999999988	0.04049271558674583	0.06488306474133543
CCDC137	0.42313500000000026	0.04049271558674583	0.06488306474133543
WASIR2	0.11335999999999968	0.04049271558674583	0.06488306474133543
ETHE1	0.2744049999999998	0.04049271558674583	0.06488306474133543
ETV7	0.25890499999999994	0.04049271558674583	0.06488306474133543
ERV3-2	-0.15329499999999996	0.04049271558674583	0.06488306474133543
RNASEL	0.3461300000000005	0.04049271558674583	0.06488306474133543
ZNF286B	0.543569999999999	0.04049271558674583	0.06488306474133543
ITGA3	-1.0798999999999994	0.04049271558674583	0.06488306474133543
LOC653602	0.2226250000000003	0.04049271558674583	0.06488306474133543
AACS	-0.38352500000000056	0.04049271558674583	0.06488306474133543
ERCC6	-0.3575600000000003	0.04049271558674583	0.06488306474133543
ATP2C1	0.23197000000000045	0.04049271558674583	0.06488306474133543
TMA16	0.14534000000000002	0.04049271558674583	0.06488306474133543
YY1AP1	0.195450000000001	0.04049250104670306	0.06488306474133543
SGPP2	0.4947799999999998	0.041250849144108113	0.06593779100393374
PABPC4L	-0.38602999999999943	0.041250849144108113	0.06593779100393374
CST2	0.10266999999999982	0.041250849144108113	0.06593779100393374
RGS13	-0.037365000000000315	0.041250849144108113	0.06593779100393374
NABP1	0.3690300000000004	0.041250849144108113	0.06593779100393374
GMPPA	0.39713499999999957	0.041250849144108113	0.06593779100393374
AOAH	0.4860900000000008	0.04125063202273805	0.06593779100393374
XYLT1	-0.6395049999999998	0.041250849144108113	0.06593779100393374
MAML3	-0.408500000000001	0.041250849144108113	0.06593779100393374
NPDC1	-0.3537499999999989	0.041250849144108113	0.06593779100393374
METTL22	-0.39010499999999926	0.041250849144108113	0.06593779100393374
CYP1B1	1.022920000000001	0.041250849144108113	0.06593779100393374
NPHP3	-0.6592000000000002	0.041250849144108113	0.06593779100393374
ARHGAP25	-0.9320249999999994	0.041250849144108113	0.06593779100393374
CYR61	1.0496499999999997	0.041250849144108113	0.06593779100393374
MUC15	-0.8758999999999997	0.041250849144108113	0.06593779100393374
C7orf13	0.2118000000000002	0.041250849144108113	0.06593779100393374
INPP5D	-0.7771400000000002	0.041250849144108113	0.06593779100393374
GTF2H3	0.32266499999999887	0.041250849144108113	0.06593779100393374
ATRIP	0.29799500000000023	0.041250849144108113	0.06593779100393374
DUSP16	0.5421499999999995	0.04125063202273805	0.06593779100393374
LOC101929787	-0.557595000000001	0.041250849144108113	0.06593779100393374
C8orf44-SGK3	0.6950999999999983	0.04202097152139531	0.06695507443863317
EIF2B5	-0.30324500000000043	0.04202097152139531	0.06695507443863317
ZNF696	0.1807149999999993	0.04202097152139531	0.06695507443863317
ADPRHL2	0.29642000000000124	0.04202097152139531	0.06695507443863317
KDM4B	-1.1068650000000009	0.04202097152139531	0.06695507443863317
RTF1	0.2381100000000007	0.04202097152139531	0.06695507443863317
TSIX	-0.07118499999999983	0.04202097152139531	0.06695507443863317
MTERF1	0.24881999999999938	0.04202075180374163	0.06695507443863317
UBL4A	0.38137500000000024	0.04202097152139531	0.06695507443863317
SLC25A12	0.3405649999999998	0.04202097152139531	0.06695507443863317
STMN2	-0.12983500000000014	0.04202075180374163	0.06695507443863317
AP4M1	0.08377999999999997	0.04202097152139531	0.06695507443863317
CALML4	0.26474500000000045	0.04202097152139531	0.06695507443863317
LOC100130872	-0.8091299999999997	0.04202097152139531	0.06695507443863317
LOC101928617	-0.09279499999999974	0.04202097152139531	0.06695507443863317
MLYCD	-0.1567999999999996	0.04202097152139531	0.06695507443863317
SYNE2	0.9928649999999983	0.04202097152139531	0.06695507443863317
CDC42BPA	-0.38206000000000007	0.04202097152139531	0.06695507443863317
OASL	0.3414950000000001	0.04202097152139531	0.06695507443863317
MARCH9	0.26712000000000025	0.04202097152139531	0.06695507443863317
IRF5	0.25259500000000035	0.04202097152139531	0.06695507443863317
AK8	-0.3064100000000005	0.04202097152139531	0.06695507443863317
RNGTT	0.2828299999999997	0.04202097152139531	0.06695507443863317
SLC22A4	0.46255999999999986	0.04202097152139531	0.06695507443863317
YWHAG	0.594850000000001	0.04202097152139531	0.06695507443863317
B3GAT3	-0.2634850000000002	0.04202097152139531	0.06695507443863317
RELA	0.2515400000000003	0.04202097152139531	0.06695507443863317
MFSD2A	0.24898000000000042	0.04202097152139531	0.06695507443863317
CD72	0.21754000000000007	0.04202097152139531	0.06695507443863317
SEMA3F	-0.3552099999999996	0.04241035226340639	0.06756808947550057
SNORD96A	-0.2944500000000012	0.042803226075872565	0.06808197689746126
CBLN2	-0.05667	0.042803003747206886	0.06808197689746126
CMTM8	0.62188	0.042803226075872565	0.06808197689746126
CD59	-0.5548500000000001	0.042803226075872565	0.06808197689746126
NAP1L1	-0.22589999999999932	0.042803003747206886	0.06808197689746126
XPO4	0.6128749999999998	0.042803226075872565	0.06808197689746126
TMEM63B	-0.3857300000000006	0.042803226075872565	0.06808197689746126
ADAMTS17	0.09778999999999982	0.042803003747206886	0.06808197689746126
ZNF189	-0.17752999999999908	0.042803226075872565	0.06808197689746126
SLA	0.4750500000000004	0.042803226075872565	0.06808197689746126
ASH1L-AS1	0.2879100000000001	0.042803226075872565	0.06808197689746126
APRT	-0.6750600000000002	0.042803003747206886	0.06808197689746126
ZNF121	0.18618999999999986	0.042803226075872565	0.06808197689746126
URB2	0.411505	0.042803226075872565	0.06808197689746126
EN1	0.1730900000000002	0.042803226075872565	0.06808197689746126
ARMCX4	-0.4549649999999996	0.04359775697802677	0.06918660548955358
ADAMTS6	0.08035000000000014	0.04359775697802677	0.06918660548955358
ING4	-0.22805500000000034	0.04359775697802677	0.06918660548955358
NRCAM	-0.143675	0.04359775697802677	0.06918660548955358
PITPNM1	0.21853500000000015	0.04359775697802677	0.06918660548955358
SERPINA6	-0.009460000000000246	0.04359730706994233	0.06918660548955358
ERICH1	0.30476499999999973	0.04359775697802677	0.06918660548955358
ST6GALNAC5	0.3085899999999997	0.04359775697802677	0.06918660548955358
CD99	0.5588000000000015	0.04359775697802677	0.06918660548955358
PEX10	-0.471025	0.04359775697802677	0.06918660548955358
SH3GL1	0.2599899999999993	0.04359775697802677	0.06918660548955358
DNAJC25-GNG10	0.2629299999999999	0.04359775697802677	0.06918660548955358
S100A10	0.8064499999999981	0.04359753202385551	0.06918660548955358
LOC100288152	-0.65726	0.04359775697802677	0.06918660548955358
HACD4	1.1299000000000001	0.04359775697802677	0.06918660548955358
CDKN2D	0.18964499999999962	0.04359775697802677	0.06918660548955358
NSUN3	0.15885499999999997	0.04359753202385551	0.06918660548955358
ATP8A1	-0.49221000000000004	0.04359775697802677	0.06918660548955358
ARL6	-0.23489499999999985	0.04359753202385551	0.06918660548955358
KCNMA1	-1.1004399999999999	0.04359775697802677	0.06918660548955358
LOC102724250	-0.5374900000000018	0.04359775697802677	0.06918660548955358
GCDH	-0.42410000000000103	0.04440470919859385	0.07026753699269696
CRTC3	-0.3823450000000008	0.04440470919859385	0.07026753699269696
RAB36	-0.2853399999999997	0.04440470919859385	0.07026753699269696
MBOAT7	0.31667000000000023	0.04440470919859385	0.07026753699269696
STYXL1	0.2488399999999995	0.04440470919859385	0.07026753699269696
ZNF251	0.5318050000000003	0.04440470919859385	0.07026753699269696
KDM7A	0.51145	0.04440470919859385	0.07026753699269696
RCCD1	0.30583000000000027	0.04440470919859385	0.07026753699269696
DOCK7	0.21466999999999992	0.04440470919859385	0.07026753699269696
UGT2B28	-2.847905	0.04440470919859385	0.07026753699269696
SEPT11	0.7482249999999997	0.04440470919859385	0.07026753699269696
PTPDC1	0.7546050000000006	0.04440470919859385	0.07026753699269696
GFRA1	-3.63711	0.04440470919859385	0.07026753699269696
HAGLR	-0.2747900000000003	0.04440470919859385	0.07026753699269696
CCNDBP1	0.6289799999999985	0.04440470919859385	0.07026753699269696
ZC3H14	0.44907500000000056	0.04440470919859385	0.07026753699269696
EPHX2	-1.0798800000000002	0.04440470919859385	0.07026753699269696
STRADB	-0.4079649999999999	0.04440470919859385	0.07026753699269696
IFIT5	0.42501999999999995	0.04440470919859385	0.07026753699269696
PPP3CC	0.14352000000000054	0.04440470919859385	0.07026753699269696
CHIT1	-0.1335099999999998	0.04440470919859385	0.07026753699269696
PBDC1	0.2859599999999993	0.04440470919859385	0.07026753699269696
ASCL1	-0.029689999999999994	0.04440448160466561	0.07026753699269696
LINC00621	0.2577700000000007	0.04440448160466561	0.07026753699269696
CCDC112	-0.21476000000000006	0.04440470919859385	0.07026753699269696
THOC1	-0.231325	0.04440470919859385	0.07026753699269696
FDCSP	-3.8949000000000003	0.04522422849519236	0.0714631388691168
DNLZ	0.3363750000000003	0.04522422849519236	0.0714631388691168
SUPT5H	-0.19306999999999874	0.04522422849519236	0.0714631388691168
MTA1	0.24862500000000054	0.04522422849519236	0.0714631388691168
ARRDC3	-0.4983550000000001	0.04522422849519236	0.0714631388691168
RET	1.8745099999999995	0.04522422849519236	0.0714631388691168
TRIM4	0.47605500000000056	0.04522422849519236	0.0714631388691168
LBX2-AS1	0.17996999999999996	0.04522422849519236	0.0714631388691168
NR2E3	-0.32433000000000023	0.04522422849519236	0.0714631388691168
PLEKHA3	-0.36404500000000084	0.04522422849519236	0.0714631388691168
SERPINB5	-3.0411099999999998	0.04522422849519236	0.0714631388691168
LOC389906	0.3847100000000001	0.04522422849519236	0.0714631388691168
SLC22A15	0.06897500000000045	0.04522422849519236	0.0714631388691168
ARHGAP35	-0.5270599999999988	0.04605646139856006	0.07256503552456213
UTP4	0.3598800000000004	0.04605646139856006	0.07256503552456213
PRRX1	0.648200000000001	0.04605646139856006	0.07256503552456213
DNAAF1	-0.5371800000000002	0.04605646139856006	0.07256503552456213
DET1	0.7683900000000001	0.04605646139856006	0.07256503552456213
MAP3K5	-0.4069400000000005	0.04605646139856006	0.07256503552456213
C15orf61	0.19295499999999954	0.04605646139856006	0.07256503552456213
ZNF316	-0.18491500000000016	0.04605646139856006	0.07256503552456213
BCL9	0.16434499999999996	0.04605646139856006	0.07256503552456213
RRAGC	-0.26593999999999873	0.04605646139856006	0.07256503552456213
NCOA1	-0.28972000000000087	0.04605646139856006	0.07256503552456213
OGFOD1	0.21529500000000112	0.04605646139856006	0.07256503552456213
COA7	0.3059600000000007	0.04605646139856006	0.07256503552456213
CRACR2A	-0.6274950000000006	0.04605646139856006	0.07256503552456213
GGT2	-1.5944450000000003	0.04605646139856006	0.07256503552456213
SOCS7	-0.63889	0.04605646139856006	0.07256503552456213
SLC2A3	0.7664350000000004	0.04605622848336768	0.07256503552456213
URB1-AS1	0.3536399999999995	0.04605646139856006	0.07256503552456213
SOX8	-1.3426649999999998	0.04605646139856006	0.07256503552456213
FSD1L	0.22024500000000025	0.04605646139856006	0.07256503552456213
CTNNA1	0.1734000000000009	0.04605622848336768	0.07256503552456213
RBFOX2	-0.5897799999999993	0.04605646139856006	0.07256503552456213
LTBR	0.3745749999999992	0.04605646139856006	0.07256503552456213
SNURF	-0.670040000000002	0.04605646139856006	0.07256503552456213
ARHGAP17	0.20079000000000047	0.04605646139856006	0.07256503552456213
MSC-AS1	-0.2889050000000002	0.04605646139856006	0.07256503552456213
COX20	0.47482499999999916	0.04605646139856006	0.07256503552456213
NFIL3	0.8360500000000011	0.04690155519839263	0.07376848094780221
GBAS	0.3807999999999989	0.04690155519839263	0.07376848094780221
IPO5	-0.3485150000000008	0.04690155519839263	0.07376848094780221
ZRSR1	-0.3704550000000002	0.04690155519839263	0.07376848094780221
IL13RA1	0.5690600000000003	0.04690155519839263	0.07376848094780221
CYP39A1	-0.22245999999999988	0.04690108400627326	0.07376848094780221
SCGB2A1	-2.941615	0.04690155519839263	0.07376848094780221
TPRN	0.5792900000000003	0.04690155519839263	0.07376848094780221
ENDOV	-0.3007800000000005	0.04690155519839263	0.07376848094780221
MIR4683	-0.7991999999999999	0.04690155519839263	0.07376848094780221
MOCS2	0.7687799999999996	0.04690155519839263	0.07376848094780221
NTPCR	0.3083599999999995	0.04690155519839263	0.07376848094780221
LINC00597	-0.8342299999999998	0.04690131960221334	0.07376848094780221
CYP2J2	1.0708349999999998	0.04690155519839263	0.07376848094780221
THAP9	0.27832500000000016	0.04690155519839263	0.07376848094780221
SF3A1	-0.16890499999999875	0.04690155519839263	0.07376848094780221
UQCRQ	0.3130000000000006	0.047759657928781306	0.07488293591467957
KRT10	0.23659999999999926	0.047759657928781306	0.07488293591467957
SIRT1	0.346515000000001	0.047759657928781306	0.07488293591467957
ELP6	-0.2241900000000001	0.047759657928781306	0.07488293591467957
ZNF709	-0.51905	0.047759657928781306	0.07488293591467957
ALDH16A1	-0.41041499999999953	0.047759657928781306	0.07488293591467957
ASNS	0.3055350000000008	0.047759657928781306	0.07488293591467957
UCKL1	0.47944999999999993	0.047759657928781306	0.07488293591467957
NFU1	-0.12025000000000041	0.047759657928781306	0.07488293591467957
SSBP2	-0.2620950000000004	0.04775941963840408	0.07488293591467957
BCKDHB	0.2817299999999996	0.047759657928781306	0.07488293591467957
EDRF1	0.18048499999999912	0.047759657928781306	0.07488293591467957
LMF1	-0.3421650000000005	0.047759657928781306	0.07488293591467957
SLC1A5	0.6298899999999996	0.047759657928781306	0.07488293591467957
PPFIA3	-0.06998500000000041	0.04775918134826107	0.07488293591467957
SNHG17	0.43649000000000093	0.047759657928781306	0.07488293591467957
TADA3	0.16866999999999877	0.047759657928781306	0.07488293591467957
PARTICL	-0.09432999999999936	0.04775941963840408	0.07488293591467957
SAMHD1	-0.38644999999999996	0.04775918134826107	0.07488293591467957
MGAT5B	-0.09641999999999973	0.047759657928781306	0.07488293591467957
LIPT1	0.3543149999999997	0.047759657928781306	0.07488293591467957
C12orf43	0.6826749999999997	0.047759657928781306	0.07488293591467957
EMC7	0.24535000000000018	0.047759657928781306	0.07488293591467957
IGHG1	0.16207999999999956	0.047759657928781306	0.07488293591467957
DIO1	0.12292499999999995	0.047759657928781306	0.07488293591467957
RMND1	0.44540500000000005	0.047759657928781306	0.07488293591467957
QSOX2	0.44257499999999883	0.047759657928781306	0.07488293591467957
DPAGT1	0.40066500000000094	0.047759657928781306	0.07488293591467957
TMEM11	0.3213499999999998	0.047759657928781306	0.07488293591467957
VASN	-0.3892699999999998	0.04863091835324867	0.07613391508472156
AGO4	0.2558549999999995	0.04863091835324867	0.07613391508472156
ARHGAP9	0.5761750000000001	0.04863091835324867	0.07613391508472156
SLC35A1	0.19914499999999968	0.04863091835324867	0.07613391508472156
RGS3	-0.5876349999999997	0.04863091835324867	0.07613391508472156
BAG4	0.2768550000000012	0.04863091835324867	0.07613391508472156
CAPRIN2	-0.3851699999999987	0.04863091835324867	0.07613391508472156
FANCM	-0.26795999999999953	0.04863091835324867	0.07613391508472156
CHIC2	0.3111500000000005	0.04863091835324867	0.07613391508472156
LINC00294	0.11943000000000037	0.04863091835324867	0.07613391508472156
CFAP73	-0.08614000000000033	0.04863091835324867	0.07613391508472156
NR3C1	-0.575050000000001	0.04863091835324867	0.07613391508472156
KIAA1191	0.23939999999999984	0.04863091835324867	0.07613391508472156
NOTCH2	-0.30044999999999966	0.048630677355740844	0.07613391508472156
LHX2	0.11543500000000018	0.04951548594937992	0.07737693822844025
CLCN2	0.0794649999999999	0.04951548594937992	0.07737693822844025
SLC25A4	0.49332500000000046	0.04951548594937992	0.07737693822844025
COIL	0.26578499999999927	0.04951548594937992	0.07737693822844025
RHOBTB3	0.9022600000000001	0.04951548594937992	0.07737693822844025
ARNTL2	0.26621000000000006	0.04951524223209452	0.07737693822844025
GHDC	-0.5434749999999999	0.04951548594937992	0.07737693822844025
LPAR5	0.6074450000000002	0.04951548594937992	0.07737693822844025
HMCES	0.21588999999999992	0.04951548594937992	0.07737693822844025
NPY1R	-3.2008149999999995	0.04951548594937992	0.07737693822844025
MPZL2	1.2261699999999998	0.04951548594937992	0.07737693822844025
MT1F	-0.34054000000000073	0.04951548594937992	0.07737693822844025
PPM1J	0.3003049999999998	0.04951548594937992	0.07737693822844025
FLJ12120	-0.05873000000000017	0.04951548594937992	0.07737693822844025
CASC1	-0.03871499999999983	0.04951548594937992	0.07737693822844025
MOB3A	0.32900499999999955	0.04951548594937992	0.07737693822844025
HOXB7	1.0483650000000004	0.04951548594937992	0.07737693822844025
SLC25A35	-0.3845700000000001	0.05041351089304884	0.07857733231607333
MSN	0.2810000000000006	0.05041326444363193	0.07857733231607333
PRELID2	-0.2245499999999998	0.05041351089304884	0.07857733231607333
SERPINB9	-1.004574999999999	0.05041351089304884	0.07857733231607333
ZNF711	-0.9654350000000003	0.05041351089304884	0.07857733231607333
ATG4C	-0.23000500000000024	0.05041351089304884	0.07857733231607333
CCDC124	0.13692500000000063	0.05041351089304884	0.07857733231607333
DKFZP586B0319	0.1400699999999997	0.05041351089304884	0.07857733231607333
IQCJ-SCHIP1	-0.3977099999999991	0.05041351089304884	0.07857733231607333
KIAA0922	0.6285099999999995	0.05041351089304884	0.07857733231607333
AKAP10	-0.2754349999999981	0.05041351089304884	0.07857733231607333
GP2	-0.60195	0.05041351089304884	0.07857733231607333
KATNA1	0.3477249999999996	0.05041351089304884	0.07857733231607333
NHSL1	0.7300750000000003	0.05041351089304884	0.07857733231607333
APELA	-0.26382499999999975	0.05041351089304884	0.07857733231607333
CLK4	-0.31413000000000046	0.05041351089304884	0.07857733231607333
TEX2	0.19844999999999935	0.05041351089304884	0.07857733231607333
HSPBP1	0.28536499999999965	0.05041351089304884	0.07857733231607333
A1BG-AS1	-0.14412500000000028	0.05041351089304884	0.07857733231607333
FNBP1L	0.2969500000000007	0.05041326444363193	0.07857733231607333
TSPAN18	-0.6384749999999997	0.05041351089304884	0.07857733231607333
PARD6G	-0.6548350000000003	0.05041351089304884	0.07857733231607333
TRAF3IP3	0.8624849999999995	0.05041351089304884	0.07857733231607333
TRAPPC10	0.3141700000000007	0.05041351089304884	0.07857733231607333
CCR6	-0.1655249999999997	0.05086736916711314	0.07927623256544505
LOC101928634	0.11675000000000146	0.05132489484863431	0.07983544792002505
SAMD4B	-0.4340049999999991	0.05132514404223618	0.07983544792002505
SETDB1	0.31357500000000016	0.05132514404223618	0.07983544792002505
PHF11	0.2631500000000013	0.05132514404223618	0.07983544792002505
SMC2	0.38277999999999945	0.05132514404223618	0.07983544792002505
ATRAID	0.19665000000000177	0.05132489484863431	0.07983544792002505
BTBD2	-0.14480999999999966	0.05132514404223618	0.07983544792002505
TAB2	0.1146849999999997	0.05132514404223618	0.07983544792002505
LOC102724197	-1.3734349999999997	0.05132514404223618	0.07983544792002505
NUDT16L1	0.30833500000000047	0.05132514404223618	0.07983544792002505
MANEA	0.2013000000000007	0.05132514404223618	0.07983544792002505
KLF3	0.44782999999999973	0.05132514404223618	0.07983544792002505
DZIP1	-0.45885	0.05132514404223618	0.07983544792002505
BAHD1	0.3052250000000001	0.05132514404223618	0.07983544792002505
C14orf2	-0.2519999999999989	0.05132514404223618	0.07983544792002505
BRD7	0.3009800000000009	0.05132514404223618	0.07983544792002505
EIF2D	-0.44602500000000056	0.05132514404223618	0.07983544792002505
SCYL1	-0.32797500000000035	0.05132514404223618	0.07983544792002505
AOX1	-0.07238999999999995	0.05225053692043971	0.08109247591734803
MKRN2	0.14163999999999977	0.05225053692043971	0.08109247591734803
WDR55	0.21370499999999915	0.05225053692043971	0.08109247591734803
C9orf142	0.6324050000000003	0.05225053692043971	0.08109247591734803
LOC101927330	-0.2044950000000001	0.052250284970907175	0.08109247591734803
SC5D	0.9235999999999995	0.05225053692043971	0.08109247591734803
TOMM40L	0.3817150000000007	0.05225053692043971	0.08109247591734803
NUS1P3	0.14589499999999944	0.05225053692043971	0.08109247591734803
BOLA1	0.568505	0.05225053692043971	0.08109247591734803
VCPIP1	0.202160000000001	0.05225053692043971	0.08109247591734803
PDZD2	-0.9786199999999994	0.05225053692043971	0.08109247591734803
LOC100287590	-0.22898500000000066	0.05225053692043971	0.08109247591734803
RAB11FIP2	0.31044999999999945	0.05225053692043971	0.08109247591734803
ARSG	0.5539999999999998	0.05225053692043971	0.08109247591734803
LOC101927151	-0.5587749999999989	0.05225053692043971	0.08109247591734803
HS6ST1	0.2557799999999997	0.05225053692043971	0.08109247591734803
SRP14	0.08999999999999986	0.05225053692043971	0.08109247591734803
BRCA1	0.3045600000000004	0.05225053692043971	0.08109247591734803
ZNF589	-0.3189650000000004	0.05225053692043971	0.08109247591734803
SDR16C5	3.0557499999999993	0.05225053692043971	0.08109247591734803
ESRRA	0.274235	0.05225053692043971	0.08109247591734803
TBC1D24	-0.6657649999999986	0.05318984169967399	0.08239177399068433
FLYWCH2	-0.5607850000000001	0.05318984169967399	0.08239177399068433
TET2	0.20102499999999957	0.05318984169967399	0.08239177399068433
RPLP0	-0.16655000000000086	0.05318984169967399	0.08239177399068433
HMGCL	-0.45406499999999994	0.05318984169967399	0.08239177399068433
SLC4A11	-1.2188950000000007	0.05318984169967399	0.08239177399068433
FAM184B	0.30949499999999963	0.05318984169967399	0.08239177399068433
KDELR1	-0.15679999999999872	0.05318984169967399	0.08239177399068433
KIF16B	0.2539850000000001	0.05318984169967399	0.08239177399068433
TNK1	-0.39139000000000035	0.05318984169967399	0.08239177399068433
FRMD6-AS1	-0.5376750000000001	0.05318984169967399	0.08239177399068433
THAP10	-0.2761899999999997	0.05318984169967399	0.08239177399068433
PSD4	0.13678999999999952	0.05318984169967399	0.08239177399068433
CWC15	0.28010999999999875	0.053188568117218595	0.08239177399068433
SREBF1	0.666974999999999	0.05318984169967399	0.08239177399068433
EFCAB12	-0.058310000000000084	0.05318984169967399	0.08239177399068433
HAPLN3	-1.2256650000000002	0.05318984169967399	0.08239177399068433
FAM219A	0.36411500000000085	0.05318984169967399	0.08239177399068433
MROH7-TTC4	-0.26407500000000006	0.05414321118305961	0.08368111034486928
DRG1	-0.26107000000000014	0.05414321118305961	0.08368111034486928
ZBTB18	0.8953400000000009	0.05414321118305961	0.08368111034486928
PAX5	-0.13813999999999993	0.05414321118305961	0.08368111034486928
SGO1	0.15747	0.05414321118305961	0.08368111034486928
WDR4	0.5325600000000001	0.05414321118305961	0.08368111034486928
KCTD6	0.2933849999999989	0.05414321118305961	0.08368111034486928
COQ5	0.6200749999999999	0.05414321118305961	0.08368111034486928
LFNG	-0.7625400000000004	0.05414321118305961	0.08368111034486928
PAN2	-0.686399999999999	0.05414321118305961	0.08368111034486928
PHKA2	-0.10210000000000008	0.05414321118305961	0.08368111034486928
BLOC1S6	-0.2729499999999998	0.05414321118305961	0.08368111034486928
PPIP5K2	0.08664999999999878	0.05414321118305961	0.08368111034486928
CISH	0.7987199999999994	0.05414321118305961	0.08368111034486928
P2RX5	0.1437999999999997	0.05414321118305961	0.08368111034486928
ALOX5	0.17959999999999887	0.05414321118305961	0.08368111034486928
MMEL1	0.3675550000000003	0.05414321118305961	0.08368111034486928
METTL25	-0.4838300000000002	0.0541429536876978	0.08368111034486928
A2M-AS1	-0.19357000000000024	0.0541429536876978	0.08368111034486928
SDR39U1	-0.16191500000000048	0.05414321118305961	0.08368111034486928
CPT2	0.30839000000000016	0.05414321118305961	0.08368111034486928
SAMD11	0.1805349999999999	0.05462470033084995	0.0844162922426948
RNF123	0.2610349999999997	0.055110798787	0.08500467551617781
STK39	0.7989249999999988	0.055110798787	0.08500467551617781
MAPKAPK5-AS1	0.04609000000000041	0.055110798787	0.08500467551617781
USP47	-0.19340000000000224	0.055110798787	0.08500467551617781
ATAD3A	-0.4031849999999997	0.055110798787	0.08500467551617781
MIR186	-0.11271500000000012	0.055110798787	0.08500467551617781
ZSCAN18	-0.860244999999999	0.055110798787	0.08500467551617781
TBRG1	-0.3016500000000004	0.055110798787	0.08500467551617781
SLC34A2	-0.3000950000000002	0.055110798787	0.08500467551617781
LOC100653061	-0.1568649999999998	0.055110798787	0.08500467551617781
ANO1	-0.9570699999999999	0.055110798787	0.08500467551617781
BAHCC1	-0.7627449999999998	0.055110798787	0.08500467551617781
FAH	-0.5669149999999998	0.055110798787	0.08500467551617781
PLAGL1	-1.2214299999999998	0.055110798787	0.08500467551617781
HEPH	-0.8577749999999993	0.055110798787	0.08500467551617781
ZNF891	-0.14378000000000002	0.055110798787	0.08500467551617781
ST13	-0.31755000000000067	0.055110798787	0.08500467551617781
VAV3	0.9057700000000004	0.055110798787	0.08500467551617781
MTMR1	0.24487999999999843	0.05609275852294536	0.08631758390062652
GAMT	-0.10763999999999996	0.05609275852294536	0.08631758390062652
ATRNL1	-0.022645000000000248	0.05609275852294536	0.08631758390062652
ZEB1	-0.5023599999999995	0.05609275852294536	0.08631758390062652
VPS33B	-0.1915300000000002	0.05609249543865272	0.08631758390062652
FOXP1-IT1	-0.2901449999999999	0.05609275852294536	0.08631758390062652
SOX12	0.5982199999999995	0.05609275852294536	0.08631758390062652
WDFY3	0.5355600000000003	0.05609275852294536	0.08631758390062652
ABHD10	-0.33998499999999954	0.05609275852294536	0.08631758390062652
TTC4	0.13296999999999937	0.05609275852294536	0.08631758390062652
LOC100507424	-0.5850999999999997	0.05609275852294536	0.08631758390062652
FBXO33	-0.44083000000000094	0.05609275852294536	0.08631758390062652
AZGP1P1	-1.1734500000000008	0.05609275852294536	0.08631758390062652
USP30	-0.5230449999999998	0.05609275852294536	0.08631758390062652
DHRS1	0.19715499999999864	0.05609275852294536	0.08631758390062652
C16orf70	0.40018000000000065	0.05609275852294536	0.08631758390062652
CARM1	0.20744000000000007	0.05609249543865272	0.08631758390062652
PSCA	0.2313500000000004	0.05609275852294536	0.08631758390062652
AAK1	-0.18130999999999986	0.05609275852294536	0.08631758390062652
FCGR2B	0.6303500000000009	0.05609275852294536	0.08631758390062652
ZNF559-ZNF177	-1.1263050000000003	0.05609275852294536	0.08631758390062652
SENP5	0.15744500000000006	0.05609275852294536	0.08631758390062652
TCN1	-1.0227649999999997	0.05708924497874331	0.08763742236588905
SEZ6L2	0.8428	0.05708924497874331	0.08763742236588905
VARS2	-0.29399000000000086	0.05708924497874331	0.08763742236588905
SLITRK5	-0.23849500000000035	0.05708924497874331	0.08763742236588905
GUSBP9	0.7020250000000008	0.05708924497874331	0.08763742236588905
TRPT1	0.14994999999999958	0.05708924497874331	0.08763742236588905
VWA5B2	-0.05526500000000034	0.05708924497874331	0.08763742236588905
PCMT1	0.43549999999999933	0.05708924497874331	0.08763742236588905
PAX9	0.20997	0.05708924497874331	0.08763742236588905
TSPAN8	-1.509875	0.05708924497874331	0.08763742236588905
DZANK1	-0.5495399999999995	0.05708924497874331	0.08763742236588905
IGFBP5	-0.4043499999999991	0.05708924497874331	0.08763742236588905
AKNA	0.5779399999999999	0.05708924497874331	0.08763742236588905
PNPO	-0.48885999999999985	0.05708924497874331	0.08763742236588905
GJB6	-0.1481950000000003	0.05708924497874331	0.08763742236588905
LRRC37A3	-0.05651000000000028	0.05708924497874331	0.08763742236588905
SRGN	0.35389999999999944	0.05708924497874331	0.08763742236588905
BLVRA	0.4888500000000011	0.05708924497874331	0.08763742236588905
EGR2	-0.2660750000000007	0.05708924497874331	0.08763742236588905
BDH1	0.6193299999999997	0.05708924497874331	0.08763742236588905
KCNE3	2.4652	0.05708924497874331	0.08763742236588905
FGD2	-0.48867500000000064	0.05708924497874331	0.08763742236588905
MUT	0.13081999999999994	0.05708924497874331	0.08763742236588905
MRPL20	-0.20560000000000045	0.05810014458598174	0.08899211074110577
NLRC3	0.2675399999999999	0.05810041329957471	0.08899211074110577
NOTCH1	-0.2497600000000002	0.05810041329957471	0.08899211074110577
RAB13	-0.32445000000000057	0.05810041329957471	0.08899211074110577
STK24	0.1302500000000002	0.05810014458598174	0.08899211074110577
COPS7B	-0.34109000000000034	0.05810041329957471	0.08899211074110577
EIF4ENIF1	0.3146300000000011	0.05810041329957471	0.08899211074110577
TULP4	0.24633000000000127	0.05810041329957471	0.08899211074110577
C14orf159	-0.432385	0.05810041329957471	0.08899211074110577
PLEKHN1	-0.2177800000000003	0.05810041329957471	0.08899211074110577
NHSL2	-0.5194900000000002	0.05810041329957471	0.08899211074110577
FGFR4	0.1822950000000001	0.05810041329957471	0.08899211074110577
CD247	0.43981000000000026	0.05810041329957471	0.08899211074110577
DOK5	-0.20587500000000025	0.058099875872558666	0.08899211074110577
COL1A1	0.26479999999999926	0.05810014458598174	0.08899211074110577
SPRY1	-0.3860999999999999	0.05810041329957471	0.08899211074110577
ZBTB25	0.1634549999999999	0.05810041329957471	0.08899211074110577
SLC36A4	0.6933600000000002	0.05810041329957471	0.08899211074110577
LINC01138	-0.6837200000000001	0.05810041329957471	0.08899211074110577
LAMC1	-0.5892000000000017	0.05810041329957471	0.08899211074110577
FAM102B	0.33798999999999957	0.05810041329957471	0.08899211074110577
ARMC7	-0.27817000000000114	0.058611281662963664	0.08976513734545015
C11orf71	0.4097150000000003	0.059126419168475296	0.09038251149101034
EPHB4	-0.5467999999999993	0.059126419168475296	0.09038251149101034
C10orf2	-0.5258300000000009	0.059126419168475296	0.09038251149101034
DGKQ	0.2877299999999998	0.059126419168475296	0.09038251149101034
THG1L	0.4955350000000003	0.059126419168475296	0.09038251149101034
GPR75-ASB3	0.5424500000000005	0.059126419168475296	0.09038251149101034
MARCH6	-0.3713499999999996	0.059126419168475296	0.09038251149101034
PRKAB2	0.2614700000000001	0.059126419168475296	0.09038251149101034
ESM1	0.16389500000000057	0.059126419168475296	0.09038251149101034
VSTM2L	0.1492150000000001	0.059126419168475296	0.09038251149101034
SNORD88C	0.6001099999999999	0.059126419168475296	0.09038251149101034
DLX2	-0.27787000000000006	0.059126419168475296	0.09038251149101034
CRABP1	-2.5789999999999997	0.059126419168475296	0.09038251149101034
WWC3	0.31270499999999934	0.059126419168475296	0.09038251149101034
TRIM25	0.31538999999999895	0.059126419168475296	0.09038251149101034
RTN3	0.45120999999999967	0.059126419168475296	0.09038251149101034
CAPN2	0.31200000000000117	0.059126419168475296	0.09038251149101034
MAFG-AS1	0.1380250000000003	0.059126419168475296	0.09038251149101034
LOC101927668	0.18950500000000003	0.05964476201623324	0.09116527039256281
FRY	-0.852269999999999	0.06016741878644172	0.09178059407738515
BOLA3-AS1	-0.14819499999999985	0.06016741878644172	0.09178059407738515
RAI1	0.21562500000000107	0.06016741878644172	0.09178059407738515
IFNAR1	0.23826500000000017	0.06016741878644172	0.09178059407738515
TST	-0.8311350000000015	0.06016741878644172	0.09178059407738515
PHF19	0.4816899999999995	0.0601671444060312	0.09178059407738515
AGPAT1	0.2133900000000004	0.06016741878644172	0.09178059407738515
FAM50B	-0.29318500000000025	0.06016741878644172	0.09178059407738515
LRCH1	-0.437854999999999	0.06016741878644172	0.09178059407738515
AZIN2	0.2622	0.06016741878644172	0.09178059407738515
NUPR1	-0.6171500000000005	0.06016741878644172	0.09178059407738515
GEMIN8	0.6128900000000002	0.06016741878644172	0.09178059407738515
MLLT6	-0.6121799999999986	0.06016741878644172	0.09178059407738515
AKR7A3	0.7439049999999998	0.06016741878644172	0.09178059407738515
LRRC31	0.09263500000000002	0.0601671444060312	0.09178059407738515
PRLR	0.2973099999999995	0.06016741878644172	0.09178059407738515
UBAP2	0.1991700000000005	0.0601671444060312	0.09178059407738515
TMC6	0.5573899999999998	0.06016741878644172	0.09178059407738515
POLR3B	0.2725249999999999	0.06016741878644172	0.09178059407738515
ST6GAL1	0.9117000000000006	0.06122356885212299	0.09311779083269062
PGBD2	0.3170650000000004	0.06122356885212299	0.09311779083269062
SPEN	1.2592299999999987	0.06122329162515892	0.09311779083269062
LOC440434	0.4898699999999998	0.06122356885212299	0.09311779083269062
DDX6	-0.08085000000000164	0.06122356885212299	0.09311779083269062
NR2C2AP	0.5070849999999991	0.06122356885212299	0.09311779083269062
MED15	0.16098500000000016	0.06122356885212299	0.09311779083269062
CHST3	-0.37404499999999974	0.06122356885212299	0.09311779083269062
ENSA	0.3059499999999993	0.06122329162515892	0.09311779083269062
PEX26	-0.44840500000000016	0.06122356885212299	0.09311779083269062
MUTYH	-0.12624999999999975	0.06122356885212299	0.09311779083269062
TRMT6	0.26264499999999913	0.06122356885212299	0.09311779083269062
HOXC9	0.7140750000000002	0.06122356885212299	0.09311779083269062
OSBPL9	0.20764999999999922	0.06122356885212299	0.09311779083269062
MAGEC1	-0.15554499999999982	0.061222182718797785	0.09311779083269062
ARIH1	0.28194499999999856	0.06122356885212299	0.09311779083269062
RPS6KB1	0.39700000000000024	0.06122356885212299	0.09311779083269062
SERTAD2	0.3214000000000006	0.06122356885212299	0.09311779083269062
COQ6	0.8263350000000003	0.06122356885212299	0.09311779083269062
SFTPB	-0.0354650000000003	0.06122356885212299	0.09311779083269062
SETD2	-0.423980000000002	0.06122356885212299	0.09311779083269062
ISG20	0.6038950000000005	0.06122356885212299	0.09311779083269062
FDXR	-0.5258099999999999	0.06122356885212299	0.09311779083269062
GMNN	0.6170100000000005	0.06122356885212299	0.09311779083269062
ANKRD23	-0.29988499999999974	0.06122356885212299	0.09311779083269062
THEM4	-0.6451900000000004	0.06122356885212299	0.09311779083269062
NCS1	-0.07375500000000024	0.06122356885212299	0.09311779083269062
MT1H	-0.3722550000000009	0.06122356885212299	0.09311779083269062
TRERF1	0.7409050000000006	0.06229502654109596	0.09457902513641354
TELO2	-0.54704	0.06229502654109596	0.09457902513641354
NUDC	-0.3522999999999996	0.06229502654109596	0.09457902513641354
SLC35C2	-0.3697549999999996	0.06229502654109596	0.09457902513641354
LOC100291323	0.56304	0.06229502654109596	0.09457902513641354
DRAM1	0.5312400000000004	0.06229502654109596	0.09457902513641354
GMEB2	-0.34293500000000066	0.06229502654109596	0.09457902513641354
ZFP3	0.3442550000000004	0.06229502654109596	0.09457902513641354
DNASE1	-0.20383499999999977	0.06229502654109596	0.09457902513641354
TLN1	0.7361399999999998	0.06229502654109596	0.09457902513641354
NCKAP5	-0.16247000000000034	0.06229502654109596	0.09457902513641354
SLC38A5	0.09065000000000012	0.062294746459323154	0.09457902513641354
ROCK2	0.7871049999999995	0.06229502654109596	0.09457902513641354
FBRSL1	0.28610999999999986	0.06229502654109596	0.09457902513641354
GBP3	0.8541899999999991	0.06229502654109596	0.09457902513641354
NUBP2	-0.2159449999999996	0.06229502654109596	0.09457902513641354
ZNF16	0.18009000000000075	0.06229502654109596	0.09457902513641354
MICAL1	-0.37993000000000077	0.06338194948472631	0.09594836551831495
RPL8	0.18925000000000125	0.06338138359596858	0.09594836551831495
AFG3L1P	0.16201000000000043	0.06338194948472631	0.09594836551831495
NUDT15	0.37919500000000017	0.06338194948472631	0.09594836551831495
FOXK1	0.3413149999999989	0.06338194948472631	0.09594836551831495
B3GNTL1	-0.5619549999999998	0.06338194948472631	0.09594836551831495
HDAC9	-0.5984100000000003	0.06338194948472631	0.09594836551831495
SHISA5	0.16605000000000025	0.06338194948472631	0.09594836551831495
ACP6	0.6635999999999997	0.06338194948472631	0.09594836551831495
LOC101927972	-0.2446250000000001	0.06338194948472631	0.09594836551831495
SDCBP2-AS1	-0.14768000000000026	0.06338194948472631	0.09594836551831495
DFNA5	-0.2802300000000004	0.06338194948472631	0.09594836551831495
THOC7	0.1736500000000003	0.06338194948472631	0.09594836551831495
FBXL12	0.19451000000000018	0.06338194948472631	0.09594836551831495
PEX7	0.3792049999999998	0.06338194948472631	0.09594836551831495
SREK1	0.3044499999999992	0.06338194948472631	0.09594836551831495
ZPR1	0.21710499999999922	0.06338194948472631	0.09594836551831495
SNORD10	0.5778350000000003	0.06338194948472631	0.09594836551831495
AEN	-0.21877499999999994	0.06338194948472631	0.09594836551831495
AATF	0.191650000000001	0.06338194948472631	0.09594836551831495
ZNF717	-0.1947549999999998	0.06338194948472631	0.09594836551831495
LOC101929709	0.07796499999999984	0.06338194948472631	0.09594836551831495
KRT6B	-2.2468200000000005	0.06338194948472631	0.09594836551831495
TNPO3	-0.2958249999999989	0.06338194948472631	0.09594836551831495
ZSCAN2	-0.4568599999999998	0.06338194948472631	0.09594836551831495
CDK18	-0.8759600000000001	0.06338194948472631	0.09594836551831495
PDHA1	-0.4508900000000011	0.06338194948472631	0.09594836551831495
AKAP17A	0.2686849999999996	0.06338194948472631	0.09594836551831495
ZHX1	0.5852300000000001	0.06448449574861398	0.09745487014896163
GGNBP2	-0.440450000000002	0.06448449574861398	0.09745487014896163
CENPH	0.3185549999999999	0.06448449574861398	0.09745487014896163
HSD11B1	-0.7470299999999999	0.06448449574861398	0.09745487014896163
CHI3L2	-2.90928	0.06448449574861398	0.09745487014896163
LOC100996506	1.3769399999999994	0.06448449574861398	0.09745487014896163
PHF13	-0.35189499999999896	0.06448449574861398	0.09745487014896163
TMEM107	0.33432999999999957	0.06448449574861398	0.09745487014896163
H2AFJ	0.5566999999999993	0.06448420993402686	0.09745487014896163
AGR2	1.88213	0.06448449574861398	0.09745487014896163
SWAP70	0.32664000000000115	0.06448449574861398	0.09745487014896163
CFLAR	-0.6112500000000001	0.06448449574861398	0.09745487014896163
FMNL3	-0.7212049999999994	0.06448449574861398	0.09745487014896163
PEPD	0.5884000000000009	0.06448449574861398	0.09745487014896163
R3HDM4	0.08544000000000018	0.06448449574861398	0.09745487014896163
ST8SIA1	-0.9199250000000001	0.06448449574861398	0.09745487014896163
LINC01128	0.3256100000000002	0.0656028238106248	0.09890824412145902
ZFP69	-0.25873500000000016	0.0656028238106248	0.09890824412145902
TESK1	-0.21931499999999993	0.0656028238106248	0.09890824412145902
ODC1	0.9502699999999997	0.0656028238106248	0.09890824412145902
HDLBP	0.008100000000000662	0.06560224642716639	0.09890824412145902
PARP2	0.17912000000000106	0.0656028238106248	0.09890824412145902
GTSE1	-0.15440500000000057	0.0656028238106248	0.09890824412145902
UBR3	-0.4850399999999997	0.0656028238106248	0.09890824412145902
MIR3190	-0.5790500000000005	0.0656028238106248	0.09890824412145902
RTCB	-0.4109349999999985	0.0656028238106248	0.09890824412145902
RHBDL2	0.2932600000000005	0.0656028238106248	0.09890824412145902
LYRM4	0.3792099999999996	0.0656028238106248	0.09890824412145902
PDGFC	-0.6227	0.0656028238106248	0.09890824412145902
MAP3K9	0.34128000000000025	0.0656028238106248	0.09890824412145902
POLRMT	-0.7147699999999997	0.0656028238106248	0.09890824412145902
FLI1	-0.37485500000000016	0.0656028238106248	0.09890824412145902
LOC100507258	-0.8710850000000008	0.0656025351188354	0.09890824412145902
ZZEF1	-0.33940000000000126	0.0656028238106248	0.09890824412145902
LOC106146153	-0.7229799999999997	0.0656028238106248	0.09890824412145902
ZNF609	0.3558349999999999	0.0656028238106248	0.09890824412145902
ZFP36	0.5687149999999992	0.0656028238106248	0.09890824412145902
RNLS	-0.16725500000000082	0.06560224642716639	0.09890824412145902
EPHA2	-0.3770600000000002	0.0656028238106248	0.09890824412145902
IGKC	0.3600500000000011	0.06616708524910861	0.0997486153833235
PAAF1	0.5675549999999996	0.06673709253850754	0.1003578811063691
ZBTB7B	0.2416999999999998	0.06673709253850754	0.1003578811063691
CLDN3	0.5902899999999995	0.06673709253850754	0.1003578811063691
HEXA	0.252324999999999	0.06673709253850754	0.1003578811063691
SLC4A3	-0.520035	0.06673709253850754	0.1003578811063691
PUS10	0.14421499999999998	0.06673709253850754	0.1003578811063691
NUDT2	-0.48513999999999946	0.06673709253850754	0.1003578811063691
TBC1D9	0.5967500000000001	0.06673709253850754	0.1003578811063691
NF2	-0.25546999999999986	0.06673680096286708	0.1003578811063691
MDM4	0.49099999999999966	0.06673709253850754	0.1003578811063691
METTL3	0.20913999999999966	0.06673709253850754	0.1003578811063691
REV3L	0.2673949999999987	0.06673709253850754	0.1003578811063691
LINC01137	-0.23312000000000044	0.06673709253850754	0.1003578811063691
PRAME	0.7412299999999998	0.06673709253850754	0.1003578811063691
CHM	-0.20547499999999985	0.06673709253850754	0.1003578811063691
SETD5	-0.16999999999999993	0.06673650938733942	0.1003578811063691
MMP7	-0.9667199999999996	0.06673680096286708	0.1003578811063691
C12orf60	-0.13736499999999996	0.06673709253850754	0.1003578811063691
IKZF3	0.5144950000000001	0.06673709253850754	0.1003578811063691
TMEM214	0.19254500000000085	0.06673709253850754	0.1003578811063691
LRRN1	1.02508	0.06673709253850754	0.1003578811063691
SOD1	0.1739999999999995	0.06673709253850754	0.1003578811063691
GTF3C5	-0.301029999999999	0.06673709253850754	0.1003578811063691
DEPDC7	0.154455	0.06673709253850754	0.1003578811063691
PTPN2	0.11130999999999958	0.06788746116709847	0.10193999700843802
SLC5A5	-0.08722999999999992	0.06788746116709847	0.10193999700843802
TRIP6	-0.24746000000000024	0.06788746116709847	0.10193999700843802
SSH3	-0.44607000000000063	0.06788746116709847	0.10193999700843802
TUBE1	0.09482500000000016	0.06788746116709847	0.10193999700843802
TAZ	-0.09781999999999957	0.06788746116709847	0.10193999700843802
CAPN12	-0.3015100000000004	0.06788746116709847	0.10193999700843802
SSBP4	-0.37082999999999977	0.06788746116709847	0.10193999700843802
ZNF202	0.6385800000000001	0.06788746116709847	0.10193999700843802
S100A7	0.7755899999999998	0.06788746116709847	0.10193999700843802
ANKRD9	-0.2759500000000017	0.06788746116709847	0.10193999700843802
IRAK1	0.3778550000000003	0.06788746116709847	0.10193999700843802
TRIM23	0.36050000000000093	0.06788746116709847	0.10193999700843802
CHRAC1	0.18605499999999964	0.06788746116709847	0.10193999700843802
SSR1	0.113900000000001	0.06846843688675608	0.10280176183513975
KBTBD2	0.21555500000000016	0.06905408927511265	0.10341378616615303
SARS2	-0.3378300000000003	0.06905408927511265	0.10341378616615303
BEX3	-0.44015000000000093	0.06905408927511265	0.10341378616615303
TJP3	0.6016050000000002	0.06905408927511265	0.10341378616615303
LOC100509764	0.5392749999999995	0.06905408927511265	0.10341378616615303
KCTD21	0.6352799999999998	0.06905408927511265	0.10341378616615303
ANKRD46	-0.3806799999999999	0.06905408927511265	0.10341378616615303
JOSD2	-0.15011999999999937	0.06905408927511265	0.10341378616615303
NBEA	-0.876945000000001	0.06905408927511265	0.10341378616615303
CD79B	-0.1787700000000001	0.06905408927511265	0.10341378616615303
ZBTB34	0.4684400000000002	0.06905408927511265	0.10341378616615303
ERAP1	0.9695599999999995	0.06905408927511265	0.10341378616615303
CRBN	-0.3337299999999992	0.06905408927511265	0.10341378616615303
LOC102724275	-1.339775	0.06905408927511265	0.10341378616615303
ATP6V1E2	-0.21909499999999937	0.06905408927511265	0.10341378616615303
LOC103611081	-0.14474999999999927	0.06905408927511265	0.10341378616615303
PNPLA6	-0.4326599999999994	0.06905408927511265	0.10341378616615303
SASS6	0.08140999999999998	0.06905408927511265	0.10341378616615303
LINC01278	0.35543499999999995	0.06905408927511265	0.10341378616615303
CPA3	2.66579	0.06905408927511265	0.10341378616615303
SULT1A1	-0.45283499999999854	0.06905379191351228	0.10341378616615303
CD151	-0.2609300000000001	0.06905408927511265	0.10341378616615303
LYRM5	-0.314230000000002	0.06905379191351228	0.10341378616615303
SIRT6	-0.19723500000000005	0.06905408927511265	0.10341378616615303
SBDSP1	0.43504000000000076	0.06905379191351228	0.10341378616615303
NPTX2	0.053429999999999644	0.07023713676152517	0.10495819099103401
SNORA68	0.2762000000000011	0.07023713676152517	0.10495819099103401
TCEAL1	0.08772999999999964	0.07023713676152517	0.10495819099103401
DPYSL4	-0.3111099999999998	0.07023713676152517	0.10495819099103401
WDR61	0.20420000000000016	0.07023683649867897	0.10495819099103401
TOP1MT	-1.3832850000000008	0.07023713676152517	0.10495819099103401
TAF1D	0.030419999999999447	0.07023713676152517	0.10495819099103401
NR2F2	-0.4944999999999986	0.07023713676152517	0.10495819099103401
POU2AF1	-1.4622300000000017	0.07023713676152517	0.10495819099103401
SMIM5	0.17542499999999972	0.07023713676152517	0.10495819099103401
SCNN1B	-0.2608499999999996	0.07023713676152517	0.10495819099103401
HOXB2	0.47085000000000043	0.07023713676152517	0.10495819099103401
LOC155060	-0.6969850000000006	0.07023713676152517	0.10495819099103401
LALBA	-0.2151449999999997	0.07023713676152517	0.10495819099103401
IL1A	0.1631149999999999	0.07023713676152517	0.10495819099103401
PRKX	0.702325000000001	0.07023713676152517	0.10495819099103401
TBC1D22B	0.12534500000000026	0.07023713676152517	0.10495819099103401
SERPINB8	0.14690499999999984	0.07023713676152517	0.10495819099103401
ATG16L2	0.6457799999999994	0.07023713676152517	0.10495819099103401
ALOX12-AS1	-0.1304350000000003	0.07023713676152517	0.10495819099103401
ZNF30	0.39468999999999976	0.07023713676152517	0.10495819099103401
ZNF787	0.16304000000000052	0.07143676382154115	0.10654253714865161
LOC100129924	-0.14763500000000018	0.07143676382154115	0.10654253714865161
TPRA1	0.28383499999999984	0.07143676382154115	0.10654253714865161
ZSCAN5A	-0.09224000000000032	0.07143676382154115	0.10654253714865161
ZNF559	-0.6024049999999992	0.07143676382154115	0.10654253714865161
BTBD1	-0.24760000000000026	0.07143646065252617	0.10654253714865161
KDM2A	0.15820000000000078	0.07143646065252617	0.10654253714865161
IL7R	1.3265900000000004	0.07143676382154115	0.10654253714865161
LPIN2	0.2842600000000006	0.07143676382154115	0.10654253714865161
CSTF1	0.16778000000000048	0.07143676382154115	0.10654253714865161
ID3	0.45931000000000033	0.07143676382154115	0.10654253714865161
KCND3	-1.00813	0.07143646065252617	0.10654253714865161
RND3	-0.3799899999999994	0.07143676382154115	0.10654253714865161
STX17-AS1	-0.36693	0.07143676382154115	0.10654253714865161
PTGR2	0.2539950000000015	0.07143676382154115	0.10654253714865161
ABCA1	-0.24878	0.07143676382154115	0.10654253714865161
VNN3	-0.07917499999999977	0.07143676382154115	0.10654253714865161
FOXD1	0.22818000000000005	0.07143676382154115	0.10654253714865161
FAM57A	0.45960500000000026	0.07143676382154115	0.10654253714865161
FBLN2	-0.46683499999999967	0.07265313092215796	0.10818998843843088
RNF216	-0.1284200000000002	0.07265313092215796	0.10818998843843088
ENTPD1-AS1	0.3215199999999996	0.07265313092215796	0.10818998843843088
PANK2	-0.13729999999999976	0.07265313092215796	0.10818998843843088
PPP2R5B	-0.07545000000000002	0.07265313092215796	0.10818998843843088
SNUPN	-0.326484999999999	0.07265313092215796	0.10818998843843088
ASXL2	0.23264999999999958	0.07265313092215796	0.10818998843843088
CA8	-0.3326500000000001	0.07265313092215796	0.10818998843843088
CFAP45	0.0944799999999999	0.07265313092215796	0.10818998843843088
LOC100506248	0.20645000000000024	0.07265282484250113	0.10818998843843088
GRAMD1A	0.24562499999999954	0.07265313092215796	0.10818998843843088
MEGF6	0.42142500000000016	0.07265313092215796	0.10818998843843088
FAM83A	-0.4912150000000004	0.07265313092215796	0.10818998843843088
LOC102724156	0.13671000000000033	0.07265313092215796	0.10818998843843088
ANO8	0.3014600000000005	0.07265313092215796	0.10818998843843088
SIN3A	-0.38380999999999954	0.07326733466532803	0.10909343115040436
HNRNPUL1	-0.22799999999999798	0.0738863987773195	0.10984626157291502
HIST1H1T	-0.10071500000000011	0.07388608978300523	0.10984626157291502
ZNRF4	-0.05229000000000017	0.0738863987773195	0.10984626157291502
JADE2	-0.5237599999999993	0.0738863987773195	0.10984626157291502
SLC5A1	-0.22875	0.0738863987773195	0.10984626157291502
ENHO	-0.11444999999999972	0.0738863987773195	0.10984626157291502
TWF2	-0.17284500000000058	0.0738863987773195	0.10984626157291502
CNTD2	-0.03137499999999971	0.0738863987773195	0.10984626157291502
PIGL	0.167250000000001	0.07388608978300523	0.10984626157291502
WHAMM	-0.2882850000000001	0.0738863987773195	0.10984626157291502
PUF60	0.24355000000000082	0.07388608978300523	0.10984626157291502
MIR4647	0.16978000000000026	0.0738863987773195	0.10984626157291502
LOC100129034	-0.19321499999999947	0.0738863987773195	0.10984626157291502
ENTPD1	-0.5949249999999999	0.0738863987773195	0.10984626157291502
SCMH1	0.023144999999999527	0.0738863987773195	0.10984626157291502
ZNF805	0.14517999999999986	0.07513672832266582	0.11157946300253126
TAF1	0.1708449999999999	0.07513672832266582	0.11157946300253126
HK3	0.07026000000000021	0.07513672832266582	0.11157946300253126
NBR1	-0.7766099999999998	0.07513672832266582	0.11157946300253126
FREM2	-0.05304500000000001	0.07513672832266582	0.11157946300253126
F8	-0.66669	0.07513672832266582	0.11157946300253126
ZC3H13	0.12759999999999927	0.07513672832266582	0.11157946300253126
DESI1	-0.41970499999999955	0.07513672832266582	0.11157946300253126
CASP10	-0.008729999999999905	0.07513672832266582	0.11157946300253126
PLEKHG4B	-1.0816299999999996	0.07513672832266582	0.11157946300253126
DUT	-0.22100000000000186	0.07513672832266582	0.11157946300253126
SFI1	0.6454049999999993	0.0764042806898782	0.11327646392837276
LINC01004	-0.32712499999999967	0.0764042806898782	0.11327646392837276
MEA1	0.13778500000000093	0.0764042806898782	0.11327646392837276
PHOSPHO2	0.5802350000000018	0.0764042806898782	0.11327646392837276
MILR1	0.07948500000000003	0.0764042806898782	0.11327646392837276
ANKMY2	-0.5425750000000011	0.0764042806898782	0.11327646392837276
DSTYK	-0.38473499999999916	0.0764042806898782	0.11327646392837276
C10orf11	-0.8069199999999999	0.0764042806898782	0.11327646392837276
OLFML3	-0.488920000000002	0.0764042806898782	0.11327646392837276
MISP	0.23586000000000062	0.0764042806898782	0.11327646392837276
ATF6B	-0.05181999999999931	0.0764042806898782	0.11327646392837276
LGR5	-0.10989000000000004	0.0764042806898782	0.11327646392837276
GRK6	-0.2592249999999998	0.0764042806898782	0.11327646392837276
PCDH1	-0.22134000000000054	0.0764042806898782	0.11327646392837276
PHBP19	0.8375650000000006	0.0764042806898782	0.11327646392837276
LYNX1	-0.18821500000000002	0.0764042806898782	0.11327646392837276
ADAP1	0.15353000000000083	0.0776892171806236	0.11498194169354016
KIAA0319L	-0.34969500000000053	0.0776892171806236	0.11498194169354016
ESRRG	-1.10981	0.0776892171806236	0.11498194169354016
EBAG9	0.23030999999999935	0.0776892171806236	0.11498194169354016
NOC2L	0.14920000000000044	0.0776892171806236	0.11498194169354016
WDR92	0.11575999999999986	0.0776892171806236	0.11498194169354016
INO80E	-0.25698999999999916	0.0776892171806236	0.11498194169354016
MAST2	-0.2599450000000001	0.0776892171806236	0.11498194169354016
ATP5SL	-0.20590500000000134	0.0776892171806236	0.11498194169354016
YTHDF3	0.22275000000000134	0.0776892171806236	0.11498194169354016
FAM222A	0.038445000000000285	0.0776892171806236	0.11498194169354016
SERINC2	0.26645000000000074	0.0776892171806236	0.11498194169354016
LIMS4	0.167349999999999	0.0776892171806236	0.11498194169354016
MRPL55	0.4498850000000001	0.0776892171806236	0.11498194169354016
RMDN2	-0.17796500000000037	0.0776892171806236	0.11498194169354016
UBE2QL1	0.9158649999999993	0.0776892171806236	0.11498194169354016
SERINC1	0.4952500000000004	0.0776892171806236	0.11498194169354016
CMIP	-0.37193000000000076	0.07899169924009901	0.1166599670868217
KRT81	-0.8063150000000006	0.07899169924009901	0.1166599670868217
DDX3X	0.03530000000000122	0.07899041650547563	0.1166599670868217
KIF18A	0.3002250000000002	0.07899169924009901	0.1166599670868217
LCK	0.8906000000000001	0.07899169924009901	0.1166599670868217
SH2D3C	-0.17715999999999976	0.07899169924009901	0.1166599670868217
YES1	0.17914999999999992	0.07899169924009901	0.1166599670868217
TAF5	0.5106200000000003	0.07899169924009901	0.1166599670868217
ZNF449	-0.57057	0.07899169924009901	0.1166599670868217
SLC44A3	0.2799150000000008	0.07899169924009901	0.1166599670868217
AMFR	0.4708250000000005	0.07899169924009901	0.1166599670868217
GAS1	-0.5404	0.07899169924009901	0.1166599670868217
CACNG5	-0.0071550000000000225	0.07899169924009901	0.1166599670868217
ADORA3	0.10433000000000003	0.07899169924009901	0.1166599670868217
EVI5L	-0.32986500000000074	0.07899169924009901	0.1166599670868217
ADAT2	-0.5474699999999997	0.07899169924009901	0.1166599670868217
PNKP	0.2895400000000006	0.07899169924009901	0.1166599670868217
ITGAX	0.13389000000000006	0.07899137855639912	0.1166599670868217
TCAIM	0.33053000000000043	0.07899169924009901	0.1166599670868217
PAQR5	0.23635500000000054	0.07899169924009901	0.1166599670868217
ARRDC4	-0.5758850000000004	0.07899169924009901	0.1166599670868217
CLEC3A	-0.025844999999999896	0.08031156481885762	0.11850124403404434
STIM2	0.17483000000000004	0.08031156481885762	0.11850124403404434
ARF1	-0.24287500000000062	0.08031188843017935	0.11850124403404434
ZNF865	-0.10422499999999957	0.08031188843017935	0.11850124403404434
ZNF256	0.16758999999999968	0.08031156481885762	0.11850124403404434
GZMK	2.10149	0.08031188843017935	0.11850124403404434
ASPH	-0.38865000000000194	0.08031188843017935	0.11850124403404434
GNMT	-0.10311499999999985	0.08031188843017935	0.11850124403404434
CLSTN1	-0.5014850000000006	0.08031188843017935	0.11850124403404434
LOC100133039	-0.3223349999999998	0.08164994640217041	0.1201459642975295
GAA	0.26815999999999995	0.08164994640217041	0.1201459642975295
LOC101928605	-0.2652199999999998	0.08164994640217041	0.1201459642975295
P4HA3	0.3428749999999998	0.08164994640217041	0.1201459642975295
TEX264	-0.23866000000000032	0.08164994640217041	0.1201459642975295
TUSC1	0.29609999999999914	0.08164994640217041	0.1201459642975295
ATP7A	0.5334650000000014	0.08164994640217041	0.1201459642975295
EMP1	-0.7693999999999992	0.08164961986210713	0.1201459642975295
FOSB	-1.8810250000000002	0.08164994640217041	0.1201459642975295
GKAP1	-0.30283499999999997	0.08164994640217041	0.1201459642975295
LRP6	-0.5328749999999989	0.08164961986210713	0.1201459642975295
MDFIC	-0.42603499999999883	0.08164994640217041	0.1201459642975295
SORCS2	0.3867099999999999	0.08164994640217041	0.1201459642975295
HMCN2	-0.00915000000000088	0.08164961986210713	0.1201459642975295
PNMA1	0.2831299999999999	0.08164994640217041	0.1201459642975295
MRPL43	-0.23543499999999895	0.08164994640217041	0.1201459642975295
LAT	-0.22298000000000062	0.08164994640217041	0.1201459642975295
GLI3	-0.6804399999999999	0.08164994640217041	0.1201459642975295
MSTO1	-0.13004500000000085	0.08164994640217041	0.1201459642975295
TANGO2	0.24544500000000014	0.08164994640217041	0.1201459642975295
SPICE1	0.3963499999999991	0.08164994640217041	0.1201459642975295
SMIM1	-0.22480499999999992	0.08164994640217041	0.1201459642975295
UPF1	0.17429499999999987	0.08164994640217041	0.1201459642975295
ARFGAP1	-0.4375550000000006	0.08164994640217041	0.1201459642975295
MNX1	0.3041449999999992	0.08164994640217041	0.1201459642975295
LEPROTL1	0.549855	0.08164994640217041	0.1201459642975295
MT2A	-0.27304999999999957	0.08164994640217041	0.1201459642975295
PPP3CA	0.26609499999999997	0.08300603486917082	0.12184510647630635
PHGDH	-1.2148149999999998	0.08300603486917082	0.12184510647630635
MYH14	-0.11601999999999979	0.08300603486917082	0.12184510647630635
LOC101928955	-0.1129500000000001	0.08300570539975381	0.12184510647630635
FZR1	-0.10469499999999954	0.08300570539975381	0.12184510647630635
ELOVL2	-1.9271100000000003	0.08300603486917082	0.12184510647630635
DCDC2	-0.3670899999999997	0.08300570539975381	0.12184510647630635
RBBP8	-0.6851099999999999	0.08300603486917082	0.12184510647630635
ZNF507	-0.3374000000000006	0.08300603486917082	0.12184510647630635
PEX5	-0.5136700000000012	0.08300603486917082	0.12184510647630635
SIRPA	-0.4923549999999999	0.08300603486917082	0.12184510647630635
LIG3	0.35555999999999965	0.08300603486917082	0.12184510647630635
FOPNL	0.18810000000000038	0.08300603486917082	0.12184510647630635
MDC1	-0.29460000000000086	0.08300603486917082	0.12184510647630635
PAK1	0.11460000000000115	0.08300570539975381	0.12184510647630635
TOMM70	0.2627000000000006	0.08300603486917082	0.12184510647630635
CDK20	0.08560500000000015	0.08300603486917082	0.12184510647630635
FBXL19	0.22253999999999952	0.08300603486917082	0.12184510647630635
ULBP2	0.2038899999999999	0.08300603486917082	0.12184510647630635
DFFB	0.5517949999999994	0.08300603486917082	0.12184510647630635
ZFAND4	-0.13434999999999997	0.08300603486917082	0.12184510647630635
OPA3	-0.12153499999999973	0.08300603486917082	0.12184510647630635
SRP68	0.1926849999999991	0.08300603486917082	0.12184510647630635
TRIM41	0.20216999999999974	0.08300603486917082	0.12184510647630635
FLNB	-0.5462749999999996	0.08438031557804439	0.12360005475331458
VASH2	0.6016899999999996	0.08438031557804439	0.12360005475331458
PXDC1	-0.22455500000000228	0.08438031557804439	0.12360005475331458
BICD2	0.3746849999999995	0.08438031557804439	0.12360005475331458
SEPT2	0.24540000000000006	0.08437898598252527	0.12360005475331458
ACAN	0.0822099999999999	0.08438031557804439	0.12360005475331458
LAG3	0.07321	0.08438031557804439	0.12360005475331458
LINC-PINT	-0.68729	0.08438031557804439	0.12360005475331458
LRTOMT	0.06530499999999972	0.08438031557804439	0.12360005475331458
TMEM56	-0.8376849999999996	0.08438031557804439	0.12360005475331458
ZNF789	-0.4002700000000008	0.08438031557804439	0.12360005475331458
WDR53	0.14473500000000072	0.08438031557804439	0.12360005475331458
SYNGR1	-0.7483599999999999	0.08438031557804439	0.12360005475331458
TRMT10B	-0.13449999999999918	0.08438031557804439	0.12360005475331458
TRAP1	-0.5272199999999998	0.08438031557804439	0.12360005475331458
EFHC1	0.3574900000000003	0.08438031557804439	0.12360005475331458
RAB32	0.2917000000000005	0.08438031557804439	0.12360005475331458
PRCP	-0.35004999999999953	0.08438031557804439	0.12360005475331458
MTUS1	-0.7428999999999988	0.08438031557804439	0.12360005475331458
KIAA1211L	0.44113500000000094	0.08438031557804439	0.12360005475331458
SPPL3	0.3491900000000001	0.08438031557804439	0.12360005475331458
ATPIF1	0.2692300000000003	0.08577295028100751	0.12542491027900424
KLK6	-0.6851700000000003	0.08577295028100751	0.12542491027900424
PPP1R13L	-0.4902199999999999	0.08577295028100751	0.12542491027900424
LOC100507353	-0.29769999999999985	0.08577295028100751	0.12542491027900424
CCDC57	-0.5168100000000004	0.08577295028100751	0.12542491027900424
UQCC1	0.25997499999999985	0.08577295028100751	0.12542491027900424
UQCRB	-0.1761499999999998	0.08577261495311189	0.12542491027900424
TSSK2	-0.1401399999999997	0.08577295028100751	0.12542491027900424
PYM1	0.3602350000000003	0.08577295028100751	0.12542491027900424
GPR34	1.3230199999999996	0.08577295028100751	0.12542491027900424
SMIM3	-0.010975000000001067	0.08577295028100751	0.12542491027900424
DLG4	-0.06400999999999968	0.08577295028100751	0.12542491027900424
MUS81	-0.21267000000000102	0.08577295028100751	0.12542491027900424
SEC14L2	-0.9364000000000003	0.08577295028100751	0.12542491027900424
UST	-0.35745000000000005	0.08577295028100751	0.12542491027900424
CTNNBL1	-0.2413450000000008	0.08577295028100751	0.12542491027900424
MIR6080	0.09736000000000011	0.08577295028100751	0.12542491027900424
ZNF398	0.3630199999999997	0.08718410070683358	0.12725776565128527
DDX11L2	-0.48751999999999995	0.08718410070683358	0.12725776565128527
LSMEM1	-0.1862750000000002	0.08718410070683358	0.12725776565128527
PIGT	0.16407499999999864	0.08718376245086286	0.12725776565128527
TAF4B	-0.8227649999999995	0.08718410070683358	0.12725776565128527
ZNF182	-0.4676500000000008	0.08718410070683358	0.12725776565128527
FAM198B	-0.5110499999999991	0.08718410070683358	0.12725776565128527
METTL9	0.1449499999999997	0.08718410070683358	0.12725776565128527
TEX10	0.27177000000000007	0.08718410070683358	0.12725776565128527
IRAK2	-0.17854500000000018	0.08718410070683358	0.12725776565128527
DUSP7	-0.5483950000000002	0.08718410070683358	0.12725776565128527
ZNF248	-0.5249300000000003	0.08718410070683358	0.12725776565128527
C1orf122	0.1334149999999994	0.08718376245086286	0.12725776565128527
ZADH2	-0.24418499999999987	0.08718410070683358	0.12725776565128527
DIAPH2	-0.8145500000000006	0.08718410070683358	0.12725776565128527
MEF2A	0.2987700000000011	0.08718410070683358	0.12725776565128527
OSBP	0.46023999999999887	0.08718410070683358	0.12725776565128527
HCAR3	-0.43317499999999987	0.08718410070683358	0.12725776565128527
ACTR10	0.18569999999999887	0.08789633012299572	0.12824580589230825
FAM92A1	-0.3851199999999997	0.08789633012299572	0.12824580589230825
MIR6743	0.3499049999999997	0.08789633012299572	0.12824580589230825
SOAT1	-0.15456000000000003	0.08789633012299572	0.12824580589230825
TCOF1	-0.30020999999999987	0.08861392853167885	0.12895595451819222
INPP5F	0.21346499999999935	0.08861392853167885	0.12895595451819222
FRMD4B	0.5009049999999995	0.08861392853167885	0.12895595451819222
DNAJC7	-0.5803799999999999	0.08861392853167885	0.12895595451819222
KIAA0586	0.2445649999999997	0.08861392853167885	0.12895595451819222
DSE	0.36257499999999965	0.08861392853167885	0.12895595451819222
AREG	-1.2933500000000002	0.08861392853167885	0.12895595451819222
STAG3L4	0.5465599999999995	0.08861392853167885	0.12895595451819222
IFRD1	-0.40806500000000057	0.08861392853167885	0.12895595451819222
PRRT3	0.1443850000000002	0.08861392853167885	0.12895595451819222
EIF2B1	0.14270999999999923	0.08861392853167885	0.12895595451819222
DOPEY1	-0.22340499999999963	0.08861392853167885	0.12895595451819222
LRRCC1	0.18865500000000068	0.08861392853167885	0.12895595451819222
TERF2IP	-0.2512299999999996	0.0886135873491205	0.12895595451819222
RREB1	0.21135000000000126	0.08861392853167885	0.12895595451819222
KIAA2013	-0.22848000000000113	0.08861392853167885	0.12895595451819222
ANKRD52	-0.12375999999999987	0.08861392853167885	0.12895595451819222
ARL4C	0.42641500000000043	0.0886135873491205	0.12895595451819222
ITPRIP	0.4863200000000001	0.08861392853167885	0.12895595451819222
IYD	-0.11531000000000002	0.08861392853167885	0.12895595451819222
GALNT10	0.8772700000000002	0.08861392853167885	0.12895595451819222
GCNT3	-0.08206500000000005	0.08861392853167885	0.12895595451819222
SEH1L	0.31555	0.08861324616652541	0.12895595451819222
FOXC2	-0.24068999999999985	0.08861392853167885	0.12895595451819222
NR4A3	-0.28642499999999993	0.08861392853167885	0.12895595451819222
C12orf76	0.21108500000000063	0.08861392853167885	0.12895595451819222
ANKRD13A	-0.178939999999999	0.09006225124241587	0.13081506397938675
KLHL5	0.26956999999999987	0.09006259534953234	0.13081506397938675
TNFRSF10A	0.5924550000000002	0.09006259534953234	0.13081506397938675
ABCF3	0.21806500000000018	0.09006259534953234	0.13081506397938675
NPIPA1	-0.3481499999999986	0.09006190713525263	0.13081506397938675
ZFX	-0.12410999999999994	0.09006225124241587	0.13081506397938675
PLEKHS1	-0.86782	0.09006259534953234	0.13081506397938675
PYROXD1	0.31491499999999917	0.09006259534953234	0.13081506397938675
SCIN	0.18724000000000007	0.09006259534953234	0.13081506397938675
LOC101928973	-0.18930999999999987	0.09006259534953234	0.13081506397938675
DBN1	0.29434499999999986	0.09006225124241587	0.13081506397938675
NCKAP1L	0.5296900000000004	0.09006259534953234	0.13081506397938675
PJA1	-0.2631350000000001	0.09006225124241587	0.13081506397938675
LTC4S	-0.11941999999999986	0.09006259534953234	0.13081506397938675
MICA	-0.13742999999999927	0.09006259534953234	0.13081506397938675
GUCY1B3	0.38382000000000005	0.09006259534953234	0.13081506397938675
NEK10	-0.0770900000000001	0.09006190713525263	0.13081506397938675
TFCP2L1	-0.27025000000000077	0.09006259534953234	0.13081506397938675
MAZ	0.21504499999999993	0.09006259534953234	0.13081506397938675
MGST1	0.91005	0.09079369828067203	0.1318637950226942
SPATA7	-0.5336099999999995	0.09153026264229534	0.13265493753407315
ABCA11P	-0.637035	0.09153026264229534	0.13265493753407315
BOD1	0.2538600000000013	0.09153026264229534	0.13265493753407315
LSP1	-0.19167500000000004	0.09152991561319848	0.13265493753407315
IMMP2L	-0.09778999999999982	0.09153026264229534	0.13265493753407315
PWWP2B	0.30386500000000005	0.09153026264229534	0.13265493753407315
FAM46B	-0.5294599999999994	0.09153026264229534	0.13265493753407315
ZSCAN12	-0.10002499999999959	0.09153026264229534	0.13265493753407315
OVOL2	0.34353500000000015	0.09153026264229534	0.13265493753407315
NDUFS4	-0.3101249999999993	0.09153026264229534	0.13265493753407315
GABBR1	-0.7023949999999992	0.09153026264229534	0.13265493753407315
POLR1D	-0.22579999999999956	0.09153026264229534	0.13265493753407315
LOC283357	0.2671549999999998	0.09153026264229534	0.13265493753407315
NEK9	-0.4464799999999993	0.09153026264229534	0.13265493753407315
LGALSL	-0.5392600000000005	0.09153026264229534	0.13265493753407315
PIEZO1	0.17906500000000136	0.09153026264229534	0.13265493753407315
UAP1L1	0.1647949999999998	0.09153026264229534	0.13265493753407315
FGD1	0.1157199999999996	0.09153026264229534	0.13265493753407315
XCL1	0.08331500000000003	0.09153026264229534	0.13265493753407315
ZDHHC23	0.7100750000000002	0.09153026264229534	0.13265493753407315
NAIP	0.30978999999999957	0.09153026264229534	0.13265493753407315
NKTR	0.22255000000000003	0.09227092340281924	0.13371503339544366
GPR39	0.7726600000000001	0.09301709174949165	0.13459487907394557
CDC14B	-0.1820549999999992	0.09301709174949165	0.13459487907394557
RBCK1	0.2694200000000002	0.09301709174949165	0.13459487907394557
AHCYL1	0.0896499999999989	0.09301674180154751	0.13459487907394557
APOLD1	0.17319999999999958	0.09301709174949165	0.13459487907394557
GTSF1	-0.018159999999999954	0.09301709174949165	0.13459487907394557
CALD1	-0.21199999999999974	0.09301709174949165	0.13459487907394557
ENPP4	0.7466200000000001	0.09301709174949165	0.13459487907394557
NXT2	0.27016999999999936	0.09301709174949165	0.13459487907394557
GNLY	0.18601499999999982	0.09301709174949165	0.13459487907394557
MCF2L	-0.5070950000000005	0.09301709174949165	0.13459487907394557
CLDN12	0.5622750000000005	0.09301709174949165	0.13459487907394557
RHOV	-0.7071250000000004	0.09301709174949165	0.13459487907394557
TRPM2	0.2296149999999999	0.09301709174949165	0.13459487907394557
PXDN	0.4243050000000004	0.09301709174949165	0.13459487907394557
CCL19	1.9676600000000004	0.09452324383761611	0.13650224214497425
MIR6884	0.41289	0.09452324383761611	0.13650224214497425
IBTK	0.19239999999999924	0.09452324383761611	0.13650224214497425
OPA1	0.11624999999999996	0.09452324383761611	0.13650224214497425
SPOCK2	0.41877000000000075	0.09452324383761611	0.13650224214497425
GNG10	0.3023000000000007	0.09452324383761611	0.13650224214497425
EFL1	0.15939999999999976	0.09452324383761611	0.13650224214497425
SIAE	0.40225500000000025	0.09452324383761611	0.13650224214497425
ZNHIT1	0.24183999999999983	0.09452324383761611	0.13650224214497425
AKT2	0.5651799999999998	0.09452324383761611	0.13650224214497425
FAM234A	-0.26381499999999924	0.09452324383761611	0.13650224214497425
TCEB3	-0.3748699999999996	0.09452324383761611	0.13650224214497425
PUM3	0.42025500000000005	0.09452324383761611	0.13650224214497425
SLC41A3	-0.46786499999999975	0.09452324383761611	0.13650224214497425
DDX31	0.18269499999999983	0.09452324383761611	0.13650224214497425
FAM122A	0.2795499999999995	0.09452324383761611	0.13650224214497425
ZNF396	-0.05799500000000002	0.09452324383761611	0.13650224214497425
FEZ1	-0.38507500000000006	0.09452324383761611	0.13650224214497425
USP36	-0.4221349999999999	0.09452324383761611	0.13650224214497425
ARHGAP33	-0.24387999999999987	0.09452324383761611	0.13650224214497425
FLJ16734	-0.19697500000000012	0.09528326199000847	0.13758611222222364
GPATCH8	0.40157999999999916	0.09604852409513615	0.1383477319439995
LOC149401	-0.2606100000000007	0.0960488798691229	0.1383477319439995
LEAP2	-0.2713099999999997	0.0960488798691229	0.1383477319439995
HSD11B2	0.0909150000000003	0.0960488798691229	0.1383477319439995
CCDC91	0.24774999999999991	0.0960488798691229	0.1383477319439995
CSF3R	0.2997899999999998	0.0960488798691229	0.1383477319439995
EEF1A2	0.6494950000000008	0.0960488798691229	0.1383477319439995
LOC101929165	-0.2546249999999999	0.0960488798691229	0.1383477319439995
SCRG1	-0.35935000000000006	0.0960488798691229	0.1383477319439995
ARG2	0.50868	0.0960488798691229	0.1383477319439995
MIR6824	0.11135499999999965	0.0960488798691229	0.1383477319439995
C5orf15	0.21779999999999866	0.09604852409513615	0.1383477319439995
ZNF394	0.3767150000000008	0.0960488798691229	0.1383477319439995
FGF9	-0.09339500000000012	0.0960488798691229	0.1383477319439995
MTSS1	0.3420500000000004	0.09604852409513615	0.1383477319439995
EYA2	-0.7685849999999999	0.0960488798691229	0.1383477319439995
CKAP2L	0.4782549999999999	0.0960488798691229	0.1383477319439995
LOC107985971	0.43710000000000004	0.0960488798691229	0.1383477319439995
TRIM28	0.17661999999999978	0.0960488798691229	0.1383477319439995
MAPK14	0.1698000000000004	0.0960488798691229	0.1383477319439995
COL4A1	0.35444999999999993	0.0960488798691229	0.1383477319439995
NXPH1	-0.11109500000000017	0.0960488798691229	0.1383477319439995
DCP2	0.45205999999999946	0.0960488798691229	0.1383477319439995
MOK	-0.6969599999999998	0.0960488798691229	0.1383477319439995
CCDC127	0.05887999999999849	0.0960488798691229	0.1383477319439995
REXO4	-0.20679499999999962	0.09759416057106039	0.14019808089948949
SPSB2	-0.4359849999999996	0.09759416057106039	0.14019808089948949
STX17	0.2805750000000007	0.09759416057106039	0.14019808089948949
ASAP2	0.491835	0.09759380189102067	0.14019808089948949
HDAC4	-0.5622249999999998	0.09759416057106039	0.14019808089948949
ATP6V1B1	-0.06339000000000006	0.09759416057106039	0.14019808089948949
SIM2	0.08953000000000033	0.09759416057106039	0.14019808089948949
FIBIN	0.8936400000000004	0.09759416057106039	0.14019808089948949
C1orf198	0.5130599999999994	0.09759416057106039	0.14019808089948949
PLXNA2	0.5806000000000004	0.09759416057106039	0.14019808089948949
ATP11C	0.2303449999999998	0.09759416057106039	0.14019808089948949
EPHX1	-0.6451399999999996	0.09759416057106039	0.14019808089948949
THAP12	0.04455000000000098	0.09759416057106039	0.14019808089948949
SREBF2	-0.38447499999999923	0.09759416057106039	0.14019808089948949
MAMLD1	-0.09923999999999955	0.09759416057106039	0.14019808089948949
LRIG3	-0.36611999999999956	0.09759416057106039	0.14019808089948949
DIRAS3	-0.24275500000000028	0.09759416057106039	0.14019808089948949
SELM	-0.4155950000000015	0.09759416057106039	0.14019808089948949
WDR48	-0.719475000000001	0.09759416057106039	0.14019808089948949
NDUFAF3	0.29319500000000076	0.09759416057106039	0.14019808089948949
C15orf38-AP3S2	0.13039500000000004	0.09759416057106039	0.14019808089948949
CD3G	0.26092000000000004	0.09759416057106039	0.14019808089948949
KTN1	0.41445000000000043	0.09759416057106039	0.14019808089948949
SRSF5	-0.6970499999999991	0.09759416057106039	0.14019808089948949
ATP2B1	-0.4386150000000004	0.09759416057106039	0.14019808089948949
C17orf80	0.28914500000000043	0.09759416057106039	0.14019808089948949
TTC7B	-0.8776549999999999	0.09759416057106039	0.14019808089948949
IRX3	-0.5302000000000007	0.0991588848226803	0.1422493901283732
NOC3L	0.23633499999999863	0.09915924640335505	0.1422493901283732
FXR2	-0.22739499999999957	0.0991588848226803	0.1422493901283732
CCDC77	0.06498500000000096	0.09915924640335505	0.1422493901283732
PM20D2	-1.0140149999999997	0.09915924640335505	0.1422493901283732
SLC46A1	-0.5910799999999998	0.09915924640335505	0.1422493901283732
GLDC	-0.07478499999999988	0.09915924640335505	0.1422493901283732
CCR5	0.6635150000000003	0.09915924640335505	0.1422493901283732
SLCO2B1	0.2415199999999995	0.09915924640335505	0.1422493901283732
TRAF2	0.1254949999999999	0.0991588848226803	0.1422493901283732
ESPN	0.3133550000000005	0.09915924640335505	0.1422493901283732
SMAGP	0.5228299999999999	0.09915924640335505	0.1422493901283732
NDST2	-0.3472999999999997	0.09915924640335505	0.1422493901283732
ETV4	-0.3128949999999997	0.09915924640335505	0.1422493901283732
ACOX3	-0.5061549999999997	0.10074429752675182	0.14426670828157873
TSHZ3	-0.7561749999999998	0.10074429752675182	0.14426670828157873
PPWD1	0.07193000000000005	0.10074429752675182	0.14426670828157873
MNS1	-0.30710000000000015	0.10074429752675182	0.14426670828157873
REPS2	0.17129499999999975	0.10074429752675182	0.14426670828157873
ARHGEF12	0.2314500000000006	0.10074429752675182	0.14426670828157873
BTAF1	-0.22896500000000053	0.10074429752675182	0.14426670828157873
COL4A2	-0.23730000000000118	0.10074429752675182	0.14426670828157873
LOC102724312	-0.34134499999999957	0.10074429752675182	0.14426670828157873
SMARCD2	-0.62955	0.10074429752675182	0.14426670828157873
MIR1248	0.04940000000000033	0.1007439330514465	0.14426670828157873
MIR6734	0.21283999999999992	0.10074429752675182	0.14426670828157873
PDE8A	0.5414900000000014	0.10074429752675182	0.14426670828157873
LOC283922	-0.22148500000000038	0.10074429752675182	0.14426670828157873
GMIP	0.3397200000000007	0.10074429752675182	0.14426670828157873
DEDD2	0.10669499999999843	0.10074429752675182	0.14426670828157873
CHST1	0.224205	0.10074429752675182	0.14426670828157873
TMEM134	0.3862400000000008	0.10074429752675182	0.14426670828157873
TMEM92	-0.07972999999999963	0.10154399411288824	0.14539754313817424
EGR1	0.8948499999999999	0.10234947377041362	0.14626245405372432
LOC101929876	-0.5708500000000019	0.10234947377041362	0.14626245405372432
ERCC2	-0.13889999999999958	0.10234947377041362	0.14626245405372432
TNFRSF17	-0.8955250000000001	0.10234947377041362	0.14626245405372432
RAB40B	-0.4947499999999998	0.10234947377041362	0.14626245405372432
TOE1	-0.2620049999999994	0.10234947377041362	0.14626245405372432
POGLUT1	0.24065500000000029	0.10234947377041362	0.14626245405372432
LOC93622	0.4278100000000009	0.10234947377041362	0.14626245405372432
CXXC5	0.2847299999999997	0.10234947377041362	0.14626245405372432
HERC1	-0.31162500000000115	0.10234947377041362	0.14626245405372432
ATAT1	0.18055999999999983	0.10234947377041362	0.14626245405372432
TMEM186	0.2726500000000005	0.10234947377041362	0.14626245405372432
RPS6KB2	0.14338499999999943	0.10234947377041362	0.14626245405372432
MTCL1	0.6408300000000002	0.10234947377041362	0.14626245405372432
LATS2	0.46284999999999954	0.10234947377041362	0.14626245405372432
FAM229B	-0.5360049999999994	0.10234947377041362	0.14626245405372432
RRM1	0.2680999999999987	0.10234910640707516	0.14626245405372432
LOC101928274	-0.43006999999999973	0.10234947377041362	0.14626245405372432
LGALS3	-0.2614000000000001	0.10234947377041362	0.14626245405372432
TMED8	0.2074700000000007	0.10234947377041362	0.14626245405372432
LOC440934	-0.29095999999999966	0.10397456435501186	0.1482206734317658
LRRK2	-0.67638	0.10397493459918732	0.1482206734317658
AQP5	-0.6133550000000001	0.10397493459918732	0.1482206734317658
CHST15	0.4841749999999987	0.10397493459918732	0.1482206734317658
SP100	0.03305499999999917	0.10397493459918732	0.1482206734317658
CNTN1	-1.4166249999999998	0.10397456435501186	0.1482206734317658
ZNF577	0.5162450000000005	0.10397493459918732	0.1482206734317658
USP13	0.4297349999999991	0.10397493459918732	0.1482206734317658
TCP11L1	-0.2573699999999999	0.10397493459918732	0.1482206734317658
GK5	0.3132849999999996	0.10397493459918732	0.1482206734317658
PNLDC1	-0.031120000000000037	0.10397493459918732	0.1482206734317658
LINC00969	0.3002149999999997	0.10397493459918732	0.1482206734317658
RLN2	-0.10263	0.10397456435501186	0.1482206734317658
ALOX15B	-0.05722000000000005	0.10397493459918732	0.1482206734317658
AURKAIP1	-0.20885000000000176	0.10397493459918732	0.1482206734317658
RUNDC1	0.2705200000000003	0.10397493459918732	0.1482206734317658
ANO5	-0.13598500000000024	0.10397493459918732	0.1482206734317658
ZNF738	0.6479049999999997	0.10397493459918732	0.1482206734317658
RANGRF	-0.5586650000000004	0.10397493459918732	0.1482206734317658
RCE1	0.18499000000000088	0.10397493459918732	0.1482206734317658
BBOF1	1.0346349999999997	0.10397493459918732	0.1482206734317658
MIR637	-0.2611599999999994	0.10397493459918732	0.1482206734317658
IGFBP2	0.5737649999999999	0.10397493459918732	0.1482206734317658
GAL3ST4	0.091005	0.10397493459918732	0.1482206734317658
L2HGDH	0.1806700000000001	0.10397493459918732	0.1482206734317658
ZNF527	-0.15941000000000027	0.10479457809444785	0.14934565855264456
PSMB1	-0.28440000000000154	0.10479494977630133	0.14934565855264456
PCMTD1	-0.4681999999999995	0.10479457809444785	0.14934565855264456
RPS19	-0.2151499999999995	0.1056204659633285	0.15022779873923642
ADGRE2	0.13598	0.10562083908054014	0.15022779873923642
METTL21B	0.9375399999999998	0.10562083908054014	0.15022779873923642
C1orf159	-0.11087500000000006	0.10562083908054014	0.15022779873923642
LOC101928916	-0.4850999999999992	0.1056204659633285	0.15022779873923642
RLF	0.35897000000000023	0.10562083908054014	0.15022779873923642
SH3PXD2B	0.3860449999999993	0.10562083908054014	0.15022779873923642
FAM53A	-0.33206500000000005	0.10562083908054014	0.15022779873923642
FTSJ3	-0.5653249999999996	0.10562083908054014	0.15022779873923642
IGF1R	-0.8686500000000006	0.10562083908054014	0.15022779873923642
IL21R	0.1747700000000001	0.10562083908054014	0.15022779873923642
SOX9-AS1	-0.2751699999999997	0.10562083908054014	0.15022779873923642
FABP5	-0.6666000000000007	0.10562083908054014	0.15022779873923642
LOC101927382	-0.2558150000000001	0.10562083908054014	0.15022779873923642
BET1L	0.32381499999999974	0.10562083908054014	0.15022779873923642
LOC101928589	0.4258849999999992	0.10562083908054014	0.15022779873923642
RPL30	-0.1468000000000007	0.10562083908054014	0.15022779873923642
CHSY1	0.21679999999999922	0.10562083908054014	0.15022779873923642
ALDH1A3	-0.5405199999999999	0.10562083908054014	0.15022779873923642
RALY-AS1	0.006164999999999754	0.10562083908054014	0.15022779873923642
TXNL4A	0.18477999999999994	0.1064511327320351	0.15139392317447983
KIAA1211	-0.4427949999999998	0.10728734585117305	0.1522700191996418
DSERG1	0.41878500000000063	0.10728734585117305	0.1522700191996418
TNRC6C-AS1	-0.17282500000000045	0.10728734585117305	0.1522700191996418
PPP2R3B	-0.14625500000000002	0.10728734585117305	0.1522700191996418
MNAT1	0.27347499999999947	0.10728734585117305	0.1522700191996418
LOC100509445	-0.837955	0.10728734585117305	0.1522700191996418
TRIM6-TRIM34	0.7696199999999997	0.10728734585117305	0.1522700191996418
PNISR	-0.3343000000000007	0.10728734585117305	0.1522700191996418
WHRN	0.3327650000000002	0.10728734585117305	0.1522700191996418
PSMD13	-0.3286599999999993	0.10728734585117305	0.1522700191996418
CNKSR3	1.9897550000000006	0.10728734585117305	0.1522700191996418
LOC90784	0.2580049999999998	0.10728734585117305	0.1522700191996418
CCDC144NL-AS1	-0.08548	0.10728734585117305	0.1522700191996418
TCF25	-0.4502699999999997	0.10728734585117305	0.1522700191996418
LOC105374809	-0.20931000000000033	0.10728734585117305	0.1522700191996418
PNMA6A	-0.10963500000000037	0.10728696986933642	0.1522700191996418
VWDE	-0.4335749999999998	0.10728734585117305	0.1522700191996418
OR7E37P	0.5151050000000001	0.10728734585117305	0.1522700191996418
MLKL	0.5100599999999993	0.10728734585117305	0.1522700191996418
SYNGR3	0.11899499999999996	0.10728734585117305	0.1522700191996418
MINOS1-NBL1	-0.7780699999999996	0.10728734585117305	0.1522700191996418
DCTN6	0.37858500000000106	0.10897461308331662	0.15437804420992332
DDX42	-0.18104999999999905	0.10897461308331662	0.15437804420992332
FAM213A	-0.8580000000000005	0.10897461308331662	0.15437804420992332
C21orf91	-0.6457800000000002	0.10897461308331662	0.15437804420992332
RNF185	-0.13398999999999983	0.10897461308331662	0.15437804420992332
PRKCE	-0.7636599999999998	0.10897423424588248	0.15437804420992332
PDE10A	0.47313999999999945	0.10897461308331662	0.15437804420992332
CSF1R	0.39540500000000023	0.10897461308331662	0.15437804420992332
ZDHHC8	-0.03357499999999991	0.10897461308331662	0.15437804420992332
PCDHB14	-0.7588399999999997	0.10897461308331662	0.15437804420992332
LZTFL1	-0.5565999999999995	0.10897461308331662	0.15437804420992332
PXK	0.4628450000000006	0.10897461308331662	0.15437804420992332
CPSF3L	-0.08881499999999853	0.10897461308331662	0.15437804420992332
ZNF365	-0.07743499999999992	0.10897461308331662	0.15437804420992332
TBC1D14	-0.1876300000000004	0.10897461308331662	0.15437804420992332
AGAP2-AS1	0.12958500000000006	0.10897461308331662	0.15437804420992332
AAR2	0.06263500000000022	0.10897461308331662	0.15437804420992332
CFAP97	-0.21884999999999977	0.10897461308331662	0.15437804420992332
TFB1M	0.19077999999999928	0.10897461308331662	0.15437804420992332
GTF2IP4	-0.13285000000000124	0.1106827984507159	0.15655357934170605
TERT	-0.10856500000000047	0.1106827984507159	0.15655357934170605
STAT4	-0.6077850000000002	0.1106827984507159	0.15655357934170605
DOK2	-0.18832000000000004	0.1106827984507159	0.15655357934170605
UNC45A	-0.2510349999999999	0.11068241676733288	0.15655357934170605
GUF1	0.43589000000000144	0.1106827984507159	0.15655357934170605
HPDL	0.13095999999999997	0.1106827984507159	0.15655357934170605
GDI2	0.20650000000000013	0.1106827984507159	0.15655357934170605
OCEL1	-0.5351999999999997	0.1106827984507159	0.15655357934170605
CCDC43	0.10103000000000062	0.1106827984507159	0.15655357934170605
PPP2CB	0.3929000000000009	0.1106827984507159	0.15655357934170605
PTPN7	0.11410000000000009	0.1106827984507159	0.15655357934170605
ZMAT1	-1.0187099999999996	0.1106827984507159	0.15655357934170605
NPW	0.12186000000000008	0.1106827984507159	0.15655357934170605
MIPEPP3	-0.07404499999999992	0.1106827984507159	0.15655357934170605
TBL3	-0.6341149999999995	0.1106827984507159	0.15655357934170605
LOC389765	-0.45467499999999994	0.11241205909430887	0.1587521075724549
CXADR	0.29879999999999995	0.11241205909430887	0.1587521075724549
MEIOC	-0.4107799999999999	0.11241205909430887	0.1587521075724549
ANO6	-0.2929950000000012	0.11241205909430887	0.1587521075724549
SLC7A2	-1.7252650000000003	0.11241205909430887	0.1587521075724549
NCK1	0.19500000000000028	0.112411674575253	0.1587521075724549
MIR943	0.08706499999999995	0.11241205909430887	0.1587521075724549
GPR78	-0.8407500000000008	0.11241205909430887	0.1587521075724549
TRAPPC5	0.14035999999999937	0.11241205909430887	0.1587521075724549
FUCA1	0.4565799999999989	0.11241205909430887	0.1587521075724549
RNF144B	0.17347999999999963	0.11241205909430887	0.1587521075724549
C1orf210	0.19824999999999982	0.11241205909430887	0.1587521075724549
THNSL1	0.39161999999999964	0.11241205909430887	0.1587521075724549
CYP4B1	-0.738315	0.11241205909430887	0.1587521075724549
DDRGK1	-0.17280500000000032	0.11241205909430887	0.1587521075724549
ANP32B	-0.1997499999999981	0.112411674575253	0.1587521075724549
VSNL1	-1.4737649999999998	0.1132842556641768	0.15996829645616253
LOC642361	-0.18112499999999976	0.11416255158760795	0.16092686606049725
GCHFR	0.22053999999999974	0.11416255158760795	0.16092686606049725
IQGAP1	0.25	0.11416255158760795	0.16092686606049725
SETDB2	-0.40808	0.11416255158760795	0.16092686606049725
SYTL5	-1.2944399999999998	0.11416216424378733	0.16092686606049725
RAB7A	0.1276900000000012	0.11416255158760795	0.16092686606049725
KLRG2	0.3379400000000006	0.11416255158760795	0.16092686606049725
ZNF844	-0.7002550000000012	0.11416255158760795	0.16092686606049725
TMEM204	-0.26438000000000006	0.11416255158760795	0.16092686606049725
LDLRAD3	0.3936199999999985	0.11416255158760795	0.16092686606049725
PJA2	0.18664000000000058	0.11416255158760795	0.16092686606049725
EHF	-0.7602999999999991	0.11416255158760795	0.16092686606049725
PLCG2	-0.7996799999999995	0.11416255158760795	0.16092686606049725
EPHX4	0.07345500000000005	0.11416255158760795	0.16092686606049725
CHMP6	-0.4321950000000001	0.11416255158760795	0.16092686606049725
MICAL3	-0.7383300000000004	0.11416255158760795	0.16092686606049725
XYLT2	0.6444549999999998	0.11416216424378733	0.16092686606049725
FAM168A	0.2622100000000005	0.11416255158760795	0.16092686606049725
DDX27	-0.2348100000000013	0.11593443190178791	0.16318695551786022
C16orf45	-1.1154650000000004	0.11593443190178791	0.16318695551786022
HLA-DOA	0.2183799999999998	0.11593443190178791	0.16318695551786022
PTPN9	0.10176499999999944	0.11593443190178791	0.16318695551786022
ITGA8	-0.22792499999999993	0.11593443190178791	0.16318695551786022
CLEC10A	-0.7975599999999998	0.11593443190178791	0.16318695551786022
TNKS1BP1	-0.31857999999999986	0.11593443190178791	0.16318695551786022
NTN4	-0.8981800000000018	0.11593443190178791	0.16318695551786022
GS1-124K5.4	-0.16255499999999934	0.11593443190178791	0.16318695551786022
ALPK3	0.11264999999999992	0.11593443190178791	0.16318695551786022
OPLAH	-1.0475499999999998	0.11593443190178791	0.16318695551786022
DIP2A	-0.20279999999999987	0.11593365158748728	0.16318695551786022
SLFN12	0.19611	0.11593443190178791	0.16318695551786022
BATF2	0.4188349999999996	0.11593443190178791	0.16318695551786022
LPCAT2	-0.5319650000000005	0.11593443190178791	0.16318695551786022
SAC3D1	0.5247050000000009	0.11772785537048877	0.16548677917822457
LRRN2	-0.22224499999999958	0.11772785537048877	0.16548677917822457
MED30	0.3639450000000002	0.11772785537048877	0.16548677917822457
LOC101929243	-0.4341600000000003	0.11772785537048877	0.16548677917822457
PTPN4	0.42750999999999983	0.11772785537048877	0.16548677917822457
SFXN5	-0.12657499999999988	0.11772785537048877	0.16548677917822457
FAM175A	-0.24460499999999907	0.11772785537048877	0.16548677917822457
LOC105373150	-0.06574500000000016	0.11772785537048877	0.16548677917822457
ZYX	-0.20440000000000147	0.11772785537048877	0.16548677917822457
AP2B1	0.2825749999999996	0.11772785537048877	0.16548677917822457
GOLGA3	-0.2774649999999994	0.11772785537048877	0.16548677917822457
ZNF675	0.06576000000000004	0.11772785537048877	0.16548677917822457
VPS16	-0.23496499999999898	0.11772785537048877	0.16548677917822457
KCNQ3	-0.2731250000000003	0.11772785537048877	0.16548677917822457
ZMYND10	0.23404500000000006	0.1195429766543406	0.16776218660362718
AFF1	-0.35595	0.1195429766543406	0.16776218660362718
LUM	0.2621500000000001	0.1195429766543406	0.16776218660362718
WFDC21P	0.11263000000000023	0.1195429766543406	0.16776218660362718
C1orf21	0.2834400000000006	0.1195429766543406	0.16776218660362718
LOC102724362	0.22543999999999986	0.1195429766543406	0.16776218660362718
UNC50	0.20875999999999983	0.1195429766543406	0.16776218660362718
MRPL4	0.22541499999999992	0.1195429766543406	0.16776218660362718
TNPO2	-0.2989550000000012	0.1195429766543406	0.16776218660362718
HIST2H4B	0.41804999999999914	0.1195429766543406	0.16776218660362718
ZFP36L2	-0.3481500000000004	0.1195429766543406	0.16776218660362718
CHTF8	0.21851499999999824	0.1195429766543406	0.16776218660362718
LANCL1	0.2548350000000017	0.1195429766543406	0.16776218660362718
MRPS15	0.25835000000000186	0.1195429766543406	0.16776218660362718
GPATCH1	0.16190000000000015	0.1195429766543406	0.16776218660362718
BICC1	-1.062455	0.1195429766543406	0.16776218660362718
IFT122	-0.18206500000000014	0.1195429766543406	0.16776218660362718
COMMD1	0.1671099999999992	0.12137994970521661	0.16992958928170784
KCNN3	-0.039454999999999796	0.12137994970521661	0.16992958928170784
SESTD1	0.18378499999999853	0.12137994970521661	0.16992958928170784
APOC4-APOC2	0.42831000000000063	0.12137994970521661	0.16992958928170784
TMEM223	0.33369999999999944	0.12137994970521661	0.16992958928170784
CEL	0.32875500000000013	0.12137994970521661	0.16992958928170784
LRRC8E	0.7676299999999996	0.12137994970521661	0.16992958928170784
COL2A1	-0.08506499999999972	0.12137994970521661	0.16992958928170784
ST8SIA6-AS1	2.7493499999999997	0.12137994970521661	0.16992958928170784
HIST1H3E	0.32554000000000016	0.12137994970521661	0.16992958928170784
RDH16	-0.04037500000000005	0.12137994970521661	0.16992958928170784
MLPH	1.1224699999999999	0.12137994970521661	0.16992958928170784
CYFIP1	0.13264999999999993	0.12137994970521661	0.16992958928170784
LARGE2	-0.8342100000000006	0.12137994970521661	0.16992958928170784
CRYZL1	-0.14013999999999882	0.12137994970521661	0.16992958928170784
FUT9	-0.14859999999999984	0.12137994970521661	0.16992958928170784
C2orf72	-0.833815	0.12137994970521661	0.16992958928170784
SNX16	-0.3314199999999996	0.12137994970521661	0.16992958928170784
MED28	-0.312129999999998	0.12137994970521661	0.16992958928170784
KIRREL	-1.198665	0.12137994970521661	0.16992958928170784
CTDSPL2	-0.10257999999999967	0.12137994970521661	0.16992958928170784
PPP4R4	-0.07837499999999942	0.12137955118424158	0.16992958928170784
MS4A2	-0.0365249999999997	0.12137955118424158	0.16992958928170784
ZNF638-IT1	0.20666999999999902	0.12137994970521661	0.16992958928170784
SMAD6	-0.09902999999999906	0.12137994970521661	0.16992958928170784
ZNF41	0.08251000000000008	0.12230627864752563	0.17120992659720138
ELK1	-0.2518149999999997	0.12323892773022282	0.17201804195485348
FKBP5	-0.5744799999999994	0.12323892773022282	0.17201804195485348
HINFP	0.2609399999999997	0.12323892773022282	0.17201804195485348
APOL6	-0.6405849999999997	0.12323892773022282	0.17201804195485348
ADGRG6	1.2333499999999997	0.12323892773022282	0.17201804195485348
POC1B	0.3135199999999996	0.12323892773022282	0.17201804195485348
PIN4	-0.3119500000000013	0.12323892773022282	0.17201804195485348
ZNF576	-0.12242499999999978	0.12323892773022282	0.17201804195485348
RFX3	-0.42528000000000077	0.12323892773022282	0.17201804195485348
ZNF57	0.40874999999999995	0.12323892773022282	0.17201804195485348
RIMS1	-0.011894999999999989	0.12323852644868422	0.17201804195485348
FGG	-0.08521500000000004	0.12323852644868422	0.17201804195485348
POMT2	-0.08390500000000056	0.12323892773022282	0.17201804195485348
DCTN1	-0.2659849999999997	0.12323892773022282	0.17201804195485348
TPMT	-0.044480000000000075	0.12323892773022282	0.17201804195485348
GTPBP8	-0.2410350000000019	0.12323892773022282	0.17201804195485348
LOC100506639	0.03218000000000032	0.12323892773022282	0.17201804195485348
ZNF667-AS1	-1.021675000000001	0.12323892773022282	0.17201804195485348
ZFP36L1	0.28420000000000023	0.12323892773022282	0.17201804195485348
UBXN10-AS1	-0.42966499999999996	0.12323892773022282	0.17201804195485348
BCL2L14	-0.12985000000000002	0.12323852644868422	0.17201804195485348
CCND2	-0.2952649999999988	0.12323892773022282	0.17201804195485348
PCDHB2	0.7610450000000002	0.12323892773022282	0.17201804195485348
TAF6L	0.057255000000000056	0.12323892773022282	0.17201804195485348
HCP5	1.2270399999999997	0.12323892773022282	0.17201804195485348
ELOF1	0.20558500000000013	0.12323892773022282	0.17201804195485348
ZNF674	0.0782500000000006	0.12323892773022282	0.17201804195485348
KLRB1	-0.13610999999999995	0.12323892773022282	0.17201804195485348
TLR5	-0.33790999999999993	0.12323892773022282	0.17201804195485348
BMS1	-0.3450299999999995	0.12323892773022282	0.17201804195485348
LINC01503	0.09377499999999994	0.1251200631554309	0.17424180640038048
SNAI2	0.5034950000000009	0.1251200631554309	0.17424180640038048
PLAC8	0.32976499999999986	0.1251200631554309	0.17424180640038048
KIAA0930	-0.3349649999999986	0.1251200631554309	0.17424180640038048
LOC101928152	0.0948500000000001	0.1251200631554309	0.17424180640038048
ATG13	-0.30459999999999887	0.1251200631554309	0.17424180640038048
TMEM167B	0.21242999999999945	0.12511965912813436	0.17424180640038048
ZSWIM7	0.16699499999999912	0.1251200631554309	0.17424180640038048
CLUL1	-0.14799499999999988	0.1251200631554309	0.17424180640038048
KCTD11	-0.18277500000000035	0.1251200631554309	0.17424180640038048
PPP2R1B	-0.465345000000001	0.1251200631554309	0.17424180640038048
ALG10B	-0.34365999999999985	0.1251200631554309	0.17424180640038048
RFX1	-0.14832	0.1251200631554309	0.17424180640038048
MCOLN1	0.06654499999999963	0.1251200631554309	0.17424180640038048
DHX16	0.12911500000000053	0.1251200631554309	0.17424180640038048
LOC105375839	-0.07090999999999958	0.1251200631554309	0.17424180640038048
C9orf16	0.2059299999999995	0.1251200631554309	0.17424180640038048
PLCB2	-0.11044999999999927	0.1251200631554309	0.17424180640038048
POU2F3	-0.4078599999999999	0.1251200631554309	0.17424180640038048
RASSF5	0.42057000000000055	0.1251200631554309	0.17424180640038048
ZBED5-AS1	0.3366099999999994	0.1251200631554309	0.17424180640038048
HSD17B7	0.22208499999999987	0.1251200631554309	0.17424180640038048
MBTPS2	0.16379499999999858	0.1251200631554309	0.17424180640038048
RPS6KA5	-0.3313550000000003	0.1251200631554309	0.17424180640038048
CATSPERB	0.047005000000000186	0.12702350758936196	0.17652013179069037
SYTL3	-0.26632499999999926	0.12702350758936196	0.17652013179069037
AMPD2	-0.24169500000000088	0.12702350758936196	0.17652013179069037
RPP25	-0.30694	0.12702350758936196	0.17652013179069037
NFYB	0.18759999999999977	0.12702350758936196	0.17652013179069037
TMEM38B	-0.44254500000000085	0.12702350758936196	0.17652013179069037
NQO2	-0.4876649999999998	0.12702350758936196	0.17652013179069037
CCR2	0.2127150000000002	0.12702350758936196	0.17652013179069037
TUBGCP4	-0.09055999999999997	0.12702350758936196	0.17652013179069037
ZNF608	-0.4265150000000002	0.12702350758936196	0.17652013179069037
WNT5B	-0.5535000000000001	0.12702350758936196	0.17652013179069037
MIR6785	-0.3220200000000002	0.12702350758936196	0.17652013179069037
DUSP1	0.10529999999999973	0.12702350758936196	0.17652013179069037
HERC2	-0.2643300000000002	0.12702350758936196	0.17652013179069037
RAMP2-AS1	-0.31092999999999993	0.12702350758936196	0.17652013179069037
DDX28	0.13536500000000018	0.12702350758936196	0.17652013179069037
TRAF1	0.14265000000000017	0.12702350758936196	0.17652013179069037
TGFBI	0.31505000000000116	0.12702350758936196	0.17652013179069037
CNN2	-0.3624300000000016	0.12702350758936196	0.17652013179069037
GUCD1	0.19534999999999947	0.12702350758936196	0.17652013179069037
FJX1	0.4133950000000004	0.12702350758936196	0.17652013179069037
FLRT3	-1.60988	0.12702350758936196	0.17652013179069037
WNT4	-0.02049000000000012	0.1289490023145028	0.17890545122381232
ATL1	-0.45980500000000024	0.1289494117862308	0.17890545122381232
PAQR3	0.3213500000000007	0.1289494117862308	0.17890545122381232
DRAM2	0.3826299999999989	0.1289494117862308	0.17890545122381232
WISP3	-0.2589349999999997	0.1289494117862308	0.17890545122381232
TAF3	-0.23347499999999943	0.1289494117862308	0.17890545122381232
MMP10	0.05513000000000012	0.1289494117862308	0.17890545122381232
MIEF1	0.44051500000000043	0.1289494117862308	0.17890545122381232
PARP3	0.4553400000000001	0.1289494117862308	0.17890545122381232
PPP1R16A	0.2611850000000011	0.1289494117862308	0.17890545122381232
POU2F1	0.16935000000000056	0.1289494117862308	0.17890545122381232
FBXL15	-0.09970999999999997	0.1289494117862308	0.17890545122381232
UGT2B15	-0.019315000000000193	0.1289494117862308	0.17890545122381232
C19orf54	-0.16463000000000072	0.1289494117862308	0.17890545122381232
ZBTB49	-0.21697999999999995	0.1289494117862308	0.17890545122381232
SPESP1	-0.34518499999999985	0.1289494117862308	0.17890545122381232
SLC35B4	0.1128600000000004	0.1289494117862308	0.17890545122381232
SBSN	0.28774500000000014	0.1308979256089557	0.1811761032875767
HRASLS	0.8367499999999994	0.1308979256089557	0.1811761032875767
MALT1	0.17734999999999967	0.1308979256089557	0.1811761032875767
SASH3	0.7461500000000001	0.1308979256089557	0.1811761032875767
ATP8B1	0.2922849999999997	0.1308979256089557	0.1811761032875767
FAM111B	0.055175000000000196	0.1308979256089557	0.1811761032875767
ALG12	0.3756799999999991	0.1308979256089557	0.1811761032875767
CCDC160	0.14597000000000016	0.1308979256089557	0.1811761032875767
NMNAT1	0.14127500000000026	0.1308979256089557	0.1811761032875767
EMP3	0.47818000000000005	0.1308979256089557	0.1811761032875767
UNKL	-0.29707999999999934	0.1308979256089557	0.1811761032875767
SCAPER	-0.11290000000000067	0.1308979256089557	0.1811761032875767
CTNS	0.37913500000000067	0.1308975134398981	0.1811761032875767
ACSF2	-0.7450250000000009	0.1308979256089557	0.1811761032875767
P2RY10	0.1474000000000002	0.1308979256089557	0.1811761032875767
AP1M1	0.48005999999999993	0.1308979256089557	0.1811761032875767
USF3	0.08077500000000004	0.1308975134398981	0.1811761032875767
TNFRSF18	0.0778250000000007	0.1308979256089557	0.1811761032875767
MN1	1.07546	0.1308979256089557	0.1811761032875767
PPP1R3B	0.30344499999999996	0.1308979256089557	0.1811761032875767
RTN4R	0.04760999999999971	0.1308979256089557	0.1811761032875767
LRRC61	-0.15749500000000083	0.1308979256089557	0.1811761032875767
CEP97	0.21538500000000038	0.1308979256089557	0.1811761032875767
HIC2	0.16048500000000043	0.1308979256089557	0.1811761032875767
FBN1	0.47614999999999874	0.1308979256089557	0.1811761032875767
COL9A2	-0.2593199999999998	0.1318802941981038	0.18251840582720513
PROCA1	-0.08597499999999991	0.13286919799194521	0.18346738549386976
FOXRED2	0.19355499999999992	0.13286919799194521	0.18346738549386976
CALR	0.4267800000000008	0.13286836829382798	0.18346738549386976
MGAT5	-0.3415700000000008	0.13286919799194521	0.18346738549386976
CYLD	-0.06270999999999916	0.13286919799194521	0.18346738549386976
TTC37	0.09741	0.13286919799194521	0.18346738549386976
LOC101060604	0.6176650000000006	0.13286919799194521	0.18346738549386976
ASB16-AS1	0.08404999999999996	0.13286919799194521	0.18346738549386976
TMF1	0.28621500000000033	0.13286919799194521	0.18346738549386976
TMEM168	-0.21565000000000012	0.13286919799194521	0.18346738549386976
CHD3	-0.40946500000000086	0.13286919799194521	0.18346738549386976
SACS	-0.4555699999999998	0.13286919799194521	0.18346738549386976
SDHAF1	-0.2065500000000018	0.13286919799194521	0.18346738549386976
XPC	-0.3450749999999996	0.13286919799194521	0.18346738549386976
URB1	-0.1548999999999996	0.13286919799194521	0.18346738549386976
TMEM104	0.16378000000000004	0.1328687831430512	0.18346738549386976
CNOT8	0.24568999999999797	0.13286919799194521	0.18346738549386976
PAN3-AS1	-0.13302000000000014	0.13286919799194521	0.18346738549386976
CH17-340M24.3	-0.3085199999999997	0.13286919799194521	0.18346738549386976
LYPLA2	0.18794000000000022	0.13286919799194521	0.18346738549386976
CDC42-IT1	-0.3762299999999996	0.13286919799194521	0.18346738549386976
HOXB5	-0.6803599999999994	0.1328687831430512	0.18346738549386976
CNPY3	-0.10091000000000072	0.13286919799194521	0.18346738549386976
BMS1P20	0.7203500000000007	0.13286919799194521	0.18346738549386976
CLIP2	-0.3522200000000004	0.13486337690366773	0.185938095451919
ZIM2	-0.12220499999999967	0.13486337690366773	0.185938095451919
EXO5	0.1556299999999995	0.13486337690366773	0.185938095451919
C9orf40	0.33352500000000074	0.1348629593931122	0.185938095451919
PRKAR2A	-0.02149999999999963	0.13486337690366773	0.185938095451919
B4GALT7	-0.1082099999999997	0.13486337690366773	0.185938095451919
TMEM133	-0.49094000000000015	0.13486337690366773	0.185938095451919
TXLNB	-0.1931400000000001	0.13486337690366773	0.185938095451919
DNM3	-0.09882500000000016	0.13486337690366773	0.185938095451919
OTUD7B	0.0674999999999999	0.13486337690366773	0.185938095451919
ZNF227	0.11730000000000018	0.13486337690366773	0.185938095451919
ILKAP	-0.2549000000000001	0.13486337690366773	0.185938095451919
CHST7	-0.09535500000000008	0.13486337690366773	0.185938095451919
ZNF385A	-0.2130149999999995	0.13486337690366773	0.185938095451919
PABPC3	0.1883499999999998	0.13486337690366773	0.185938095451919
CTBP1	0.03799999999999848	0.13486337690366773	0.185938095451919
LMAN2L	-0.31534500000000065	0.13688060930901394	0.188468778646582
LOC692247	-0.579835000000001	0.13688060930901394	0.188468778646582
LOC642852	-0.02802500000000041	0.13688018915565708	0.188468778646582
SLC25A33	0.5629150000000003	0.13688060930901394	0.188468778646582
HEXIM2	0.14667499999999922	0.13688060930901394	0.188468778646582
ELOVL5	-0.6852999999999998	0.13688060930901394	0.188468778646582
LOC100131262	0.8947649999999996	0.13688060930901394	0.188468778646582
NRARP	0.20145999999999997	0.13688060930901394	0.188468778646582
OTUD6B-AS1	0.3383799999999999	0.13688060930901394	0.188468778646582
DHX30	0.25703999999999994	0.13688060930901394	0.188468778646582
SMG5	-0.30867500000000003	0.13688060930901394	0.188468778646582
CARS2	-0.19224499999999978	0.13688060930901394	0.188468778646582
ZNF34	-0.052039999999999864	0.13688060930901394	0.188468778646582
WFDC1	0.19287999999999994	0.13688060930901394	0.188468778646582
MIR6805	0.09975000000000023	0.1378974947471314	0.18985091189968165
LRP8	0.1772999999999998	0.13892104113146103	0.19089812256917837
INPP5E	-0.3523999999999994	0.13892061835485164	0.19089812256917837
ICOSLG	-0.07790499999999945	0.13892104113146103	0.19089812256917837
MTERF4	-0.3456450000000011	0.13892104113146103	0.19089812256917837
SVIL-AS1	-0.12901499999999988	0.13892104113146103	0.19089812256917837
PGBD5	0.010015000000000107	0.13892104113146103	0.19089812256917837
FHOD1	-0.3542399999999999	0.13892104113146103	0.19089812256917837
POP5	-0.3267299999999995	0.13892104113146103	0.19089812256917837
MYOF	0.04400000000000048	0.13892104113146103	0.19089812256917837
DEAF1	-0.39719500000000085	0.13892104113146103	0.19089812256917837
OR7E14P	0.24201499999999987	0.13892061835485164	0.19089812256917837
YEATS2	0.17858000000000018	0.13892104113146103	0.19089812256917837
LCOR	0.3687649999999998	0.13892061835485164	0.19089812256917837
ZNF770	0.24505999999999872	0.13892104113146103	0.19089812256917837
SIX3	-0.09088999999999992	0.13892104113146103	0.19089812256917837
ACSL5	0.8303249999999993	0.13892104113146103	0.19089812256917837
LYN	0.303449999999998	0.13892104113146103	0.19089812256917837
FAAH2	0.4373749999999994	0.13892104113146103	0.19089812256917837
FLOT1	0.2364050000000013	0.13892104113146103	0.19089812256917837
LINC01003	0.8132449999999993	0.13892104113146103	0.19089812256917837
SIN3B	-0.3169599999999999	0.140984817215046	0.19338637154972116
BTBD3	0.5582250000000011	0.140984817215046	0.19338637154972116
CS	0.2972400000000004	0.140984817215046	0.19338637154972116
POT1	0.3026549999999997	0.140984817215046	0.19338637154972116
LRCH3	-0.21553500000000003	0.140984817215046	0.19338637154972116
SIX1	2.33636	0.14098439183542477	0.19338637154972116
RPL15	-0.21139999999999937	0.14098439183542477	0.19338637154972116
SASH1	-0.6897500000000019	0.140984817215046	0.19338637154972116
PART1	-0.3783000000000003	0.140984817215046	0.19338637154972116
PTAFR	0.08245500000000039	0.140984817215046	0.19338637154972116
XAF1	0.2771500000000007	0.140984817215046	0.19338637154972116
MIR146A	0.14010500000000015	0.140984817215046	0.19338637154972116
RNF146	0.30558500000000066	0.140984817215046	0.19338637154972116
PPP1R1B	-1.618285000000001	0.140984817215046	0.19338637154972116
TRAPPC2L	0.06508499999999984	0.140984817215046	0.19338637154972116
C9orf72	0.2084849999999996	0.140984817215046	0.19338637154972116
AK9	0.17842999999999964	0.140984817215046	0.19338637154972116
EPHA10	-0.09233999999999964	0.140984817215046	0.19338637154972116
RAB5A	0.1313499999999994	0.14098439183542477	0.19338637154972116
SNORD42A	-0.15429999999999922	0.14202379761837686	0.1947931232540677
CAMP	0.06454000000000004	0.14307208128615914	0.1958793970432359
BCL11A	-2.4432800000000015	0.14307208128615914	0.1958793970432359
GMFB	0.14355000000000118	0.14307208128615914	0.1958793970432359
CXorf38	-0.25723499999999966	0.14307208128615914	0.1958793970432359
RBM41	0.41536499999999954	0.14307208128615914	0.1958793970432359
FAM133DP	0.06984500000000082	0.14307208128615914	0.1958793970432359
PIP5K1B	-0.07691999999999988	0.14307208128615914	0.1958793970432359
UBLCP1	-0.3058899999999998	0.14307208128615914	0.1958793970432359
ZNF521	-1.0620849999999997	0.14307208128615914	0.1958793970432359
P4HTM	0.13432000000000066	0.14307208128615914	0.1958793970432359
PURA	-0.3493499999999994	0.14307165332446195	0.1958793970432359
LOC101926951	-0.041605000000000114	0.14307208128615914	0.1958793970432359
USP24	0.06610000000000049	0.14307208128615914	0.1958793970432359
FKBP15	0.08846499999999935	0.14307208128615914	0.1958793970432359
ROBO1	-0.4037450000000007	0.14307208128615914	0.1958793970432359
ITGB8	-0.6098599999999994	0.14307208128615914	0.1958793970432359
LOC105376379	0.0881299999999996	0.14307208128615914	0.1958793970432359
CIITA	-0.06162000000000001	0.14307208128615914	0.1958793970432359
MYC	0.9596	0.14307208128615914	0.1958793970432359
HLA-E	0.2521500000000003	0.14518297591516574	0.19848871928450731
LARP1	0.13565000000000005	0.14518297591516574	0.19848871928450731
NKAIN1	0.04007999999999967	0.14518254539302658	0.19848871928450731
ZNF445	-0.10387500000000038	0.14518297591516574	0.19848871928450731
ZNF555	-0.09859000000000062	0.14518297591516574	0.19848871928450731
FBXO42	-0.14442999999999984	0.14518254539302658	0.19848871928450731
RICTOR	0.29391000000000034	0.14518297591516574	0.19848871928450731
SLC25A14	-0.22775999999999996	0.14518297591516574	0.19848871928450731
GPD1L	-0.27736999999999945	0.14518297591516574	0.19848871928450731
PRF1	-0.29037500000000005	0.14518297591516574	0.19848871928450731
FAM71E1	0.03899000000000008	0.14518297591516574	0.19848871928450731
GRINA	0.17573499999999864	0.14518297591516574	0.19848871928450731
PAQR8	-0.4059399999999993	0.14518297591516574	0.19848871928450731
ARSA	0.2370549999999998	0.14518297591516574	0.19848871928450731
RDH13	-0.3552999999999997	0.14518297591516574	0.19848871928450731
RPS27	-0.07850000000000001	0.1462468971225077	0.1999244507213647
KIAA1586	-0.11614999999999975	0.14731764247786622	0.20112313660464165
ZNF800	0.1452599999999995	0.1473172094176195	0.20112313660464165
ZNF419	-0.29526500000000055	0.14731764247786622	0.20112313660464165
SLC41A1	-0.38883500000000026	0.14731764247786622	0.20112313660464165
NDUFB2-AS1	-0.04118999999999984	0.14731764247786622	0.20112313660464165
IL17RB	1.1488250000000004	0.14731764247786622	0.20112313660464165
UBALD1	0.24830500000000022	0.14731764247786622	0.20112313660464165
KEAP1	0.15335500000000035	0.14731764247786622	0.20112313660464165
SLAMF7	1.0335900000000002	0.14731764247786622	0.20112313660464165
PPIG	0.2379200000000008	0.14731764247786622	0.20112313660464165
ABI3	-0.09976499999999966	0.14731764247786622	0.20112313660464165
TMPRSS3	-1.3532600000000006	0.14731764247786622	0.20112313660464165
KAZALD1	0.037900000000000045	0.1473172094176195	0.20112313660464165
MFAP5	0.9213749999999976	0.14731764247786622	0.20112313660464165
OGFOD2	0.21956499999999934	0.1494757855414866	0.20364890543749048
LIN9	-0.22658500000000004	0.14947622111680284	0.20364890543749048
ABI2	-0.23720500000000122	0.14947622111680284	0.20364890543749048
SLC9A8	-0.2215600000000002	0.14947622111680284	0.20364890543749048
CEP44	-0.20912000000000042	0.1494757855414866	0.20364890543749048
SMARCE1	0.19669999999999987	0.1494757855414866	0.20364890543749048
AKR1B1	-0.1898099999999996	0.14947622111680284	0.20364890543749048
PPAN-P2RY11	-0.32175000000000065	0.14947622111680284	0.20364890543749048
BCL7C	0.1786500000000002	0.14947622111680284	0.20364890543749048
MAP3K8	0.24938000000000038	0.14947622111680284	0.20364890543749048
SMAD2	-0.15787000000000084	0.14947622111680284	0.20364890543749048
LOC100505715	-0.41580999999999957	0.14947622111680284	0.20364890543749048
WDR36	-0.40981000000000023	0.1494757855414866	0.20364890543749048
LRRC17	-1.2527049999999997	0.14947622111680284	0.20364890543749048
HOXB-AS3	-0.11418999999999979	0.14947622111680284	0.20364890543749048
SYTL2	0.8248750000000005	0.14947622111680284	0.20364890543749048
BEND7	-0.5829400000000007	0.14947622111680284	0.20364890543749048
RPL6	-0.24865000000000137	0.14947534996574036	0.20364890543749048
STON2	-1.6247999999999996	0.14947622111680284	0.20364890543749048
GEM	1.3989700000000003	0.14947622111680284	0.20364890543749048
ZNF703	-0.9088349999999981	0.14947622111680284	0.20364890543749048
ACAP3	-0.10571000000000019	0.14947622111680284	0.20364890543749048
RHBDD3	-0.09415500000000065	0.15165885070242552	0.2062355866561123
KLF16	0.2714249999999998	0.15165885070242552	0.2062355866561123
AASDH	0.16994500000000023	0.15165885070242552	0.2062355866561123
CNIH2	0.12984000000000018	0.15165885070242552	0.2062355866561123
TUBB2A	-0.6096500000000002	0.15165885070242552	0.2062355866561123
NUDT12	-0.42994999999999983	0.15165885070242552	0.2062355866561123
HACE1	-0.2798349999999994	0.15165885070242552	0.2062355866561123
HEG1	0.34940500000000085	0.15165841263578336	0.2062355866561123
NAGPA-AS1	-0.2331249999999998	0.15165885070242552	0.2062355866561123
SCUBE2	-2.9342550000000003	0.15165885070242552	0.2062355866561123
ERN1	0.57287	0.15165885070242552	0.2062355866561123
DNAJC30	-0.12175500000000028	0.15165885070242552	0.2062355866561123
IL15RA	0.5545650000000002	0.15165885070242552	0.2062355866561123
ADGRG2	-0.06528500000000004	0.15165885070242552	0.2062355866561123
PCDHB18P	0.09844000000000008	0.15165885070242552	0.2062355866561123
TMEM219	0.20185999999999993	0.15165885070242552	0.2062355866561123
STEAP2	-0.7024100000000004	0.15165885070242552	0.2062355866561123
MIR142	-0.0850200000000001	0.15165841263578336	0.2062355866561123
ARFIP2	0.1972050000000003	0.15165885070242552	0.2062355866561123
SUGP2	-0.11923499999999976	0.15165885070242552	0.2062355866561123
IFT20	0.16451499999999974	0.15386566879412317	0.20890400544392826
CLIP1	0.31556999999999924	0.15386566879412317	0.20890400544392826
UBASH3B	-0.33962000000000003	0.1538652282606068	0.20890400544392826
ITGA11	0.9605750000000004	0.15386566879412317	0.20890400544392826
THAP11	-0.1399550000000005	0.15386566879412317	0.20890400544392826
PRRG2	0.09067999999999987	0.15386566879412317	0.20890400544392826
WDR35	-0.36263999999999896	0.15386566879412317	0.20890400544392826
SPATA17	0.02353499999999986	0.15386566879412317	0.20890400544392826
ORC1	0.0391999999999999	0.15386566879412317	0.20890400544392826
C4orf19	-0.10458000000000034	0.15386566879412317	0.20890400544392826
CSK	0.11901500000000009	0.15386566879412317	0.20890400544392826
PHF20	0.18359000000000059	0.15386566879412317	0.20890400544392826
NDUFA4L2	0.13982000000000028	0.15386566879412317	0.20890400544392826
HERC2P9	0.6602099999999993	0.1538647877266347	0.20890400544392826
ALKBH4	0.11233000000000004	0.15386566879412317	0.20890400544392826
SHROOM1	-0.44790000000000063	0.1538652282606068	0.20890400544392826
KIF5C	-1.0287100000000002	0.1538652282606068	0.20890400544392826
LIG1	0.26528999999999936	0.15609681160113412	0.21147848661924337
ZNF18	-0.1839599999999999	0.15609681160113412	0.21147848661924337
RERG	-1.1302649999999996	0.15609681160113412	0.21147848661924337
DCUN1D2	0.2691749999999997	0.15609681160113412	0.21147848661924337
ATXN1L	-0.31673499999999954	0.15609681160113412	0.21147848661924337
SPC24	0.1678449999999998	0.15609681160113412	0.21147848661924337
ENPEP	-0.6390799999999999	0.15609681160113412	0.21147848661924337
DNASE1L1	0.18174000000000046	0.15609681160113412	0.21147848661924337
CPNE7	-0.24343499999999985	0.15609681160113412	0.21147848661924337
PTDSS1	0.4404950000000003	0.15609681160113412	0.21147848661924337
TUSC3	0.32376999999999967	0.15609681160113412	0.21147848661924337
POLR3C	0.025129999999999875	0.1560963686259051	0.21147848661924337
CARS	-0.13320000000000043	0.15609681160113412	0.21147848661924337
FST	-0.5818050000000001	0.15609681160113412	0.21147848661924337
HOXC4	-0.3019350000000003	0.15609681160113412	0.21147848661924337
TMEM64	0.8209900000000019	0.15609681160113412	0.21147848661924337
MAP1S	-0.28367500000000057	0.15609681160113412	0.21147848661924337
TRAPPC6A	0.2555999999999994	0.15609681160113412	0.21147848661924337
POLR3GL	-0.24508499999999955	0.15609681160113412	0.21147848661924337
CTRB2	-0.04452500000000015	0.1560963686259051	0.21147848661924337
ZIC1	-0.002874999999999961	0.1560963686259051	0.21147848661924337
CELF4	-0.16173000000000037	0.15609681160113412	0.21147848661924337
ADTRP	-0.13171	0.15609681160113412	0.21147848661924337
MLLT1	-0.03899499999999989	0.15835241394334276	0.21413481285829442
TSPAN33	-0.8196950000000003	0.15835241394334276	0.21413481285829442
LIN7C	0.28474999999999895	0.15835241394334276	0.21413481285829442
C5orf30	0.6011749999999996	0.15835241394334276	0.21413481285829442
NCBP3	0.08503500000000042	0.15835241394334276	0.21413481285829442
ZCCHC3	-0.3480749999999997	0.15835241394334276	0.21413481285829442
FCER1A	-0.90612	0.15835241394334276	0.21413481285829442
NAGLU	-0.43064000000000036	0.15835241394334276	0.21413481285829442
NKG7	0.16199999999999992	0.15835241394334276	0.21413481285829442
RBM48	0.1108400000000005	0.15835241394334276	0.21413481285829442
LOC157562	-0.4782649999999995	0.15835241394334276	0.21413481285829442
ACADM	0.1616800000000005	0.15835241394334276	0.21413481285829442
AGAP4	0.13436499999999985	0.15835241394334276	0.21413481285829442
FLII	-0.02633000000000152	0.15835196855227474	0.21413481285829442
CYP4F8	-0.04856000000000016	0.15835241394334276	0.21413481285829442
SNAPC2	-0.15889500000000023	0.15835241394334276	0.21413481285829442
SRRM1	0.1512000000000011	0.1583515231607251	0.21413481285829442
FAM50A	0.12478000000000122	0.15835241394334276	0.21413481285829442
C9orf152	0.7074199999999999	0.15835241394334276	0.21413481285829442
KDM5C	0.10274499999999964	0.15835241394334276	0.21413481285829442
ARL16	0.22111500000000017	0.16063260921197575	0.21677416141402395
C1orf74	-0.10765000000000047	0.16063216143165548	0.21677416141402395
CDC26	-0.2035450000000001	0.16063260921197575	0.21677416141402395
MDH1	0.6829000000000001	0.16063216143165548	0.21677416141402395
MCL1	0.30925000000000047	0.16063260921197575	0.21677416141402395
ZFP57	-0.11441999999999997	0.16063260921197575	0.21677416141402395
CLCN3	0.11320000000000086	0.16063260921197575	0.21677416141402395
LPAR2	0.1274449999999998	0.16063260921197575	0.21677416141402395
LOC101926959	-0.2534050000000003	0.16063216143165548	0.21677416141402395
LOC101926967	-0.501125	0.16063260921197575	0.21677416141402395
FAM83B	0.47349500000000067	0.16063260921197575	0.21677416141402395
TMEM62	0.7596150000000002	0.16063260921197575	0.21677416141402395
DPYD	-0.21612999999999793	0.16063260921197575	0.21677416141402395
RHPN1	0.15873000000000026	0.16063260921197575	0.21677416141402395
PPP1R21	0.08527499999999932	0.16063260921197575	0.21677416141402395
PRKAR2B	-0.10014499999999948	0.16063260921197575	0.21677416141402395
KLRC3	-0.09172000000000002	0.16063260921197575	0.21677416141402395
HDDC3	0.27328499999999956	0.16063260921197575	0.21677416141402395
ZNF347	0.12046000000000001	0.16063260921197575	0.21677416141402395
TASP1	0.3769450000000001	0.16063260921197575	0.21677416141402395
ZNF485	-0.021460000000000257	0.16063260921197575	0.21677416141402395
CXCR6	0.15788500000000028	0.16063260921197575	0.21677416141402395
FAM171B	-1.1778450000000005	0.16293752933020533	0.21933433453218779
CRLF1	-1.2995799999999997	0.16293752933020533	0.21933433453218779
ANKS1B	-0.2134400000000003	0.16293752933020533	0.21933433453218779
CCDC149	-0.16950999999999983	0.16293707918793487	0.21933433453218779
PRADC1	0.30967000000000056	0.16293752933020533	0.21933433453218779
TPST2	0.5921450000000004	0.16293752933020533	0.21933433453218779
NT5E	-0.6370449999999996	0.16293752933020533	0.21933433453218779
HSF2BP	0.07065499999999991	0.16293707918793487	0.21933433453218779
INSIG1	0.20791499999999985	0.16293752933020533	0.21933433453218779
LOC145783	-0.5194850000000004	0.16293752933020533	0.21933433453218779
TRAPPC6B	0.21262500000000095	0.16293752933020533	0.21933433453218779
MIR6831	-0.1088300000000002	0.16293752933020533	0.21933433453218779
HCRP1	0.4324199999999996	0.16293752933020533	0.21933433453218779
PICALM	0.35769999999999946	0.16293707918793487	0.21933433453218779
CLCN7	-0.13093499999999914	0.16293707918793487	0.21933433453218779
ERLIN2	-0.45689500000000116	0.16293752933020533	0.21933433453218779
FRS3	-0.04435499999999992	0.16293752933020533	0.21933433453218779
CYP26B1	-0.18967500000000026	0.16293752933020533	0.21933433453218779
WWC2	0.452585	0.16293752933020533	0.21933433453218779
CCDC34	0.39956499999999906	0.16293752933020533	0.21933433453218779
TCF20	0.1285500000000006	0.16293752933020533	0.21933433453218779
NUDT6	-0.3856849999999996	0.16293752933020533	0.21933433453218779
TMEM231	-0.25320000000000054	0.16293752933020533	0.21933433453218779
CCDC159	-0.19728999999999974	0.16293752933020533	0.21933433453218779
ZDHHC17	-0.2958400000000001	0.16293752933020533	0.21933433453218779
SH2B1	-0.6529300000000005	0.16293752933020533	0.21933433453218779
LGALS8	0.2989949999999997	0.16293752933020533	0.21933433453218779
NPC2	0.23770000000000024	0.16526730471367412	0.2221204811709371
CTH	-0.38110500000000025	0.16526730471367412	0.2221204811709371
TMEM184B	0.23856000000000055	0.16526730471367412	0.2221204811709371
IFNG	-0.06343499999999991	0.16526730471367412	0.2221204811709371
AMD1	0.19102499999999978	0.16526730471367412	0.2221204811709371
LOC101928927	0.31076499999999996	0.16526730471367412	0.2221204811709371
NINL	-0.36294500000000074	0.16526730471367412	0.2221204811709371
GADD45G	0.10826000000000002	0.1652668522374714	0.2221204811709371
CALCRL	0.1916549999999999	0.16526730471367412	0.2221204811709371
WDR11	-0.4940099999999994	0.16526730471367412	0.2221204811709371
LRRC14	-0.2601299999999993	0.16526730471367412	0.2221204811709371
PHB2	-0.30879999999999974	0.1652668522374714	0.2221204811709371
LOC101928245	-0.24669000000000008	0.1652668522374714	0.2221204811709371
MEX3B	0.05854500000000007	0.16526730471367412	0.2221204811709371
TMEM159	0.474260000000001	0.16526730471367412	0.2221204811709371
HPSE	0.06661500000000009	0.16526730471367412	0.2221204811709371
CTBP2	-0.5192500000000013	0.16526730471367412	0.2221204811709371
SUCLA2	0.5416999999999987	0.16762206423094705	0.2248482926992253
NECAP2	0.18967000000000134	0.16762206423094705	0.2248482926992253
LOC727820	-0.3744499999999995	0.16762206423094705	0.2248482926992253
ZNF23	0.6281250000000007	0.16762160944954774	0.2248482926992253
SNX13	-0.5643749999999983	0.16762206423094705	0.2248482926992253
ANKFY1	-0.15549000000000213	0.16762206423094705	0.2248482926992253
RAPGEF1	-0.12786000000000008	0.16762206423094705	0.2248482926992253
CCAR2	-0.5292599999999998	0.16762206423094705	0.2248482926992253
RALA	0.05860000000000021	0.16762206423094705	0.2248482926992253
MSLN	0.18330000000000002	0.16762206423094705	0.2248482926992253
UCN	0.02524000000000015	0.16762206423094705	0.2248482926992253
GON4L	-0.39010999999999996	0.16762206423094705	0.2248482926992253
PCGF1	0.17673000000000005	0.16762206423094705	0.2248482926992253
TRIM46	-0.11902999999999953	0.16762206423094705	0.2248482926992253
ZNF232	-0.6019749999999995	0.16762206423094705	0.2248482926992253
IL16	-0.33875999999999973	0.16762206423094705	0.2248482926992253
C1orf61	-0.03252500000000014	0.16762160944954774	0.2248482926992253
FOXP4-AS1	0.09484499999999985	0.16762206423094705	0.2248482926992253
LOC101927562	-0.3225100000000003	0.16762206423094705	0.2248482926992253
SPHK1	0.6054099999999991	0.16762206423094705	0.2248482926992253
ZNF230	-0.042604999999999116	0.16762206423094705	0.2248482926992253
SERBP1	0.30739999999999945	0.16880839695541483	0.22641872546287378
MTG2	0.20821499999999915	0.1700019351639076	0.22774613491238618
SPNS2	-0.20195499999999988	0.1700019351639076	0.22774613491238618
PAFAH2	0.11817000000000011	0.1700019351639076	0.22774613491238618
PLEKHH3	-0.48726	0.1700019351639076	0.22774613491238618
ZNF566	0.14400999999999975	0.1700019351639076	0.22774613491238618
TRIM45	0.632835	0.1700019351639076	0.22774613491238618
PEA15	-0.17799999999999905	0.17000147810676536	0.22774613491238618
LINC00993	-1.8684999999999992	0.1700019351639076	0.22774613491238618
MIPOL1	0.2217349999999998	0.1700019351639076	0.22774613491238618
CALCOCO1	-0.3998949999999999	0.1700019351639076	0.22774613491238618
NMD3	-0.16615000000000002	0.1700019351639076	0.22774613491238618
MIR612	-0.1443499999999993	0.1700019351639076	0.22774613491238618
GPBP1	0.11715000000000053	0.1700019351639076	0.22774613491238618
SRSF4	0.2236199999999986	0.1724070431681055	0.23062777089970785
UBE3A	-0.2632499999999993	0.1724070431681055	0.23062777089970785
KDR	-0.1542899999999996	0.1724070431681055	0.23062777089970785
HSD17B14	-0.16396999999999906	0.1724070431681055	0.23062777089970785
FLNA	-0.3108500000000003	0.1724070431681055	0.23062777089970785
BTN3A1	-0.5558300000000003	0.1724070431681055	0.23062777089970785
KCNG1	-0.5058049999999996	0.1724070431681055	0.23062777089970785
SKAP1	0.46255000000000024	0.1724070431681055	0.23062777089970785
LOC100996349	-0.14769000000000077	0.1724070431681055	0.23062777089970785
ADGRE5	-0.2971199999999996	0.1724070431681055	0.23062777089970785
RGS18	-0.08390999999999993	0.1724065838653922	0.23062777089970785
CEP104	0.3673199999999994	0.1724070431681055	0.23062777089970785
LILRB3	-0.14180500000000062	0.1724070431681055	0.23062777089970785
LASP1	0.19480000000000075	0.1724070431681055	0.23062777089970785
LOC100289361	-0.08167000000000035	0.1724070431681055	0.23062777089970785
TFCP2	-0.07063000000000041	0.1724070431681055	0.23062777089970785
KMT2E	-0.30335	0.17361863947085043	0.23222712373544163
GLTP	0.10140999999999956	0.17483751223306554	0.23336308388314134
ZNF571	0.11571500000000023	0.17483751223306554	0.23336308388314134
STRIP1	0.157235	0.17483751223306554	0.23336308388314134
TRPV6	-0.9662300000000004	0.17483751223306554	0.23336308388314134
LOC105379045	-0.13481500000000057	0.17483751223306554	0.23336308388314134
TFAP2B	-3.0472199999999994	0.17483751223306554	0.23336308388314134
UBE2E3	0.23404999999999987	0.17483751223306554	0.23336308388314134
CHST10	-0.22942000000000018	0.17483751223306554	0.23336308388314134
L1CAM	-0.37245999999999935	0.17483751223306554	0.23336308388314134
PXDNL	-0.07374999999999954	0.17483751223306554	0.23336308388314134
SLX1B-SULT1A4	-0.39625999999999983	0.17483751223306554	0.23336308388314134
ARHGAP1	0.18900000000000006	0.17483705071567346	0.23336308388314134
SPATA33	0.11210999999999993	0.17483751223306554	0.23336308388314134
SCML1	1.0648349999999995	0.17483751223306554	0.23336308388314134
ZNF506	0.20608000000000004	0.17483751223306554	0.23336308388314134
TIMM21	0.21701499999999818	0.17483705071567346	0.23336308388314134
CRIPAK	-0.3162350000000007	0.17483751223306554	0.23336308388314134
LUC7L3	-0.24984999999999857	0.17483705071567346	0.23336308388314134
GATB	-0.41702499999999976	0.17483751223306554	0.23336308388314134
BST1	-0.1500300000000001	0.17483705071567346	0.23336308388314134
KLK10	-0.19858999999999982	0.17483751223306554	0.23336308388314134
UBQLN2	0.14309999999999867	0.17483751223306554	0.23336308388314134
KAT2B	-0.13020500000000101	0.17483751223306554	0.23336308388314134
EMILIN3	-0.10027499999999989	0.17729346464257623	0.23620694436142126
CISD2	0.0981999999999994	0.17729346464257623	0.23620694436142126
SYT1	0.029794999999999572	0.17729346464257623	0.23620694436142126
SHISA9	-0.09858499999999992	0.17729300094211564	0.23620694436142126
ZNF224	0.2681300000000002	0.17729346464257623	0.23620694436142126
TCHP	0.38680000000000003	0.17729346464257623	0.23620694436142126
ARAP2	0.46253999999999973	0.17729346464257623	0.23620694436142126
CACTIN	-0.33119999999999994	0.17729346464257623	0.23620694436142126
TRANK1	0.09182000000000023	0.17729346464257623	0.23620694436142126
FOXO6	0.10632999999999981	0.17729346464257623	0.23620694436142126
DYNC2LI1	-0.33952500000000185	0.17729300094211564	0.23620694436142126
LOC101927809	-0.12841000000000014	0.17729346464257623	0.23620694436142126
PTPRU	-0.3347899999999999	0.17729346464257623	0.23620694436142126
ZNF638	0.16998000000000069	0.17729300094211564	0.23620694436142126
MOSPD3	0.06618499999999905	0.17729300094211564	0.23620694436142126
SF3B5	0.14610000000000056	0.17729346464257623	0.23620694436142126
ALKBH1	0.04823999999999806	0.17729346464257623	0.23620694436142126
RASL11B	0.15979999999999972	0.17729346464257623	0.23620694436142126
AKAP5	-0.6826450000000008	0.17729346464257623	0.23620694436142126
XRCC1	-0.15817999999999977	0.17729346464257623	0.23620694436142126
RBL1	0.1788249999999998	0.17977502093495956	0.23896502096269864
SSPO	-0.03897999999999957	0.17977502093495956	0.23896502096269864
MTF1	0.08811999999999998	0.17977502093495956	0.23896502096269864
RNF43	-0.83012	0.17977502093495956	0.23896502096269864
ZCCHC17	-0.3057350000000003	0.17977502093495956	0.23896502096269864
CABYR	0.34804999999999975	0.17977502093495956	0.23896502096269864
MAP4K4	0.35508000000000095	0.17977502093495956	0.23896502096269864
PAXIP1-AS1	-0.3371750000000002	0.17977502093495956	0.23896502096269864
ZNF777	-0.2037350000000009	0.17977502093495956	0.23896502096269864
ARHGAP22	0.019810000000000105	0.1797745550837616	0.23896502096269864
MYPOP	0.4204349999999999	0.17977502093495956	0.23896502096269864
HIGD2A	0.21732000000000085	0.17977502093495956	0.23896502096269864
ZNF137P	0.09034500000000012	0.1797745550837616	0.23896502096269864
STARD13	-0.5956050000000008	0.17977502093495956	0.23896502096269864
LOC101927609	-0.18089500000000003	0.17977502093495956	0.23896502096269864
ZNF229	-0.26939000000000046	0.1797745550837616	0.23896502096269864
NBPF1	0.126949999999999	0.17977362337957026	0.23896502096269864
MRPS36	0.21598000000000006	0.17977502093495956	0.23896502096269864
SYNDIG1	0.14957500000000046	0.17977502093495956	0.23896502096269864
IL15	0.5506400000000005	0.17977502093495956	0.23896502096269864
ANXA2	0.2793500000000009	0.17977502093495956	0.23896502096269864
CYB561A3	-0.2109149999999982	0.17977502093495956	0.23896502096269864
FAM155A	-0.05664999999999987	0.17977502093495956	0.23896502096269864
LMBRD1	0.28736999999999924	0.17977502093495956	0.23896502096269864
PCNP	0.11625000000000085	0.1797745550837616	0.23896502096269864
BTN2A2	0.3367250000000004	0.18102497080418367	0.24060448709668272
NBPF4	-0.11442999999999959	0.18228136392496175	0.2417446172251578
ZFPM1	0.17070499999999988	0.18228229986334377	0.2417446172251578
TOMM6	0.13074999999999903	0.18228183189445868	0.2417446172251578
PPP1R26	-0.32583999999999946	0.18228229986334377	0.2417446172251578
RPS18	-0.15879999999999939	0.18228183189445868	0.2417446172251578
WAC	-0.1426999999999996	0.18228136392496175	0.2417446172251578
CECR2	-0.005055000000000032	0.18228229986334377	0.2417446172251578
FTH1P5	-0.12859999999999872	0.18228183189445868	0.2417446172251578
CPEB2	-0.4749200000000009	0.18228229986334377	0.2417446172251578
CYP4F62P	-0.2980100000000001	0.18228229986334377	0.2417446172251578
DLL1	-0.4045000000000001	0.18228229986334377	0.2417446172251578
SNX24	0.3348899999999997	0.18228229986334377	0.2417446172251578
SLC16A1-AS1	0.07518500000000028	0.18228229986334377	0.2417446172251578
KRTDAP	-0.07569500000000051	0.18228229986334377	0.2417446172251578
PSMC1	-0.13810000000000144	0.18228229986334377	0.2417446172251578
LINC00342	0.5142949999999997	0.18228229986334377	0.2417446172251578
SNED1	-0.3425850000000006	0.18228229986334377	0.2417446172251578
FBXL16	0.38795	0.18228229986334377	0.2417446172251578
SLC25A10	-0.3545399999999992	0.18228229986334377	0.2417446172251578
KIAA0754	0.35092999999999996	0.18228229986334377	0.2417446172251578
NELL2	0.5517100000000004	0.18228229986334377	0.2417446172251578
ZNF606	0.3062050000000003	0.18228229986334377	0.2417446172251578
MACC1	0.9925899999999994	0.18228229986334377	0.2417446172251578
PRKCA	-0.6163250000000007	0.18228229986334377	0.2417446172251578
LOC100507022	0.42198000000000047	0.18481541835594295	0.24472412741542843
PPFIBP2	0.27761999999999887	0.18481541835594295	0.24472412741542843
SNAPC5	0.04796499999999959	0.18481541835594295	0.24472412741542843
CLPB	0.1796850000000001	0.18481541835594295	0.24472412741542843
NARF	0.19613999999999976	0.18481541835594295	0.24472412741542843
ZNF593	-0.31948500000000024	0.18481541835594295	0.24472412741542843
CLK3	0.08724999999999916	0.18481541835594295	0.24472412741542843
BIRC3	0.14409000000000027	0.18481541835594295	0.24472412741542843
ARHGEF3	0.21469500000000075	0.18481541835594295	0.24472412741542843
CAMK2N1	0.8931699999999996	0.1848144782497113	0.24472412741542843
EDN1	-0.5734399999999997	0.18481541835594295	0.24472412741542843
GOSR1	-0.2942000000000018	0.18481541835594295	0.24472412741542843
ARID5B	-0.3670200000000001	0.18481541835594295	0.24472412741542843
RALBP1	0.30264999999999986	0.18481541835594295	0.24472412741542843
TYW5	0.07060500000000047	0.18481541835594295	0.24472412741542843
PIF1	0.028259999999999952	0.18481541835594295	0.24472412741542843
RBM17	0.1216500000000007	0.1848149483031395	0.24472412741542843
HSD17B4	0.0014500000000001734	0.18737449147635998	0.24754843206147195
ACAA1	-0.2769250000000003	0.18737449147635998	0.24754843206147195
POLR2C	-0.2075800000000001	0.18737449147635998	0.24754843206147195
BTF3	-0.3727999999999998	0.18737449147635998	0.24754843206147195
TMEM86A	0.09452999999999978	0.18737449147635998	0.24754843206147195
CCDC59	0.236679999999998	0.18737449147635998	0.24754843206147195
TBL1X	-0.42549499999999973	0.18737449147635998	0.24754843206147195
SWT1	-0.11242999999999981	0.18737449147635998	0.24754843206147195
KIAA0355	-0.4612650000000009	0.18737449147635998	0.24754843206147195
PWAR6	-0.29954000000000036	0.18737449147635998	0.24754843206147195
TBCD	-0.3935999999999993	0.18737449147635998	0.24754843206147195
TNFAIP8L2	0.0007950000000001012	0.18737449147635998	0.24754843206147195
TMEM173	0.36349500000000035	0.18737449147635998	0.24754843206147195
ABCC8	-0.23848000000000047	0.18737449147635998	0.24754843206147195
KLF9	0.5719899999999996	0.18737449147635998	0.24754843206147195
GATA3	0.9296500000000023	0.18737401937412546	0.24754843206147195
UNC5CL	-0.10451500000000014	0.18737449147635998	0.24754843206147195
HECW2	-0.130255	0.18737449147635998	0.24754843206147195
DHRS7B	0.6007499999999997	0.18737449147635998	0.24754843206147195
DHX38	-0.27549500000000027	0.18737449147635998	0.24754843206147195
RWDD3	0.2350500000000011	0.18737449147635998	0.24754843206147195
MBTD1	0.1179900000000007	0.18737449147635998	0.24754843206147195
ABCB8	0.10728499999999985	0.18737449147635998	0.24754843206147195
NR2F1-AS1	-0.8510899999999997	0.18737449147635998	0.24754843206147195
ZNF818P	0.1627550000000002	0.18737449147635998	0.24754843206147195
NHS	-0.3787949999999993	0.18866332334596658	0.24922848918676674
PPARGC1B	-0.1496949999999999	0.18995963238392244	0.25050797143836917
TMEM50B	0.1497250000000001	0.18995963238392244	0.25050797143836917
THAP2	0.08099000000000034	0.18995963238392244	0.25050797143836917
CXorf21	-0.25054	0.18995963238392244	0.25050797143836917
WBP2	-0.36032500000000045	0.18995963238392244	0.25050797143836917
SELK	0.18285000000000018	0.18995963238392244	0.25050797143836917
HIST1H4E	0.1017800000000002	0.18995963238392244	0.25050797143836917
ILVBL	0.11921499999999963	0.18995963238392244	0.25050797143836917
SKP2	0.30418500000000037	0.18995963238392244	0.25050797143836917
ERAP2	1.831224999999999	0.18995963238392244	0.25050797143836917
TMEM120B	-0.11452000000000062	0.18995963238392244	0.25050797143836917
CCDC74B	-1.2916949999999998	0.18995963238392244	0.25050797143836917
ZNF614	-0.1552250000000006	0.18995963238392244	0.25050797143836917
PHF21A	-0.20474999999999977	0.18995963238392244	0.25050797143836917
HCG8	-0.2051050000000001	0.18995963238392244	0.25050797143836917
MRI1	-0.2841699999999996	0.1899591582674618	0.25050797143836917
YARS	0.3281299999999998	0.18995963238392244	0.25050797143836917
LOC101929612	0.15908999999999907	0.18995963238392244	0.25050797143836917
COL9A3	-0.4718150000000003	0.18995963238392244	0.25050797143836917
KRT6C	0.002274999999999805	0.19126153797957424	0.2522019481103584
SMIM19	0.3961400000000008	0.19257095229406573	0.253537204824517
SLC22A18	-0.024190000000000822	0.19257095229406573	0.253537204824517
IDI2	-0.3046350000000002	0.19257095229406573	0.253537204824517
RNF144A	0.23329999999999984	0.19257095229406573	0.253537204824517
ZG16B	0.8497400000000006	0.19257095229406573	0.253537204824517
NEDD4L	0.1445400000000001	0.19257095229406573	0.253537204824517
SNRNP35	-0.15421499999999977	0.19257095229406573	0.253537204824517
ZBTB17	-0.16172999999999949	0.19257095229406573	0.253537204824517
RIPK1	0.07131500000000024	0.19257095229406573	0.253537204824517
RAB15	0.21186999999999934	0.19257095229406573	0.253537204824517
PSMA3-AS1	0.07563000000000031	0.19257095229406573	0.253537204824517
ZNF117	-0.2504299999999997	0.19257095229406573	0.253537204824517
GIPC1	0.1704749999999997	0.19257095229406573	0.253537204824517
TIMM10	0.05540500000000215	0.19257095229406573	0.253537204824517
WISP2	-1.1755199999999997	0.19257095229406573	0.253537204824517
TNFSF13	0.4240549999999992	0.19257095229406573	0.253537204824517
CSNK2A2	-0.3507649999999991	0.19257047619930023	0.253537204824517
ELL2	0.2972900000000003	0.19520856043877377	0.25659112189463
SEL1L2	0.3266199999999997	0.19520856043877377	0.25659112189463
HCG18	0.675205	0.19520856043877377	0.25659112189463
PAPSS2	0.4660150000000005	0.19520808240233944	0.25659112189463
ZNF135	0.1347400000000003	0.19520856043877377	0.25659112189463
USP40	-0.20341500000000057	0.19520856043877377	0.25659112189463
TMC5	1.8497500000000002	0.19520856043877377	0.25659112189463
SLC1A1	1.8833400000000005	0.19520856043877377	0.25659112189463
HSD17B11	-0.08406000000000091	0.19520856043877377	0.25659112189463
ZNF880	0.8376600000000001	0.19520856043877377	0.25659112189463
SYCP2L	-0.008829999999999671	0.19520856043877377	0.25659112189463
ISCA1	0.273575000000001	0.19520856043877377	0.25659112189463
ZKSCAN4	0.2635500000000004	0.19520808240233944	0.25659112189463
PPP2R3A	0.2540349999999991	0.19520856043877377	0.25659112189463
DTNA	-0.5672950000000005	0.19520856043877377	0.25659112189463
LIAS	0.2985949999999997	0.19520856043877377	0.25659112189463
SELENBP1	-0.080565	0.19520856043877377	0.25659112189463
POLI	0.5510850000000005	0.19520856043877377	0.25659112189463
JAZF1	-0.28688	0.19787256402708897	0.259669742888251
TKT	-0.4314999999999998	0.19787256402708897	0.259669742888251
LATS1	0.2611099999999986	0.19787256402708897	0.259669742888251
REV1	0.10397999999999996	0.19787256402708897	0.259669742888251
ACRC	-0.20410999999999957	0.19787256402708897	0.259669742888251
PRPF19	0.18355500000000013	0.19787256402708897	0.259669742888251
EIF4E3	0.4211899999999993	0.19787256402708897	0.259669742888251
UNC13B	-0.23484000000000016	0.19787256402708897	0.259669742888251
SNORA11E	-0.6924950000000001	0.19787256402708897	0.259669742888251
SLC8A1	-0.24781500000000012	0.19787256402708897	0.259669742888251
KLHL36	-0.15694500000000033	0.19787256402708897	0.259669742888251
F2RL2	0.3120699999999994	0.19787256402708897	0.259669742888251
P3H3	-0.06021499999999946	0.19787256402708897	0.259669742888251
ZNF783	-0.427365	0.19787256402708897	0.259669742888251
DECR1	0.371100000000002	0.19787256402708897	0.259669742888251
LOC101929740	-0.0992500000000005	0.19787256402708897	0.259669742888251
TMEM45B	0.7286349999999993	0.19787256402708897	0.259669742888251
SLC25A30	-0.09957999999999956	0.19787256402708897	0.259669742888251
TCTE3	0.2413099999999999	0.20056306820570868	0.262844226737957
TMEM8B	0.07740999999999998	0.20056306820570868	0.262844226737957
KXD1	0.09388500000000022	0.20056306820570868	0.262844226737957
LOC102723694	0.5330550000000005	0.20056306820570868	0.262844226737957
FBXW5	0.11082999999999998	0.20056306820570868	0.262844226737957
KLK8	-0.27903500000000037	0.2005625863987004	0.262844226737957
SLC12A2	-0.40680499999999853	0.20056306820570868	0.262844226737957
LINC00623	-0.40244500000000016	0.2005625863987004	0.262844226737957
TDRD12	-0.043514999999999304	0.20056306820570868	0.262844226737957
ZNF511	-0.029440000000000133	0.20056306820570868	0.262844226737957
AJUBA	0.3709499999999988	0.20056306820570868	0.262844226737957
MRPL30	0.2003149999999998	0.20056306820570868	0.262844226737957
SYNE1	-0.31792	0.20056306820570868	0.262844226737957
KRT4	0.07887999999999984	0.2005625863987004	0.262844226737957
EGOT	-0.9693649999999998	0.20056306820570868	0.262844226737957
MT1G	-0.36093499999999956	0.20328017601967419	0.2658532705473441
DIRAS1	-0.36094000000000026	0.20328017601967419	0.2658532705473441
SUPV3L1	0.2798499999999997	0.20328017601967419	0.2658532705473441
LOC101928963	-0.022825000000000095	0.20328017601967419	0.2658532705473441
FAM32A	-0.0626049999999978	0.20328017601967419	0.2658532705473441
QKI	0.2853499999999993	0.20328017601967419	0.2658532705473441
EFCAB2	-0.43696	0.20328017601967419	0.2658532705473441
MLX	-0.3341549999999991	0.20328017601967419	0.2658532705473441
PCP4	-0.2276899999999995	0.20328017601967419	0.2658532705473441
BBS12	-0.07500499999999999	0.20328017601967419	0.2658532705473441
ISY1-RAB43	0.10843500000000006	0.20328017601967419	0.2658532705473441
VEGFB	-0.1969499999999993	0.20328017601967419	0.2658532705473441
ZNF569	-0.334835	0.20328017601967419	0.2658532705473441
TMEM41B	0.2572399999999977	0.20328017601967419	0.2658532705473441
EVA1B	-0.48677999999999955	0.20328017601967419	0.2658532705473441
ELMO3	-1.0220099999999999	0.20328017601967419	0.2658532705473441
DDTL	0.22718999999999845	0.20328017601967419	0.2658532705473441
SFR1	-0.26112	0.20328017601967419	0.2658532705473441
CCDC102A	-0.1769099999999999	0.20328017601967419	0.2658532705473441
CENPQ	0.06727999999999978	0.20328017601967419	0.2658532705473441
ZNF518A	-0.047664999999998514	0.20328017601967419	0.2658532705473441
LINC00849	-0.34006500000000006	0.20328017601967419	0.2658532705473441
TNNT1	0.14852500000000024	0.20328017601967419	0.2658532705473441
DUSP23	0.2611799999999995	0.2060239883731685	0.2690781868113277
ADCY9	-0.6824799999999991	0.2060239883731685	0.2690781868113277
FAM167A	-0.10465999999999998	0.2060239883731685	0.2690781868113277
LBH	0.21466999999999992	0.20602350295067162	0.2690781868113277
NHLRC3	-0.14792999999999878	0.2060239883731685	0.2690781868113277
LOC102725068	-0.10240500000000008	0.2060239883731685	0.2690781868113277
ZNF331	0.13344000000000023	0.2060239883731685	0.2690781868113277
SEMA3E	-0.53823	0.2060239883731685	0.2690781868113277
CCL18	1.3145099999999998	0.2060239883731685	0.2690781868113277
PITPNM3	-1.0440299999999993	0.2060239883731685	0.2690781868113277
LOC100996579	-0.1490750000000003	0.2060239883731685	0.2690781868113277
DDB1	0.04884999999999984	0.20602301752744712	0.2690781868113277
FKBP8	-0.20030500000000018	0.2060239883731685	0.2690781868113277
BTN2A1	0.0481650000000009	0.2060239883731685	0.2690781868113277
SLC6A15	-0.13651499999999972	0.2060239883731685	0.2690781868113277
TIGD7	-0.23044499999999957	0.2087946039904356	0.2724027705641097
DLG3	0.31442000000000014	0.2087946039904356	0.2724027705641097
LSM11	0.1417350000000006	0.2087946039904356	0.2724027705641097
SIPA1	0.034305000000000696	0.2087946039904356	0.2724027705641097
SEMA4F	-0.04568000000000083	0.2087946039904356	0.2724027705641097
ATF3	0.9592899999999993	0.2087946039904356	0.2724027705641097
GABARAPL1	-0.21274499999999907	0.2087946039904356	0.2724027705641097
INO80B	0.20480500000000035	0.2087946039904356	0.2724027705641097
SUGCT	0.20958500000000058	0.2087946039904356	0.2724027705641097
MAPKAPK3	0.19603000000000037	0.2087946039904356	0.2724027705641097
CLN6	0.18874999999999975	0.2087946039904356	0.2724027705641097
GOLGA7	-0.25210000000000043	0.20879411682011983	0.2724027705641097
DOCK9	0.5491399999999995	0.21159211937683386	0.2753598671556933
FOXRED1	0.17579999999999973	0.21159211937683386	0.2753598671556933
RRP7BP	-0.2428499999999998	0.21159211937683386	0.2753598671556933
LOC100996735	-0.3590650000000002	0.21159211937683386	0.2753598671556933
ADCY6	-0.22123999999999988	0.21159211937683386	0.2753598671556933
NDUFA1	-0.17254999999999932	0.21159211937683386	0.2753598671556933
HYAL2	0.07230999999999987	0.21159211937683386	0.2753598671556933
AKIP1	0.1486099999999997	0.21159211937683386	0.2753598671556933
PLXNA1	0.17918000000000056	0.21159211937683386	0.2753598671556933
MEF2C	-0.18555499999999903	0.21159211937683386	0.2753598671556933
LINC00992	-0.026699999999999946	0.21159211937683386	0.2753598671556933
CPQ	-0.4850449999999995	0.21159211937683386	0.2753598671556933
TMEM25	-0.022769999999999957	0.21159211937683386	0.2753598671556933
ZNF350	0.2097250000000006	0.21159211937683386	0.2753598671556933
ARPC4	-0.2778950000000009	0.21159163049958707	0.2753598671556933
RAD51-AS1	0.1367849999999997	0.21159211937683386	0.2753598671556933
AAAS	0.29403000000000024	0.21159211937683386	0.2753598671556933
C12orf45	0.14189499999999988	0.21159211937683386	0.2753598671556933
CD80	0.05634499999999942	0.21159211937683386	0.2753598671556933
PCLO	-0.3748950000000004	0.21159211937683386	0.2753598671556933
PLCB3	-0.2997449999999997	0.21159211937683386	0.2753598671556933
LOC101930075	-0.32704999999999984	0.21159163049958707	0.2753598671556933
ENOX2	-0.3109699999999993	0.21159211937683386	0.2753598671556933
VCL	0.20449499999999787	0.21159211937683386	0.2753598671556933
ST20-AS1	-0.05501999999999985	0.21159163049958707	0.2753598671556933
STX5	0.12193500000000057	0.21159211937683386	0.2753598671556933
HMGN3	-0.22724999999999973	0.21159211937683386	0.2753598671556933
COPG2	-0.0511149999999998	0.21159211937683386	0.2753598671556933
ANKHD1-EIF4EBP3	0.28250000000000064	0.21300050430994255	0.27716786053664744
HOXB13	0.13465000000000016	0.21441662878003465	0.27823771630271316
PALD1	-0.19688000000000017	0.21441662878003465	0.27823771630271316
TTC27	0.23202000000000034	0.21441662878003465	0.27823771630271316
FAM35A	-0.12904999999999944	0.21441662878003465	0.27823771630271316
PKNOX1	-0.10593999999999948	0.21441662878003465	0.27823771630271316
CMKLR1	-0.07805499999999999	0.21441662878003465	0.27823771630271316
PRDM4	0.2012900000000002	0.21441662878003465	0.27823771630271316
VSIG4	0.383375	0.21441662878003465	0.27823771630271316
ZNF605	0.17403499999999994	0.21441662878003465	0.27823771630271316
MUL1	-0.09390999999999927	0.21441662878003465	0.27823771630271316
RBAKDN	-0.11550499999999975	0.21441662878003465	0.27823771630271316
AK3	0.3107500000000005	0.21441662878003465	0.27823771630271316
RRP9	0.075685	0.21441662878003465	0.27823771630271316
ZNF280B	-0.06548500000000024	0.21441662878003465	0.27823771630271316
MGRN1	-0.12286500000000089	0.21441662878003465	0.27823771630271316
TIGD2	-0.3150049999999993	0.21441662878003465	0.27823771630271316
SLC45A3	0.13268000000000013	0.21441613823744465	0.27823771630271316
CCDC24	0.11634999999999973	0.21441662878003465	0.27823771630271316
LINC00176	0.10049500000000045	0.21441662878003465	0.27823771630271316
MED13	-0.2231999999999985	0.21441662878003465	0.27823771630271316
COX7C	-0.11940000000000062	0.21441662878003465	0.27823771630271316
CACNG4	-0.08573500000000145	0.21441662878003465	0.27823771630271316
GMPR	0.0716199999999998	0.21441662878003465	0.27823771630271316
KLF2	0.019229999999998526	0.21441613823744465	0.27823771630271316
TMEM144	0.42960499999999957	0.21441662878003465	0.27823771630271316
GPR180	-0.24422999999999995	0.21441662878003465	0.27823771630271316
ARMCX1	-0.32840000000000025	0.21441662878003465	0.27823771630271316
HDAC3	0.06501499999999893	0.21441662878003465	0.27823771630271316
PTPRN2	-0.9401850000000005	0.21441662878003465	0.27823771630271316
MECP2	0.6686949999999996	0.21441662878003465	0.27823771630271316
SOX2	0.11248500000000039	0.21441662878003465	0.27823771630271316
PRDX6	-0.11234999999999928	0.215838543704036	0.28003281798177526
MTMR12	-0.24248000000000047	0.215838543704036	0.28003281798177526
JMJD4	0.06899000000000122	0.2172682241513817	0.2814853377755701
KIAA0430	0.12007499999999993	0.2172682241513817	0.2814853377755701
LINC00115	0.05730999999999975	0.2172682241513817	0.2814853377755701
CCL20	-0.05210500000000007	0.2172682241513817	0.2814853377755701
TMEM139	-1.694985	0.2172682241513817	0.2814853377755701
ZNF689	-0.3505799999999999	0.2172682241513817	0.2814853377755701
ETS1	-0.10705000000000098	0.2172682241513817	0.2814853377755701
LOC105374366	-0.06983000000000006	0.2172682241513817	0.2814853377755701
C1orf174	0.05336999999999925	0.2172682241513817	0.2814853377755701
NCF1C	-0.018855000000000288	0.2172682241513817	0.2814853377755701
PSMC3IP	0.2930999999999999	0.2172682241513817	0.2814853377755701
C1orf54	-0.22947500000000076	0.2172682241513817	0.2814853377755701
LINC01569	0.015029999999999877	0.2172682241513817	0.2814853377755701
MAP7D2	-0.029705000000000314	0.2172677319857329	0.2814853377755701
KLHL11	0.1683249999999994	0.2172682241513817	0.2814853377755701
STARD3	0.3267299999999995	0.2172682241513817	0.2814853377755701
SMARCA4	0.14800000000000146	0.21870371421142754	0.2833198338785326
FMNL1	0.2276100000000003	0.22014699510742242	0.28483380817444653
TOR4A	-0.16206500000000013	0.22014650136169256	0.28483380817444653
NEDD1	-0.049145000000000216	0.22014699510742242	0.28483380817444653
HAGH	0.1987799999999993	0.22014699510742242	0.28483380817444653
HHEX	0.29110999999999976	0.22014699510742242	0.28483380817444653
LOC100287497	-0.8411499999999998	0.22014699510742242	0.28483380817444653
SZRD1	-0.15549000000000035	0.22014699510742242	0.28483380817444653
SERPINB4	-0.09016500000000005	0.22014699510742242	0.28483380817444653
HDGFRP3	0.14784500000000023	0.22014650136169256	0.28483380817444653
FBXO15	-0.055010000000000225	0.22014699510742242	0.28483380817444653
HES1	-0.21026000000000167	0.22014699510742242	0.28483380817444653
FZD1	-0.3477350000000001	0.22014650136169256	0.28483380817444653
FUK	-0.2382850000000003	0.22014699510742242	0.28483380817444653
CXCL5	-0.34297999999999984	0.22014699510742242	0.28483380817444653
TMCC1	0.23179500000000086	0.22305302889162493	0.2880291735340723
PAIP2	0.1022500000000015	0.22305302889162493	0.2880291735340723
PTPRF	-0.23484999999999978	0.22305253360948174	0.2880291735340723
WDCP	-0.03687999999999958	0.22305302889162493	0.2880291735340723
TRMT1	-0.5158349999999992	0.22305302889162493	0.2880291735340723
ZNF45	0.30354999999999954	0.22305302889162493	0.2880291735340723
ARAF	0.1878100000000007	0.22305302889162493	0.2880291735340723
BMP4	-0.15800999999999998	0.22305302889162493	0.2880291735340723
SNHG24	-0.15867500000000012	0.22305302889162493	0.2880291735340723
CHERP	-0.19230500000000106	0.22305302889162493	0.2880291735340723
TMCC3	-0.8814850000000005	0.22305302889162493	0.2880291735340723
POLR3G	-0.16145999999999994	0.22305302889162493	0.2880291735340723
CALM1	0.2875300000000003	0.22305253360948174	0.2880291735340723
GYS1	0.060274999999999856	0.22305302889162493	0.2880291735340723
TGFBRAP1	0.09170500000000015	0.22305302889162493	0.2880291735340723
BMT2	-0.38411500000000043	0.22305253360948174	0.2880291735340723
DSC2	-0.7598000000000003	0.22305302889162493	0.2880291735340723
BID	0.43843999999999994	0.22305302889162493	0.2880291735340723
PRKG1	-0.33626999999999985	0.22305302889162493	0.2880291735340723
EIF2B3	-0.36045500000000086	0.22305253360948174	0.2880291735340723
CREBBP	0.031599999999999184	0.22305302889162493	0.2880291735340723
RIPK3	0.053144999999999776	0.22305302889162493	0.2880291735340723
TINF2	0.009589999999999321	0.22598641033629374	0.29137660045313485
ASAP3	-0.1419050000000004	0.22598641033629374	0.29137660045313485
APBA2	-0.5667799999999996	0.22598641033629374	0.29137660045313485
ZNF26	0.4268099999999997	0.22598641033629374	0.29137660045313485
DCUN1D4	0.18463999999999992	0.22598641033629374	0.29137660045313485
ZNF585B	0.14247499999999924	0.22598641033629374	0.29137660045313485
S100A2	-0.9639600000000002	0.22598641033629374	0.29137660045313485
TBC1D9B	0.11241500000000038	0.22598641033629374	0.29137660045313485
FBXL2	0.1525149999999993	0.22598641033629374	0.29137660045313485
ST8SIA4	0.15149999999999952	0.22598641033629374	0.29137660045313485
TTC28-AS1	0.19441999999999915	0.22598641033629374	0.29137660045313485
AIDA	0.22930000000000028	0.22598641033629374	0.29137660045313485
SPTBN2	0.26548000000000016	0.22598641033629374	0.29137660045313485
KLHL42	0.0914350000000006	0.22598641033629374	0.29137660045313485
SUSD4	0.4011250000000004	0.22598641033629374	0.29137660045313485
SLC9A1	-0.19732999999999912	0.22598641033629374	0.29137660045313485
IFT46	-0.31723499999999927	0.22598641033629374	0.29137660045313485
MRPL57	0.09215000000000018	0.22746238726517498	0.29325362108175346
ENO1	0.3188000000000013	0.2289472218246984	0.2948799605621526
ARSK	-0.5027950000000003	0.2289472218246984	0.2948799605621526
FUT2	0.13221499999999953	0.2289472218246984	0.2948799605621526
HNMT	-0.2705499999999983	0.2289467236034708	0.2948799605621526
WDR43	-0.17063000000000095	0.2289472218246984	0.2948799605621526
NANOS1	0.9979300000000002	0.2289472218246984	0.2948799605621526
LRRC37B	0.37141499999999983	0.2289472218246984	0.2948799605621526
GTDC1	-0.03112000000000048	0.2289472218246984	0.2948799605621526
UBE4A	-0.23744999999999905	0.22894622538141507	0.2948799605621526
PPP1R9A	-0.6248650000000007	0.2289472218246984	0.2948799605621526
TBX10	-0.04442499999999994	0.2289467236034708	0.2948799605621526
SUSD3	0.07170999999999994	0.23193554325342525	0.2983583983635611
FGL2	-0.2311999999999994	0.23193554325342525	0.2983583983635611
KNDC1	-0.1094949999999999	0.23193554325342525	0.2983583983635611
PCP4L1	-0.31950500000000037	0.23193554325342525	0.2983583983635611
NAP1L4	-0.24357499999999987	0.23193554325342525	0.2983583983635611
NUMBL	-0.11020000000000074	0.23193454400750613	0.2983583983635611
C2orf74	-0.48210000000000086	0.23193554325342525	0.2983583983635611
LOC100129917	-0.12144000000000021	0.23193554325342525	0.2983583983635611
FAM188A	-0.07130000000000081	0.23193554325342525	0.2983583983635611
SHOX2	-0.2574700000000001	0.23193554325342525	0.2983583983635611
BMP8B	-0.1668700000000003	0.2319350436308858	0.2983583983635611
SLC15A2	0.8628600000000004	0.23193554325342525	0.2983583983635611
ZNF320	0.3579800000000004	0.23193554325342525	0.2983583983635611
ATF4	-0.1487999999999996	0.23193454400750613	0.2983583983635611
MRPL33	0.1346349999999994	0.2334385435538634	0.30026523733296756
PLN	-0.4970800000000004	0.23495145199497003	0.3017568750217524
PCDHB16	-1.1185149999999995	0.23495145199497003	0.3017568750217524
NDRG1	-0.5268999999999995	0.23495145199497003	0.3017568750217524
LRIG1	-0.7061650000000004	0.23495145199497003	0.3017568750217524
NUBPL	0.48050000000000015	0.23495145199497003	0.3017568750217524
SH3BP2	-0.11118000000000006	0.23495145199497003	0.3017568750217524
ZFYVE28	-0.046424999999999716	0.23495145199497003	0.3017568750217524
PIR	0.9583049999999993	0.23495145199497003	0.3017568750217524
EXT1	0.17896	0.23495145199497003	0.3017568750217524
CFDP1	-0.11318499999999965	0.23495145199497003	0.3017568750217524
BCL2L2	0.217155	0.23495145199497003	0.3017568750217524
WDR91	-0.2790050000000006	0.23495145199497003	0.3017568750217524
GPR176	-0.22834999999999983	0.23495145199497003	0.3017568750217524
BDP1	0.12790500000000016	0.23495145199497003	0.3017568750217524
COL6A1	0.25489999999999924	0.23495145199497003	0.3017568750217524
GABRQ	-0.031225000000000058	0.23495145199497003	0.3017568750217524
SMC5	-0.07358499999999957	0.23495145199497003	0.3017568750217524
C10orf95	0.041964999999999364	0.23799502286058083	0.30501842043785676
ROBO2	-0.06852999999999998	0.23799502286058083	0.30501842043785676
MAPK8	0.2971250000000003	0.23799502286058083	0.30501842043785676
MRPL40	0.0732400000000002	0.23799502286058083	0.30501842043785676
RAP1GAP	0.10002000000000066	0.23799502286058083	0.30501842043785676
BCKDHA	-0.060270000000000046	0.23799502286058083	0.30501842043785676
METTL1	0.2495800000000008	0.23799502286058083	0.30501842043785676
DBF4B	0.04850999999999939	0.23799452057524317	0.30501842043785676
OTUD4	0.07500999999999891	0.23799502286058083	0.30501842043785676
CUEDC2	-0.1794450000000012	0.23799502286058083	0.30501842043785676
TTC9	0.22451000000000043	0.23799502286058083	0.30501842043785676
ZFP30	0.0770249999999999	0.23799502286058083	0.30501842043785676
SCAND1	0.20740999999999943	0.23799502286058083	0.30501842043785676
RHPN2	0.11713999999999913	0.23799502286058083	0.30501842043785676
IQGAP2	0.17423000000000144	0.23799502286058083	0.30501842043785676
HAPLN1	-0.19502499999999978	0.23799452057524317	0.30501842043785676
ANAPC2	-0.35724	0.23799502286058083	0.30501842043785676
SLC25A25	-0.23067499999999974	0.23799502286058083	0.30501842043785676
CXCL17	0.2305350000000006	0.23799502286058083	0.30501842043785676
GORASP1	0.13863500000000073	0.23799502286058083	0.30501842043785676
IGLL3P	-0.7286000000000001	0.23799502286058083	0.30501842043785676
ADCY1	-0.7408350000000006	0.23799502286058083	0.30501842043785676
IGDCC4	-0.6593249999999999	0.23799502286058083	0.30501842043785676
SLC16A14	0.23792999999999953	0.23799502286058083	0.30501842043785676
LIF	0.08035499999999995	0.24106632806336625	0.30827449948363905
FGR	-0.39914000000000005	0.24106632806336625	0.30827449948363905
CCDC126	-0.18336500000000022	0.24106632806336625	0.30827449948363905
MMACHC	0.04991000000000012	0.24106632806336625	0.30827449948363905
GIN1	0.1950049999999992	0.24106632806336625	0.30827449948363905
PRKACB	0.3270300000000006	0.24106632806336625	0.30827449948363905
MORN4	-0.07734500000000022	0.24106632806336625	0.30827449948363905
MAN1A1	-0.2276499999999988	0.24106632806336625	0.30827449948363905
LOC100506922	0.010880000000000223	0.24106582451787362	0.30827449948363905
SETSIP	-0.013799999999998036	0.24106632806336625	0.30827449948363905
HTRA1	-0.2840999999999987	0.24106582451787362	0.30827449948363905
OMD	-1.8905900000000004	0.24106632806336625	0.30827449948363905
CRTC2	0.13209499999999963	0.24106582451787362	0.30827449948363905
CGA	-0.0093700000000001	0.24106532097150468	0.30827449948363905
LOC100506127	-0.05929000000000029	0.24106632806336625	0.30827449948363905
ZNF646	-0.08875999999999973	0.24106632806336625	0.30827449948363905
ICE1	0.10693999999999981	0.24106632806336625	0.30827449948363905
ABHD17B	-0.1110199999999999	0.24106632806336625	0.30827449948363905
VTI1B	-0.23178000000000054	0.24106632806336625	0.30827449948363905
LINC01116	0.3375250000000003	0.24106632806336625	0.30827449948363905
TTC26	0.04493999999999998	0.24106632806336625	0.30827449948363905
PCDHB4	-0.2160000000000002	0.24106632806336625	0.30827449948363905
C2orf49	0.06295500000000054	0.24106632806336625	0.30827449948363905
HCFC1R1	-0.1683400000000006	0.24106632806336625	0.30827449948363905
CITED2	0.3031049999999986	0.24106632806336625	0.30827449948363905
NDUFS7	0.10026500000000027	0.2441654371816835	0.31157912818562455
KIAA1522	0.16215000000000046	0.2441654371816835	0.31157912818562455
LOC101929219	-0.4412049999999996	0.2441654371816835	0.31157912818562455
HSF1	0.15903500000000026	0.24416493242441029	0.31157912818562455
LOC728061	0.13334000000000046	0.2441654371816835	0.31157912818562455
SPEF2	-0.09658000000000033	0.2441654371816835	0.31157912818562455
MATK	0.1254149999999994	0.2441654371816835	0.31157912818562455
GPHN	-0.7617150000000006	0.2441654371816835	0.31157912818562455
MPP7	0.5212600000000007	0.2441654371816835	0.31157912818562455
FAM20A	-0.09437499999999988	0.2441654371816835	0.31157912818562455
FMO3	-0.05799999999999983	0.2441654371816835	0.31157912818562455
HEYL	0.2970649999999999	0.2441654371816835	0.31157912818562455
PRDM13	-0.11865000000000014	0.2441654371816835	0.31157912818562455
C11orf1	0.18440000000000012	0.2441654371816835	0.31157912818562455
RPL32P3	-0.16098000000000035	0.2441654371816835	0.31157912818562455
LINC01578	0.05620000000000047	0.2441654371816835	0.31157912818562455
IL20	-0.007765000000000466	0.2441654371816835	0.31157912818562455
LOXL1-AS1	0.31630499999999984	0.2441654371816835	0.31157912818562455
IGSF21	0.028910000000000213	0.2441654371816835	0.31157912818562455
LOC101930322	-0.13875500000000018	0.2441654371816835	0.31157912818562455
CCDC92	0.32308000000000003	0.2441654371816835	0.31157912818562455
ATP6V1C2	0.01377000000000006	0.2441654371816835	0.31157912818562455
ABCC11	0.8551799999999996	0.2441654371816835	0.31157912818562455
SECTM1	0.42030999999999974	0.2441654371816835	0.31157912818562455
IKZF1	0.05149999999999988	0.2457249338781996	0.3135141003144627
EMILIN1	0.3983300000000005	0.2457249338781996	0.3135141003144627
C1orf35	-0.15318499999999968	0.24729241712281602	0.31507110733966787
KCND2	-0.24083999999999994	0.24729241712281602	0.31507110733966787
YPEL2	-0.7938950000000009	0.24729241712281602	0.31507110733966787
SYTL1	-0.6154349999999997	0.24729241712281602	0.31507110733966787
LINC00869	0.06430000000000025	0.24729241712281602	0.31507110733966787
PLEKHA5	-0.32747999999999955	0.24729241712281602	0.31507110733966787
UBE2O	0.19177000000000088	0.24729241712281602	0.31507110733966787
PARVG	0.3466100000000001	0.24729241712281602	0.31507110733966787
MVK	-0.14639999999999986	0.24729241712281602	0.31507110733966787
SOS2	0.2597550000000002	0.24729241712281602	0.31507110733966787
LOC100134822	0.2345600000000001	0.24729241712281602	0.31507110733966787
WDR3	0.12883000000000067	0.24729241712281602	0.31507110733966787
IRAK1BP1	-0.14744499999999938	0.24729241712281602	0.31507110733966787
ZNF680	0.05373500000000142	0.24729241712281602	0.31507110733966787
MCM5	0.4330450000000017	0.24729241712281602	0.31507110733966787
B4GALT1	-0.23861999999999917	0.24729241712281602	0.31507110733966787
BTN3A2	-0.25950000000000095	0.2504473320869597	0.31847602071513387
PI4KB	-0.14755000000000074	0.2504473320869597	0.31847602071513387
AVEN	0.08126500000000014	0.2504473320869597	0.31847602071513387
SLC38A2	-0.22295000000000087	0.2504473320869597	0.31847602071513387
RNF126P1	-0.07835000000000036	0.2504473320869597	0.31847602071513387
YAP1	-0.3039999999999985	0.2504473320869597	0.31847602071513387
PFKFB2	0.4245749999999999	0.2504473320869597	0.31847602071513387
RAMP1	0.1768300000000007	0.2504473320869597	0.31847602071513387
MED12	-0.19779999999999998	0.2504473320869597	0.31847602071513387
HLA-DOB	0.28907499999999997	0.2504473320869597	0.31847602071513387
MAP9	0.24336499999999983	0.2504473320869597	0.31847602071513387
FBXO32	-0.14445500000000067	0.25044682505385363	0.31847602071513387
HPGD	-0.1778249999999999	0.2504473320869597	0.31847602071513387
UBE2D4	-0.11524500000000071	0.2504473320869597	0.31847602071513387
ELAVL2	-0.40730999999999984	0.2504473320869597	0.31847602071513387
FAM173B	0.24220500000000023	0.2504473320869597	0.31847602071513387
DYNC1H1	-0.2850999999999999	0.2504473320869597	0.31847602071513387
CYP21A1P	0.07764000000000015	0.2504473320869597	0.31847602071513387
VAV1	0.18534499999999987	0.2504473320869597	0.31847602071513387
QTRT1	0.08807000000000009	0.2504473320869597	0.31847602071513387
ELN	-0.7515099999999997	0.2504473320869597	0.31847602071513387
GK3P	-0.08814000000000011	0.2504473320869597	0.31847602071513387
SLC2A8	-0.24784500000000076	0.25362973543565315	0.32193150918318353
CNTLN	-0.2576649999999998	0.25363024353152475	0.32193150918318353
ATG4B	0.24809000000000125	0.25363024353152475	0.32193150918318353
NKRF	-0.08156500000000033	0.25363024353152475	0.32193150918318353
NPAS2	-0.2585550000000003	0.25363024353152475	0.32193150918318353
PLCB4	0.32102499999999967	0.25363024353152475	0.32193150918318353
MCC	-0.7652049999999999	0.25363024353152475	0.32193150918318353
UBR1	0.36763999999999797	0.25363024353152475	0.32193150918318353
MATN3	-0.03110500000000016	0.25363024353152475	0.32193150918318353
SRBD1	0.05722499999999986	0.25363024353152475	0.32193150918318353
NME1-NME2	0.13889999999999958	0.25362973543565315	0.32193150918318353
PTPRCAP	-0.31442000000000014	0.25363024353152475	0.32193150918318353
THAP6	0.008755000000000734	0.25363024353152475	0.32193150918318353
POLR2L	0.06290000000000084	0.25363024353152475	0.32193150918318353
C16orf54	0.18752000000000013	0.25363024353152475	0.32193150918318353
ZSWIM8	-0.22969999999999935	0.25363024353152475	0.32193150918318353
ABHD8	0.08120999999999956	0.25363024353152475	0.32193150918318353
POLR3H	0.3258749999999999	0.25363024353152475	0.32193150918318353
SHPRH	0.10243000000000002	0.25363024353152475	0.32193150918318353
KDELC2	0.2439550000000006	0.25363024353152475	0.32193150918318353
POLR3A	0.3141449999999999	0.25363024353152475	0.32193150918318353
CUTA	-0.23995000000000033	0.2568407010280833	0.3255234817238335
BMP1	0.005144999999999733	0.2568412101357722	0.3255234817238335
LOC100507472	0.4988400000000004	0.2568412101357722	0.3255234817238335
PIAS2	-0.19932000000000016	0.2568412101357722	0.3255234817238335
FBXW4P1	-0.17135999999999996	0.2568412101357722	0.3255234817238335
TMEM218	0.3141600000000002	0.2568412101357722	0.3255234817238335
KISS1R	0.04449499999999995	0.2568412101357722	0.3255234817238335
ICOS	0.10561500000000024	0.2568412101357722	0.3255234817238335
WNT10B	-0.04780500000000032	0.2568412101357722	0.3255234817238335
RBP5	0.023824999999999985	0.2568407010280833	0.3255234817238335
NLRP2	1.1371000000000002	0.2568412101357722	0.3255234817238335
FSTL1	-0.6987999999999985	0.2568412101357722	0.3255234817238335
CAST	-0.30980000000000096	0.2568412101357722	0.3255234817238335
CERS5	0.08690499999999979	0.2568412101357722	0.3255234817238335
MRPL11	0.2721499999999999	0.2568412101357722	0.3255234817238335
DOCK11	-0.0821550000000002	0.2568412101357722	0.3255234817238335
RARRES3	0.5768500000000003	0.2568412101357722	0.3255234817238335
SDC2	-0.5411999999999981	0.25845621250224005	0.327541767864345
CLCA2	-1.8342300000000007	0.2600802877657956	0.32896837722627675
HLA-DPB1	0.056699999999999307	0.2600797776978654	0.32896837722627675
HTRA4	-0.12159999999999993	0.2600802877657956	0.32896837722627675
EGR3	-0.4394550000000006	0.2600802877657956	0.32896837722627675
PFKM	0.022555000000000547	0.2600802877657956	0.32896837722627675
LINC00504	-0.12935000000000008	0.2600802877657956	0.32896837722627675
NRIP3	0.40226000000000006	0.2600802877657956	0.32896837722627675
CCRL2	0.020750000000000046	0.2600802877657956	0.32896837722627675
CDK14	-0.19616000000000078	0.2600802877657956	0.32896837722627675
DCTN4	-0.22060000000000102	0.2600802877657956	0.32896837722627675
BAG6	0.15719999999999956	0.2600802877657956	0.32896837722627675
SPR	0.30037	0.2600802877657956	0.32896837722627675
TMEM187	0.11754499999999979	0.2600802877657956	0.32896837722627675
COPS2	0.21170000000000044	0.2600802877657956	0.32896837722627675
EDN2	0.060595000000000176	0.2600802877657956	0.32896837722627675
STK10	0.15341500000000075	0.2600802877657956	0.32896837722627675
RNASEH1-AS1	-0.17271500000000017	0.2600802877657956	0.32896837722627675
BCL2L1	-0.35666499999999957	0.2600802877657956	0.32896837722627675
C11orf49	-0.31013999999999964	0.2600802877657956	0.32896837722627675
MEIS3	-0.0972350000000004	0.2600797776978654	0.32896837722627675
TMEM176A	-0.39457500000000145	0.2600802877657956	0.32896837722627675
RBM7	0.24865000000000137	0.2600802877657956	0.32896837722627675
MED11	0.19261499999999998	0.26334752943986084	0.3327532256613294
SWI5	-0.19144000000000094	0.26334752943986084	0.3327532256613294
FABP3	-0.007480000000000153	0.2633470184638864	0.3327532256613294
RAB30	-0.7047650000000001	0.26334752943986084	0.3327532256613294
ANXA2R	-0.13529999999999998	0.26334752943986084	0.3327532256613294
APMAP	0.29127999999999865	0.26334752943986084	0.3327532256613294
CCL7	-0.13450500000000032	0.26334752943986084	0.3327532256613294
LOC100507516	0.2520199999999999	0.2633470184638864	0.3327532256613294
SIGLEC1	0.5402300000000002	0.26334752943986084	0.3327532256613294
CARNMT1	0.03145500000000023	0.26334752943986084	0.3327532256613294
BVES	-0.08178000000000019	0.26334752943986084	0.3327532256613294
LINC01342	-0.009104999999999919	0.26334752943986084	0.3327532256613294
MRPL52	-0.21662499999999874	0.2666429852941201	0.33609837969284023
STX16	-0.17616500000000102	0.2666429852941201	0.33609837969284023
SPOP	0.13661999999999885	0.2666429852941201	0.33609837969284023
TNIK	0.5748449999999998	0.2666429852941201	0.33609837969284023
HSPA4L	-0.29702999999999946	0.2666429852941201	0.33609837969284023
TRIM6	-0.23819500000000016	0.2666429852941201	0.33609837969284023
WDR83OS	0.12419500000000028	0.2666429852941201	0.33609837969284023
LOC81691	0.024184999999999235	0.2666429852941201	0.33609837969284023
STEAP3	-0.5973100000000002	0.2666429852941201	0.33609837969284023
PITPNC1	-0.7137850000000006	0.2666429852941201	0.33609837969284023
SLC39A6	-0.747300000000001	0.2666429852941201	0.33609837969284023
MICALL2	0.10533500000000018	0.2666429852941201	0.33609837969284023
WDR83	0.26419000000000015	0.26664247346291237	0.33609837969284023
SLC30A9	0.08613999999999855	0.2666429852941201	0.33609837969284023
CDK19	0.05576999999999899	0.2666429852941201	0.33609837969284023
PANX2	-0.017530000000000268	0.2666429852941201	0.33609837969284023
OARD1	0.1450699999999996	0.2666429852941201	0.33609837969284023
ATP8A2	0.017710000000000115	0.2666429852941201	0.33609837969284023
NEFH	-0.095275	0.2666429852941201	0.33609837969284023
NKX2-5	0.04275999999999991	0.2666429852941201	0.33609837969284023
H3F3A	0.062124999999999986	0.2666429852941201	0.33609837969284023
ANKS3	-0.4316399999999998	0.26664247346291237	0.33609837969284023
HCST	0.2193650000000007	0.2666429852941201	0.33609837969284023
FAM127A	0.11343999999999888	0.2666429852941201	0.33609837969284023
CT83	0.030594999999999928	0.2666429852941201	0.33609837969284023
HRAS	-0.10121000000000002	0.2666429852941201	0.33609837969284023
BTBD7	0.24361500000000014	0.2666429852941201	0.33609837969284023
APOBEC3C	-0.2826399999999998	0.2666429852941201	0.33609837969284023
PSMB7	0.08950000000000102	0.2683007961711108	0.33812932066275025
IFITM1	0.37175000000000047	0.26830028393130756	0.33812932066275025
VHL	0.07874999999999988	0.2699667025487109	0.3396098799733524
UBE2J2	-0.10762499999999875	0.2699667025487109	0.3396098799733524
SLCO4A1	0.1300349999999999	0.2699667025487109	0.3396098799733524
ENOSF1	-0.20109000000000066	0.2699667025487109	0.3396098799733524
SNORD35B	-0.037050000000000693	0.26996516464670617	0.3396098799733524
SPIN3	-0.06066500000000019	0.2699667025487109	0.3396098799733524
CEP19	-0.09998500000000021	0.2699667025487109	0.3396098799733524
SUCNR1	0.04845999999999995	0.2699667025487109	0.3396098799733524
GFM2	0.1923300000000001	0.26996618991568766	0.3396098799733524
SENP1	0.11060499999999962	0.2699667025487109	0.3396098799733524
WDHD1	0.15287499999999987	0.2699667025487109	0.3396098799733524
CLASP1	-0.19582999999999995	0.2699667025487109	0.3396098799733524
CCDC88A	0.138115	0.2699667025487109	0.3396098799733524
POLE4	-0.3307599999999997	0.2699667025487109	0.3396098799733524
NAP1L3	-0.7547000000000001	0.2699667025487109	0.3396098799733524
KIAA1549L	-0.24292500000000006	0.2699667025487109	0.3396098799733524
C1orf50	-0.022210000000000285	0.2699667025487109	0.3396098799733524
SCD	0.4455000000000009	0.2699667025487109	0.3396098799733524
BCL11B	0.22126499999999982	0.2699667025487109	0.3396098799733524
RYR1	0.1912799999999999	0.2699667025487109	0.3396098799733524
XKR8	-0.13071500000000036	0.2699667025487109	0.3396098799733524
PROM2	0.16698000000000057	0.2733187254742563	0.34323197261649513
CDC42EP1	0.17146500000000042	0.2733187254742563	0.34323197261649513
GPR89B	0.1498649999999997	0.2733187254742563	0.34323197261649513
DHX34	0.09129000000000076	0.2733187254742563	0.34323197261649513
ITGB1BP1	-0.31675500000000056	0.2733187254742563	0.34323197261649513
WNT6	-0.20330499999999985	0.2733187254742563	0.34323197261649513
ADD2	-0.06952500000000006	0.2733187254742563	0.34323197261649513
DENND6A	-0.10440000000000005	0.2733187254742563	0.34323197261649513
SEMA4C	-0.2273050000000012	0.2733187254742563	0.34323197261649513
SEC16B	-0.28663999999999934	0.2733187254742563	0.34323197261649513
RBM24	-0.10062000000000015	0.2733187254742563	0.34323197261649513
CCND1	0.3886749999999992	0.2733187254742563	0.34323197261649513
FBXO4	0.19054000000000038	0.2733187254742563	0.34323197261649513
EAF2	0.40083999999999964	0.2733187254742563	0.34323197261649513
TGFB3	0.30525999999999964	0.2733187254742563	0.34323197261649513
FLJ37035	-0.012550000000000061	0.2733187254742563	0.34323197261649513
PAPPA	-0.12487500000000029	0.2733187254742563	0.34323197261649513
NBL1	-0.5426350000000006	0.2733187254742563	0.34323197261649513
ABAT	0.3561249999999996	0.2733187254742563	0.34323197261649513
LOC100996756	-0.007635000000000058	0.2733187254742563	0.34323197261649513
KAT5	0.14189000000000007	0.27669909535877457	0.3469369938525405
TMEM191A	0.059534999999999894	0.27669909535877457	0.3469369938525405
PLEKHG1	0.25246499999999994	0.27669909535877457	0.3469369938525405
SLFN5	0.20233999999999952	0.2766985812847623	0.3469369938525405
EXTL2	0.12135000000000051	0.27669909535877457	0.3469369938525405
TANC1	0.34800500000000056	0.2766965249787181	0.3469369938525405
TLE1	-0.40000500000000194	0.27669909535877457	0.3469369938525405
LRRC8D	0.048914999999999154	0.27669909535877457	0.3469369938525405
GLA	0.3607599999999991	0.27669909535877457	0.3469369938525405
ZNF404	-0.16783000000000037	0.27669909535877457	0.3469369938525405
PAK1IP1	0.1811550000000004	0.27669909535877457	0.3469369938525405
CASP6	0.0003750000000000142	0.27669909535877457	0.3469369938525405
ESF1	0.2936600000000009	0.27669909535877457	0.3469369938525405
OTUB2	0.01368999999999998	0.2766985812847623	0.3469369938525405
CILP	0.7170050000000003	0.27669909535877457	0.3469369938525405
KLF13	0.44430999999999976	0.27669909535877457	0.3469369938525405
NMT1	-0.2849649999999997	0.27669909535877457	0.3469369938525405
WDR54	0.16115000000000101	0.27669909535877457	0.3469369938525405
POMZP3	-0.16601	0.2801078504750185	0.350243344635631
TCF12	0.1640700000000006	0.2801078504750185	0.350243344635631
SNRK-AS1	-0.10526500000000016	0.2801078504750185	0.350243344635631
TOB2	-0.2629350000000006	0.2801078504750185	0.350243344635631
RANBP10	-0.09780999999999995	0.2801078504750185	0.350243344635631
DOK7	0.04681500000000005	0.2801078504750185	0.350243344635631
C15orf40	0.2803899999999997	0.2801078504750185	0.350243344635631
TAF9B	-0.36488499999999924	0.2801078504750185	0.350243344635631
FOXF2	0.08637500000000031	0.2801078504750185	0.350243344635631
KLK11	-0.26451000000000047	0.2801078504750185	0.350243344635631
GSTO1	0.031500000000001194	0.2801068210499882	0.350243344635631
FRAT2	0.08963499999999947	0.2801078504750185	0.350243344635631
UBQLN4	0.20993499999999976	0.2801078504750185	0.350243344635631
NSDHL	0.22153000000000045	0.2801078504750185	0.350243344635631
EPHA1	0.2069100000000006	0.2801078504750185	0.350243344635631
LOC102724993	-0.3066500000000012	0.2801078504750185	0.350243344635631
TNFAIP2	0.2906450000000014	0.2801078504750185	0.350243344635631
ZNF22	0.15498999999999974	0.2801078504750185	0.350243344635631
POLD2	0.05764499999999906	0.2801078504750185	0.350243344635631
TMEM115	-0.06410499999999963	0.2801073357630084	0.350243344635631
HDAC10	-0.3163450000000001	0.2801078504750185	0.350243344635631
CLPP	0.17527999999999988	0.2801073357630084	0.350243344635631
DNAJB12	-0.0846600000000004	0.2801078504750185	0.350243344635631
COL22A1	-0.06959000000000026	0.2801073357630084	0.350243344635631
C1orf52	0.037090000000000956	0.2801078504750185	0.350243344635631
CYP2R1	0.2941399999999996	0.2801078504750185	0.350243344635631
PARD3	-0.1638099999999998	0.2801078504750185	0.350243344635631
FAM19A5	0.08964000000000016	0.2801078504750185	0.350243344635631
BCAR3	0.3130999999999995	0.2801078504750185	0.350243344635631
XPNPEP1	-0.09407500000000191	0.2801078504750185	0.350243344635631
SNN	-0.10457000000000072	0.2801078504750185	0.350243344635631
MRPS21	0.15030000000000143	0.2801078504750185	0.350243344635631
MAK16	0.2094100000000001	0.2835450260482535	0.35402294456820027
MIR4453	-0.026839999999999975	0.28354451075401266	0.35402294456820027
SERHL2	-1.81039	0.2835450260482535	0.35402294456820027
GCC2	0.013360000000000483	0.28354451075401266	0.35402294456820027
ARHGAP21	0.4911299999999983	0.2835450260482535	0.35402294456820027
CD38	0.319515	0.2835450260482535	0.35402294456820027
PRR5L	0.09577500000000017	0.2835450260482535	0.35402294456820027
FGF18	0.003454999999999986	0.2835450260482535	0.35402294456820027
NOL12	0.32052499999999995	0.2835450260482535	0.35402294456820027
AP2A1	-0.046479999999999855	0.2835450260482535	0.35402294456820027
RNF38	0.3647550000000006	0.2835450260482535	0.35402294456820027
SYT11	-0.04194500000000012	0.2835450260482535	0.35402294456820027
LOC100507507	-0.21622999999999948	0.2835450260482535	0.35402294456820027
MSANTD4	0.24233499999999975	0.2835450260482535	0.35402294456820027
LOC101929240	-0.1582499999999989	0.28354451075401266	0.35402294456820027
PIK3C3	-0.19333000000000133	0.2835450260482535	0.35402294456820027
TMEM17	-0.5356400000000008	0.2835450260482535	0.35402294456820027
FOXP4	0.16658499999999954	0.28701065422448657	0.35767345066918343
LOC439911	0.0916750000000004	0.28701065422448657	0.35767345066918343
SNX29	-0.08508499999999941	0.28701065422448657	0.35767345066918343
CST4	0.0938649999999992	0.28701065422448657	0.35767345066918343
NCLN	0.1950050000000001	0.28701065422448657	0.35767345066918343
EIF3CL	0.07680000000000042	0.28701065422448657	0.35767345066918343
PCDHB13	0.12881000000000054	0.28701065422448657	0.35767345066918343
OR7E12P	-0.07556999999999992	0.28701065422448657	0.35767345066918343
LOC102724951	-0.44314999999999927	0.28701065422448657	0.35767345066918343
ALKBH7	0.14924499999999874	0.28701065422448657	0.35767345066918343
HOXB3	-0.40507000000000026	0.28701065422448657	0.35767345066918343
MIR7112	0.053630000000000067	0.28701065422448657	0.35767345066918343
HDAC11	-0.4889349999999997	0.28701065422448657	0.35767345066918343
TALDO1	0.04904999999999937	0.28701013840434964	0.35767345066918343
ADAT3	0.34916999999999954	0.28701065422448657	0.35767345066918343
LOC105373958	0.0022999999999999687	0.28701013840434964	0.35767345066918343
DDX5	-0.36843000000000004	0.28701065422448657	0.35767345066918343
LOC100507855	0.46352999999999867	0.28701065422448657	0.35767345066918343
EDARADD	0.00016499999999997073	0.28701013840434964	0.35767345066918343
TSPYL5	0.49350000000000094	0.28701065422448657	0.35767345066918343
HS3ST3A1	0.1323599999999998	0.28701065422448657	0.35767345066918343
MIR7114	0.15264000000000078	0.28701065422448657	0.35767345066918343
KLHL18	0.08307499999999912	0.2905047640391635	0.3613765790111985
PLXDC2	0.19002000000000052	0.2905047640391635	0.3613765790111985
ADGRL2	-0.8555050000000008	0.2905047640391635	0.3613765790111985
COL28A1	-0.060490000000000155	0.2905047640391635	0.3613765790111985
SMKR1	0.033009999999999984	0.2905047640391635	0.3613765790111985
C4orf48	0.27584000000000053	0.2905047640391635	0.3613765790111985
VPS52	-0.046174999999999855	0.2905047640391635	0.3613765790111985
LOC100049716	-0.21171499999999988	0.2905047640391635	0.3613765790111985
PPM1K	0.19707000000000185	0.2905047640391635	0.3613765790111985
ZNF630	0.15988500000000005	0.2905047640391635	0.3613765790111985
NDUFV2-AS1	0.08469999999999978	0.2905047640391635	0.3613765790111985
KDM3B	0.11800999999999817	0.2905047640391635	0.3613765790111985
NDUFB11	0.1122500000000013	0.2905047640391635	0.3613765790111985
ITGAE	0.2781749999999992	0.2905047640391635	0.3613765790111985
MIR4321	-0.00666000000000011	0.2905047640391635	0.3613765790111985
MYH10	-0.310430000000002	0.2905047640391635	0.3613765790111985
B3GNT9	0.0876550000000007	0.2905047640391635	0.3613765790111985
PNMA2	-0.04230500000000026	0.29050424775002315	0.3613765790111985
UQCRC1	0.05510499999999929	0.2905047640391635	0.3613765790111985
NDUFB7	-0.15052499999999824	0.2905047640391635	0.3613765790111985
LOC100505915	0.3682350000000003	0.2905047640391635	0.3613765790111985
ZNF512	-0.21393999999999913	0.2940273813863443	0.36532046821462116
GXYLT1	0.10316500000000062	0.2940273813863443	0.36532046821462116
PLBD2	-0.2365749999999993	0.2940273813863443	0.36532046821462116
TMEM40	0.03290000000000015	0.2940273813863443	0.36532046821462116
ABHD14A-ACY1	0.3627199999999995	0.2940273813863443	0.36532046821462116
NAPRT	0.12370999999999999	0.2940273813863443	0.36532046821462116
BIN2	0.4061200000000005	0.2940273813863443	0.36532046821462116
GVINP1	-0.03946000000000005	0.2940273813863443	0.36532046821462116
ELL3	-0.1622950000000003	0.2940273813863443	0.36532046821462116
PLXNB3	-0.21961499999999967	0.2940273813863443	0.36532046821462116
CCDC15	-0.051044999999999785	0.2940273813863443	0.36532046821462116
CCL11	0.020484999999999864	0.2940273813863443	0.36532046821462116
DLG5	-0.2888950000000001	0.2940273813863443	0.36532046821462116
SFXN1	0.12751999999999963	0.2940273813863443	0.36532046821462116
VPS28	0.1477000000000004	0.2957988707252972	0.36749005053236083
DBP	0.5763750000000005	0.29757852898837067	0.36884904386899275
ADORA1	0.017855000000000842	0.29757852898837067	0.36884904386899275
LOC100505920	-0.0535000000000001	0.29757852898837067	0.36884904386899275
NOC4L	-0.12510499999999958	0.29757852898837067	0.36884904386899275
HLA-DQA1	0.6023800000000006	0.29757852898837067	0.36884904386899275
RASA2	0.050759999999998584	0.29757852898837067	0.36884904386899275
SLC20A2	0.09126499999999904	0.29757852898837067	0.36884904386899275
LOC101928054	-0.1450699999999996	0.29757852898837067	0.36884904386899275
DOCK3	0.033595000000000486	0.29757852898837067	0.36884904386899275
ZBP1	-0.18074000000000012	0.29757852898837067	0.36884904386899275
DNM3OS	0.31529000000000096	0.29757852898837067	0.36884904386899275
RSPH3	0.06379499999999982	0.29757852898837067	0.36884904386899275
TEKT4P2	1.1565900000000005	0.29757852898837067	0.36884904386899275
SART3	0.10328499999999963	0.29757852898837067	0.36884904386899275
ZNF883	-0.5314799999999997	0.29757852898837067	0.36884904386899275
ZNF302	-0.3851200000000006	0.29757852898837067	0.36884904386899275
GSPT2	-0.7427549999999998	0.29757852898837067	0.36884904386899275
TSPAN2	0.11821000000000037	0.29757852898837067	0.36884904386899275
MTFR1L	0.010870000000000601	0.29757852898837067	0.36884904386899275
MANSC1	0.37423500000000054	0.29757852898837067	0.36884904386899275
NOV	-0.2987449999999998	0.29757852898837067	0.36884904386899275
HS6ST2	-1.5728799999999996	0.29757852898837067	0.36884904386899275
LOC101929504	0.08034999999999992	0.29757852898837067	0.36884904386899275
FAM234B	0.7164700000000002	0.29757852898837067	0.36884904386899275
BBS2	-0.3683549999999993	0.29757801193408984	0.36884904386899275
ZNF322	-0.1960449999999998	0.29757852898837067	0.36884904386899275
CGN	0.17953000000000063	0.29757852898837067	0.36884904386899275
CEP72	0.010739999999999972	0.3011582263660395	0.3723960970101861
CLHC1	0.06493999999999955	0.3011582263660395	0.3723960970101861
SELPLG	0.29048499999999944	0.3011577090166925	0.3723960970101861
RAB27B	0.4540999999999986	0.3011577090166925	0.3723960970101861
NSUN7	-0.202855	0.3011582263660395	0.3723960970101861
SLC25A46	-0.057970000000000965	0.3011582263660395	0.3723960970101861
LRRC23	0.10797499999999971	0.3011582263660395	0.3723960970101861
SNF8	0.03218000000000032	0.3011582263660395	0.3723960970101861
SLC35F6	-0.07858499999999857	0.3011582263660395	0.3723960970101861
THBS4	-1.4996999999999998	0.3011582263660395	0.3723960970101861
FCN1	-0.011489999999999778	0.3011582263660395	0.3723960970101861
COL15A1	-0.3547000000000011	0.3011582263660395	0.3723960970101861
CHTF18	0.17042500000000071	0.3011582263660395	0.3723960970101861
MAN2B2	0.37193000000000076	0.3011582263660395	0.3723960970101861
SULT1A2	-0.05835499999999971	0.3011582263660395	0.3723960970101861
KLF12	0.1527750000000001	0.3011582263660395	0.3723960970101861
C3orf70	-0.47935499999999953	0.3011582263660395	0.3723960970101861
ST20-MTHFS	0.13314499999999985	0.3011582263660395	0.3723960970101861
TGFA	-0.37783500000000014	0.3011582263660395	0.3723960970101861
DCP1B	-0.32473500000000044	0.3011582263660395	0.3723960970101861
MORC4	0.24275999999999964	0.3011582263660395	0.3723960970101861
RABEP2	0.2203949999999999	0.3011582263660395	0.3723960970101861
COL4A4	-0.09818499999999997	0.3011582263660395	0.3723960970101861
SPTSSB	-0.11444499999999991	0.3011582263660395	0.3723960970101861
JUP	0.19170000000000087	0.3011577090166925	0.3723960970101861
USP35	0.06278499999999987	0.3011582263660395	0.3723960970101861
HLA-DRB4	1.918594999999999	0.3011582263660395	0.3723960970101861
LOC100505555	-0.13316000000000017	0.3011582263660395	0.3723960970101861
RNF217	-0.62866	0.30295826896356826	0.3745900367721531
SNRPD2	-0.04350000000000165	0.30476597222391455	0.3760893070199321
RASSF1	-0.11104000000000003	0.30476648980929355	0.3760893070199321
SETD4	-0.18371999999999922	0.30476648980929355	0.3760893070199321
HHAT	0.3529049999999998	0.30476648980929355	0.3760893070199321
NPLOC4	-0.12223999999999968	0.30476648980929355	0.3760893070199321
STAG2	-0.10184999999999889	0.30476648980929355	0.3760893070199321
PGLYRP2	-0.018215000000000092	0.30476648980929355	0.3760893070199321
KSR1	-0.5560450000000001	0.30476648980929355	0.3760893070199321
BICD1	-0.10067000000000004	0.30476648980929355	0.3760893070199321
COL4A3BP	0.1940550000000023	0.30476648980929355	0.3760893070199321
CSAD	-0.3309300000000004	0.30476648980929355	0.3760893070199321
VASH1	-0.1532549999999997	0.30476648980929355	0.3760893070199321
QSER1	0.1943999999999999	0.30476648980929355	0.3760893070199321
DKK1	-0.0046600000000001085	0.30476648980929355	0.3760893070199321
MIR7111	0.0032199999999997786	0.3047654546374572	0.3760893070199321
DNAJC27	-0.22816999999999954	0.30476648980929355	0.3760893070199321
EIF3H	0.03810000000000002	0.30476648980929355	0.3760893070199321
EXOSC7	0.10081000000000095	0.30476648980929355	0.3760893070199321
ANGEL2	0.0892849999999985	0.30476648980929355	0.3760893070199321
DDX18	-0.15060000000000073	0.30476648980929355	0.3760893070199321
FA2H	0.1337799999999998	0.30476648980929355	0.3760893070199321
THUMPD1	-0.13030000000000008	0.30476597222391455	0.3760893070199321
PRKCZ	-0.3958200000000005	0.30476648980929355	0.3760893070199321
ST3GAL5	-0.4290150000000006	0.30840333234844464	0.3799637899689584
FXR1	0.08430000000000071	0.3084022968236265	0.3799637899689584
ATP5G2P1	0.10514500000000027	0.30840333234844464	0.3799637899689584
IL10RA	0.5755549999999996	0.30840333234844464	0.3799637899689584
CDC20B	0.051509999999999945	0.3084022968236265	0.3799637899689584
INTU	-0.4749800000000004	0.30840333234844464	0.3799637899689584
FANCC	0.04737499999999972	0.30840333234844464	0.3799637899689584
ZMYM2	0.0925899999999995	0.30840333234844464	0.3799637899689584
BRD3	-0.2745300000000004	0.30840333234844464	0.3799637899689584
ADCY3	0.08387499999999992	0.30840333234844464	0.3799637899689584
PERP	0.10585000000000022	0.30840333234844464	0.3799637899689584
PNPLA4	0.1447049999999992	0.30840333234844464	0.3799637899689584
RBKS	0.10228500000000018	0.30840333234844464	0.3799637899689584
IL1R2	-0.14963499999999996	0.30840333234844464	0.3799637899689584
ELP3	-0.0266150000000005	0.30840333234844464	0.3799637899689584
KCNQ5	-0.04278000000000004	0.30840333234844464	0.3799637899689584
ACTR3B	-0.6795099999999996	0.30840333234844464	0.3799637899689584
PARS2	0.13654999999999973	0.30840333234844464	0.3799637899689584
SYNRG	-0.21908000000000172	0.30840333234844464	0.3799637899689584
EPS15	0.08954999999999913	0.31023195612506727	0.38218429477843796
SPATA6	-0.1275599999999999	0.3120687637259394	0.3839585348494528
NMRAL1	0.07758999999999894	0.3120687637259394	0.3839585348494528
CD8A	0.7546249999999999	0.3120687637259394	0.3839585348494528
CLUHP3	-0.23508000000000084	0.3120687637259394	0.3839585348494528
NBPF3	0.21266500000000033	0.3120687637259394	0.3839585348494528
CCDC66	-0.009004999999999264	0.3120687637259394	0.3839585348494528
VCAM1	0.07628999999999841	0.3120687637259394	0.3839585348494528
ACAT1	0.005449999999999733	0.3120687637259394	0.3839585348494528
RPRD2	-0.17605499999999985	0.3120687637259394	0.3839585348494528
NDUFV3	0.04900999999999911	0.3120687637259394	0.3839585348494528
ENTPD3	0.25937999999999994	0.3120687637259394	0.3839585348494528
UTP14A	0.14542999999999928	0.3120687637259394	0.3839585348494528
MRPL53	0.08085499999999968	0.3120687637259394	0.3839585348494528
UCP2	0.3393999999999995	0.3120687637259394	0.3839585348494528
ELFN1	-0.005279999999999951	0.3120687637259394	0.3839585348494528
SCG5	-0.22682000000000002	0.31576279036868227	0.38801042830715887
EEA1	0.1541250000000005	0.31576279036868227	0.38801042830715887
SIPA1L3	0.042455000000000354	0.31576279036868227	0.38801042830715887
CCKBR	-0.07537499999999975	0.31576279036868227	0.38801042830715887
MIR4707	-0.2349800000000002	0.31576279036868227	0.38801042830715887
PIN1	-0.1392150000000001	0.31576279036868227	0.38801042830715887
GSTM3	-0.7744	0.31576279036868227	0.38801042830715887
TMEM120A	-0.40767500000000023	0.31576279036868227	0.38801042830715887
CILP2	-0.03685500000000008	0.31576279036868227	0.38801042830715887
SRRM2	-0.2901499999999988	0.3157622724344762	0.38801042830715887
MANBA	0.04938500000000001	0.31576279036868227	0.38801042830715887
ANO10	-0.16798000000000002	0.31576279036868227	0.38801042830715887
KLC2	0.03222000000000058	0.31576279036868227	0.38801042830715887
SESN2	0.1468600000000002	0.3157622724344762	0.38801042830715887
FCRL5	-0.012210000000000498	0.31576279036868227	0.38801042830715887
ZNF816-ZNF321P	0.05999000000000043	0.3194848974318387	0.39178915739498416
SUV39H1	-0.3118150000000002	0.31948541536092845	0.39178915739498416
ZNF682	0.1825549999999998	0.31948541536092845	0.39178915739498416
LINC00674	-0.2051500000000015	0.31948541536092845	0.39178915739498416
LOC102724517	0.19045999999999985	0.31948541536092845	0.39178915739498416
RAE1	0.07545000000000002	0.31948541536092845	0.39178915739498416
LOC285812	-0.29043500000000044	0.31948541536092845	0.39178915739498416
AFAP1-AS1	0.019829999999999792	0.31948541536092845	0.39178915739498416
RIN2	0.10039999999999871	0.31948386157031883	0.39178915739498416
ZNF621	0.0004450000000000287	0.31948541536092845	0.39178915739498416
TMEM150C	-0.618574999999999	0.31948541536092845	0.39178915739498416
TNFRSF11A	-0.9479949999999997	0.31948541536092845	0.39178915739498416
SP2	0.12916499999999953	0.31948541536092845	0.39178915739498416
CDKN2B	-0.36094000000000026	0.31948541536092845	0.39178915739498416
FABP6	0.014815000000000023	0.31948541536092845	0.39178915739498416
KLF4	-1.0453350000000015	0.31948541536092845	0.39178915739498416
PRKXP1	-0.28191999999999995	0.3194848974318387	0.39178915739498416
MAN1C1	0.5803899999999995	0.31948541536092845	0.39178915739498416
BHLHA15	0.04850000000000021	0.31948541536092845	0.39178915739498416
ATL2	-0.1313500000000012	0.31948541536092845	0.39178915739498416
SLC25A6	-0.09265000000000079	0.3194848974318387	0.39178915739498416
ZMYM3	-0.0043199999999998795	0.31948541536092845	0.39178915739498416
MKS1	-0.06682000000000032	0.31948541536092845	0.39178915739498416
PFKL	0.10566999999999993	0.31948541536092845	0.39178915739498416
SEPT9	-0.0882000000000005	0.3213569343778967	0.3940509500156899
TBC1D8	0.48781999999999925	0.3232366384177563	0.3957877287607637
MGST2	-0.3138899999999989	0.3232366384177563	0.3957877287607637
SPIN2B	-0.15336999999999978	0.3232366384177563	0.3957877287607637
ARL2	-0.3791000000000002	0.3232366384177563	0.3957877287607637
PNMAL1	-0.5131799999999993	0.3232366384177563	0.3957877287607637
C8orf46	0.0017099999999996562	0.3232366384177563	0.3957877287607637
DYX1C1	0.0012400000000001299	0.3232366384177563	0.3957877287607637
SMARCA1	-0.27178000000000146	0.3232366384177563	0.3957877287607637
ADORA2B	0.05211499999999991	0.3232366384177563	0.3957877287607637
TMEM74B	-0.13456999999999963	0.3232366384177563	0.3957877287607637
OSGEPL1	0.19532499999999953	0.3232366384177563	0.3957877287607637
ZNF136	0.35806000000000004	0.3232366384177563	0.3957877287607637
USP12	0.05275000000000052	0.3232366384177563	0.3957877287607637
SUN1	-0.34859999999999935	0.3232366384177563	0.3957877287607637
HPF1	-0.15945499999999946	0.3232366384177563	0.3957877287607637
ST6GALNAC2	0.16688999999999954	0.3232366384177563	0.3957877287607637
TSC2	-0.051744999999999486	0.3232366384177563	0.3957877287607637
HELZ2	0.037710000000000576	0.32701593812520324	0.39984280306360126
EFHD1	0.3857999999999997	0.3270164558591373	0.39984280306360126
DEGS1	0.2744	0.3270164558591373	0.39984280306360126
PPP1R3C	-0.9577550000000006	0.3270164558591373	0.39984280306360126
PLS3	0.15615000000000023	0.3270164558591373	0.39984280306360126
ATN1	-0.38864000000000054	0.3270164558591373	0.39984280306360126
CGGBP1	-0.04970000000000141	0.3270164558591373	0.39984280306360126
GPC2	-0.08998999999999979	0.3270164558591373	0.39984280306360126
CEBPB	0.3066499999999994	0.32701593812520324	0.39984280306360126
DNAJC6	0.17448500000000022	0.3270164558591373	0.39984280306360126
SORT1	0.14082999999999934	0.3270164558591373	0.39984280306360126
NEK5	-0.5046400000000002	0.3270164558591373	0.39984280306360126
ATE1	-0.22097499999999926	0.3270164558591373	0.39984280306360126
MARVELD3	-0.3071250000000001	0.3270164558591373	0.39984280306360126
GGTLC1	-1.3405200000000002	0.3270164558591373	0.39984280306360126
ARL4D	-0.14828500000000044	0.3270164558591373	0.39984280306360126
CEACAM7	0.05599500000000002	0.3270164558591373	0.39984280306360126
MRM2	0.09429500000000068	0.330824860584608	0.403887232064706
PSMB6	0.06814000000000142	0.33082434304161945	0.403887232064706
PPCDC	-0.08028499999999994	0.330824860584608	0.403887232064706
SLC5A6	0.36789000000000094	0.330824860584608	0.403887232064706
USMG5	0.0331500000000009	0.330824860584608	0.403887232064706
RGPD6	-0.19070999999999927	0.330824860584608	0.403887232064706
EVA1A	0.07511000000000045	0.330824860584608	0.403887232064706
AFTPH	0.08144500000000043	0.33082434304161945	0.403887232064706
NME4	0.3766750000000014	0.330824860584608	0.403887232064706
MALL	-0.6097099999999998	0.330824860584608	0.403887232064706
PGS1	-0.01882999999999946	0.330824860584608	0.403887232064706
TRIM66	0.2273050000000003	0.330824860584608	0.403887232064706
SLC9A7	-0.23872999999999944	0.330824860584608	0.403887232064706
EI24	-0.08993500000000054	0.330824860584608	0.403887232064706
ACER2	-0.3775649999999997	0.330824860584608	0.403887232064706
LRRC32	0.652400000000001	0.330824860584608	0.403887232064706
DAAM1	0.40755500000000033	0.330824860584608	0.403887232064706
CPNE5	0.12785499999999983	0.330824860584608	0.403887232064706
VDR	0.1315799999999996	0.3346618420485655	0.40771470387829434
VANGL2	0.4924249999999999	0.3346618420485655	0.40771470387829434
SLC22A23	0.05368999999999957	0.3346618420485655	0.40771470387829434
CLCN5	0.0366149999999994	0.3346618420485655	0.40771470387829434
ARHGAP18	-0.1742000000000008	0.3346618420485655	0.40771470387829434
WAPL	0.031914999999999694	0.3346618420485655	0.40771470387829434
SNAPC4	-0.22500500000000034	0.3346618420485655	0.40771470387829434
ELK3	-0.3129349999999995	0.3346618420485655	0.40771470387829434
SLC6A8	-0.21769999999999978	0.3346618420485655	0.40771470387829434
KLHDC9	0.34023500000000073	0.3346618420485655	0.40771470387829434
CASC7	0.06231000000000009	0.3346618420485655	0.40771470387829434
EP400	0.32172	0.3346618420485655	0.40771470387829434
SNIP1	-0.3736499999999996	0.3346618420485655	0.40771470387829434
IPO5P1	-0.07869000000000081	0.3346618420485655	0.40771470387829434
SP1	-0.052680000000000504	0.3346618420485655	0.40771470387829434
ZNF213	0.1000350000000001	0.3346618420485655	0.40771470387829434
NARR	-0.16786500000000082	0.3346613247593523	0.40771470387829434
C10orf82	-0.1696449999999996	0.3346618420485655	0.40771470387829434
HSPA2	0.40287000000000006	0.3346618420485655	0.40771470387829434
CLN8	0.19156999999999957	0.3346618420485655	0.40771470387829434
PTBP2	-0.28776500000000027	0.3346618420485655	0.40771470387829434
TNFSF12-TNFSF13	0.14088499999999993	0.3346618420485655	0.40771470387829434
LINC00922	0.03247499999999981	0.3346613247593523	0.40771470387829434
REEP3	0.12106000000000172	0.3346618420485655	0.40771470387829434
METTL15	0.03897500000000065	0.3346618420485655	0.40771470387829434
CEP95	-0.2907850000000014	0.33852738623618883	0.4119057145305349
CERK	-0.2578749999999994	0.3385268692640052	0.4119057145305349
DCAF16	-0.2504099999999987	0.33852738623618883	0.4119057145305349
F13A1	-0.2639149999999999	0.33852738623618883	0.4119057145305349
CPSF7	-0.05761000000000216	0.33852738623618883	0.4119057145305349
ZNF175	-0.09694499999999984	0.33852738623618883	0.4119057145305349
NAA38	-0.1634000000000011	0.33852738623618883	0.4119057145305349
INTS6L	-0.2208850000000009	0.33852738623618883	0.4119057145305349
ATP5G2	0.19260000000000055	0.3385268692640052	0.4119057145305349
LOC101928433	0.2001950000000008	0.33852738623618883	0.4119057145305349
WASF1	-0.2519400000000003	0.33852738623618883	0.4119057145305349
KIF21B	-0.007545000000000357	0.33852738623618883	0.4119057145305349
RAD52	-0.07445499999999994	0.33852738623618883	0.4119057145305349
C16orf62	-0.11854500000000101	0.33852738623618883	0.4119057145305349
RBM4	-0.26546500000000073	0.33852738623618883	0.4119057145305349
RBM39	0.12395000000000067	0.34242147564000547	0.4160860739054606
GGCX	-0.09044499999999989	0.34242147564000547	0.4160860739054606
MAN2B1	-0.10148000000000046	0.34242147564000547	0.4160860739054606
GLCCI1	0.03423000000000087	0.3424209590485189	0.4160860739054606
INTS9	0.1892100000000001	0.34242147564000547	0.4160860739054606
LRSAM1	-0.04799499999999979	0.34242147564000547	0.4160860739054606
RTKN2	-0.0794100000000002	0.3424209590485189	0.4160860739054606
NDUFAF2	0.05480000000000018	0.34242147564000547	0.4160860739054606
ATP6V1E1	0.05931999999999782	0.34242147564000547	0.4160860739054606
PLCXD1	0.20256499999999988	0.34242147564000547	0.4160860739054606
CRISP3	-0.11542500000000011	0.34242147564000547	0.4160860739054606
AGL	0.04219999999999935	0.34242147564000547	0.4160860739054606
C11orf96	-0.8520800000000008	0.34242147564000547	0.4160860739054606
JPX	0.29757500000000014	0.34242147564000547	0.4160860739054606
MS4A1	0.6956649999999991	0.34242147564000547	0.4160860739054606
DHRS13	0.2530049999999999	0.34242147564000547	0.4160860739054606
SDHA	0.03081500000000048	0.34634408923711224	0.4198688424660943
UTP20	-0.07810000000000006	0.34634408923711224	0.4198688424660943
USP54	0.20584999999999987	0.34634408923711224	0.4198688424660943
IL17RC	0.12604499999999952	0.34634408923711224	0.4198688424660943
ZNF568	-0.2832650000000001	0.34634408923711224	0.4198688424660943
TNFRSF9	0.07989000000000024	0.34634408923711224	0.4198688424660943
VGLL1	-0.19033500000000014	0.34634408923711224	0.4198688424660943
SLC39A3	0.08175999999999917	0.34634408923711224	0.4198688424660943
RPF2	0.24148500000000084	0.34634408923711224	0.4198688424660943
CLTA	0.2472999999999992	0.34634408923711224	0.4198688424660943
SLAIN1	-0.21763999999999983	0.34634408923711224	0.4198688424660943
EFS	-0.2032500000000006	0.34634408923711224	0.4198688424660943
CTSW	0.02931000000000017	0.34634408923711224	0.4198688424660943
BRINP3	0.09933499999999995	0.34634408923711224	0.4198688424660943
CMTM6	0.07810000000000095	0.34634408923711224	0.4198688424660943
MINA	0.19118499999999905	0.34634408923711224	0.4198688424660943
DOCK1	0.27657999999999916	0.34634408923711224	0.4198688424660943
RPP25L	-0.19114499999999968	0.34634408923711224	0.4198688424660943
CCDC146	0.057640000000000136	0.34634408923711224	0.4198688424660943
CCDC170	-0.0549299999999997	0.3463430569425008	0.4198688424660943
MTHFD1	0.04127500000000062	0.34634408923711224	0.4198688424660943
PSKH1	-0.07570999999999994	0.34634408923711224	0.4198688424660943
TTC36	-0.4351449999999999	0.34634408923711224	0.4198688424660943
ZBTB24	0.08167500000000061	0.34634408923711224	0.4198688424660943
KAT6B	0.31143500000000124	0.34634408923711224	0.4198688424660943
CCDC97	0.2717749999999999	0.34634408923711224	0.4198688424660943
YBEY	-0.04807000000000006	0.34634408923711224	0.4198688424660943
TESK2	-0.2367499999999998	0.34634408923711224	0.4198688424660943
IBA57	-0.06576499999999985	0.3502952024670598	0.42395090676111696
DSCAM-AS1	0.075685	0.3502952024670598	0.42395090676111696
CWC27	-0.21134499999999967	0.3502952024670598	0.42395090676111696
CCDC106	-0.1600900000000003	0.3502952024670598	0.42395090676111696
TMEM18	-0.2545700000000011	0.3502952024670598	0.42395090676111696
CFAP36	-0.19551500000000033	0.3502952024670598	0.42395090676111696
PRKAB1	-0.09651000000000032	0.3502952024670598	0.42395090676111696
DYNC1I1	-0.08593000000000028	0.3502946868295582	0.42395090676111696
ZNF74	-0.07007500000000011	0.3502952024670598	0.42395090676111696
USP49	0.0740349999999994	0.3502952024670598	0.42395090676111696
KIF13A	-0.2802200000000017	0.3502952024670598	0.42395090676111696
HIP1	0.33291000000000004	0.3502952024670598	0.42395090676111696
KLRC4-KLRK1	-0.25271500000000024	0.3502952024670598	0.42395090676111696
DNAJC22	0.16361500000000007	0.3502952024670598	0.42395090676111696
SFXN2	-0.07029000000000085	0.3502952024670598	0.42395090676111696
EIF2S3	-0.08895000000000053	0.3502946868295582	0.42395090676111696
DLGAP1-AS1	-0.36216500000000007	0.3502952024670598	0.42395090676111696
CNOT2	-0.159675	0.3502952024670598	0.42395090676111696
DFFA	-0.10164499999999954	0.3502952024670598	0.42395090676111696
PER3	-0.5447650000000008	0.3502952024670598	0.42395090676111696
TXNL1	0.050400000000001555	0.3522804070782388	0.4263180059658487
TYW3	0.25557500000000033	0.35427478721041683	0.4282319343990073
LOC100506100	-0.023290000000000255	0.35427478721041683	0.4282319343990073
CXorf23	0.09721000000000046	0.35427478721041683	0.4282319343990073
DAG1	-0.1636400000000009	0.3542742721469674	0.4282319343990073
IFT80	0.20877499999999927	0.35427478721041683	0.4282319343990073
SDCBPP2	-0.06466499999999975	0.35427478721041683	0.4282319343990073
SSBP3-AS1	-0.06960000000000033	0.35427478721041683	0.4282319343990073
TYRP1	-0.1590899999999995	0.35427478721041683	0.4282319343990073
ZNF283	-0.04364999999999952	0.35427478721041683	0.4282319343990073
JUN	-0.14780000000000015	0.35427478721041683	0.4282319343990073
NOLC1	0.15200000000000102	0.35427478721041683	0.4282319343990073
CPT1A	0.24338000000000015	0.35427478721041683	0.4282319343990073
ZNF222	0.18431000000000042	0.35427478721041683	0.4282319343990073
ERVK13-1	0.12678999999999974	0.35427478721041683	0.4282319343990073
ACAA2	-0.11531999999999876	0.358282811768021	0.4324647155261575
DHX57	-0.09355500000000028	0.358282811768021	0.4324647155261575
ONECUT2	-0.12649	0.358282811768021	0.4324647155261575
TNFSF15	-0.4808950000000003	0.358282811768021	0.4324647155261575
PRDX2	0.06560000000000166	0.35828229734381845	0.4324647155261575
GLT8D2	-0.240475	0.358282811768021	0.4324647155261575
AFDN	-0.5095400000000012	0.358282811768021	0.4324647155261575
HACL1	0.0063550000000001106	0.358282811768021	0.4324647155261575
CFL2	-0.5325150000000001	0.358282811768021	0.4324647155261575
NEIL3	-0.08517000000000019	0.358282811768021	0.4324647155261575
SYT7	-0.7278850000000006	0.358282811768021	0.4324647155261575
DNAL1	0.3061950000000002	0.358282811768021	0.4324647155261575
TMEM154	-0.34079499999999996	0.358282811768021	0.4324647155261575
TMEM38A	0.03522500000000006	0.358282811768021	0.4324647155261575
MUC19	0.04351500000000019	0.358282811768021	0.4324647155261575
LINC01105	0.045005000000000184	0.35828229734381845	0.4324647155261575
ZNF439	0.24301999999999957	0.35828229734381845	0.4324647155261575
CTAG2	0.0035600000000000076	0.3602959358437624	0.43485850900291867
RASSF4	0.07910000000000039	0.36231924084093114	0.4367560401338094
IL1R1	0.2604950000000006	0.36231924084093114	0.4367560401338094
COL13A1	-0.5578849999999997	0.36231924084093114	0.4367560401338094
KCNK5	-0.5247499999999992	0.36231924084093114	0.4367560401338094
SDCCAG8	-0.18695499999999932	0.36231924084093114	0.4367560401338094
PCDHA9	0.008415000000000283	0.36231924084093114	0.4367560401338094
DYSF	-0.08072500000000016	0.36231924084093114	0.4367560401338094
HR	-0.05946499999999988	0.36231924084093114	0.4367560401338094
ATL3	0.07680000000000042	0.36231872712152013	0.4367560401338094
IST1	-0.08880000000000088	0.36231924084093114	0.4367560401338094
NCOA4	0.18874999999999886	0.3623182134009163	0.4367560401338094
FAM167B	-0.02242500000000014	0.36231924084093114	0.4367560401338094
GCC1	0.18488499999999952	0.36231924084093114	0.4367560401338094
ABCA12	-0.011864999999999792	0.36231924084093114	0.4367560401338094
LOC100294033	-0.10725000000000051	0.36231872712152013	0.4367560401338094
ACTN4	-0.18450000000000166	0.3643475817082884	0.4391646399043629
NPAT	-0.15916500000000067	0.3663840355110878	0.4408873851252914
C10orf88	0.0947199999999997	0.3663840355110878	0.4408873851252914
FSTL3	-0.4756999999999998	0.3663840355110878	0.4408873851252914
CAMSAP2	-0.1030850000000001	0.3663840355110878	0.4408873851252914
C7orf73	-0.08749500000000054	0.3663840355110878	0.4408873851252914
TM7SF2	-0.26664000000000065	0.3663840355110878	0.4408873851252914
AIF1	0.06361500000000042	0.3663840355110878	0.4408873851252914
FOXS1	-0.06873499999999977	0.3663840355110878	0.4408873851252914
CHODL	-0.03781999999999952	0.3663840355110878	0.4408873851252914
PAFAH1B2	0.12976499999999902	0.3663840355110878	0.4408873851252914
C15orf57	-0.054504999999999804	0.3663840355110878	0.4408873851252914
ACOT1	-0.09926999999999975	0.3663840355110878	0.4408873851252914
TMEM52	0.0768150000000003	0.3663840355110878	0.4408873851252914
MIR1908	-0.49569499999999955	0.3663840355110878	0.4408873851252914
AXL	0.19167999999999985	0.3663840355110878	0.4408873851252914
E2F1	-0.04748000000000019	0.3663840355110878	0.4408873851252914
TTC31	0.2310699999999999	0.3663840355110878	0.4408873851252914
AXIN2	-0.26478	0.3663840355110878	0.4408873851252914
ETFDH	-0.5431300000000006	0.3663840355110878	0.4408873851252914
LOC100233156	-0.21465500000000048	0.3663840355110878	0.4408873851252914
REC8	0.05867500000000003	0.3704771532226986	0.44525939080526594
MARCH3	-0.15300000000000002	0.3704771532226986	0.44525939080526594
EDIL3	0.2688000000000006	0.3704766411108418	0.44525939080526594
IDH3B	0.41935500000000125	0.3704771532226986	0.44525939080526594
MRPS9	-0.162725	0.3704771532226986	0.44525939080526594
FUT11	0.001540000000000319	0.3704771532226986	0.44525939080526594
FBXO18	-0.131219999999999	0.3704771532226986	0.44525939080526594
HNRNPD	0.058849999999999625	0.3704766411108418	0.44525939080526594
MIR1292	0.1651000000000007	0.3704771532226986	0.44525939080526594
GREB1L	0.03910500000000017	0.3704771532226986	0.44525939080526594
KCNC3	-0.012785000000000046	0.3704766411108418	0.44525939080526594
LOC388692	-0.8829700000000003	0.3704771532226986	0.44525939080526594
UQCC3	-0.11379499999999965	0.3704771532226986	0.44525939080526594
ARHGEF39	-0.0035599999999997856	0.3704771532226986	0.44525939080526594
HLCS	0.09567499999999995	0.3704771532226986	0.44525939080526594
PSIP1	-0.22794999999999987	0.37459854776435186	0.4493944742365897
FHL2	0.282214999999999	0.37459854776435186	0.4493944742365897
USB1	0.06097000000000019	0.37459854776435186	0.4493944742365897
FKBP2	-0.22214500000000115	0.37459854776435186	0.4493944742365897
ZNF335	-0.04209999999999958	0.37459854776435186	0.4493944742365897
ZNF341	0.06780000000000097	0.37459854776435186	0.4493944742365897
EIF1B	0.2776500000000013	0.37459854776435186	0.4493944742365897
ENDOG	0.0504150000000001	0.37459854776435186	0.4493944742365897
MRFAP1	-0.08884999999999899	0.37459854776435186	0.4493944742365897
TRIM62	0.10047500000000031	0.37459854776435186	0.4493944742365897
MFSD4B	-0.12772000000000006	0.37459854776435186	0.4493944742365897
TROVE2	-0.08135000000000048	0.37459803655589186	0.4493944742365897
ZNF185	0.18394499999999958	0.37459854776435186	0.4493944742365897
GNA14	0.013560000000000016	0.37459854776435186	0.4493944742365897
TRAF3IP2	-0.29722000000000026	0.37459854776435186	0.4493944742365897
ANKRD36C	-0.057620000000000005	0.37459854776435186	0.4493944742365897
LIN7B	-0.17772500000000058	0.37459854776435186	0.4493944742365897
MIR3917	0.12134999999999962	0.37459854776435186	0.4493944742365897
FARSB	-0.02397500000000008	0.37459854776435186	0.4493944742365897
CCDC28B	0.03714499999999976	0.37459854776435186	0.4493944742365897
CNIH3	-0.1724899999999998	0.37459854776435186	0.4493944742365897
NAIF1	0.031714999999999716	0.37459854776435186	0.4493944742365897
BRD2	0.27829999999999977	0.37666779046738674	0.45180284711871843
SP3	-0.007049999999999557	0.3766683012027492	0.45180284711871843
SLC26A2	0.2321200000000001	0.37874816925187604	0.4533988058590177
HEBP2	0.1266499999999997	0.37874816925187604	0.4533988058590177
FAM207A	-0.08460000000000001	0.37874816925187604	0.4533988058590177
ZSWIM1	0.009565000000000268	0.37874816925187604	0.4533988058590177
NNT-AS1	0.22735999999999912	0.37874816925187604	0.4533988058590177
ABHD14A	-0.05032000000000014	0.37874816925187604	0.4533988058590177
CCT6P1	-0.18204500000000046	0.37874816925187604	0.4533988058590177
LOC728485	-0.12562499999999988	0.37874816925187604	0.4533988058590177
FGD3	0.19955999999999996	0.37874816925187604	0.4533988058590177
ZNF275	0.20725499999999997	0.37874816925187604	0.4533988058590177
SLC39A13	-0.027439999999999465	0.37874816925187604	0.4533988058590177
C17orf89	-0.2115999999999989	0.3787471487741608	0.4533988058590177
DEGS2	0.8521800000000006	0.37874816925187604	0.4533988058590177
LRMP	-0.0818999999999992	0.37874816925187604	0.4533988058590177
CSTF2T	0.21860500000000016	0.37874816925187604	0.4533988058590177
GABBR2	0.05622999999999978	0.37874816925187604	0.4533988058590177
PRR14	0.02106500000000011	0.37874816925187604	0.4533988058590177
CCDC102B	-0.15888999999999998	0.37874816925187604	0.4533988058590177
ZFYVE9	-0.16062499999999957	0.37874816925187604	0.4533988058590177
C9orf3	0.06099999999999994	0.37874816925187604	0.4533988058590177
DNAH5	-0.7201399999999998	0.37874816925187604	0.4533988058590177
TTC14	-0.14756999999999998	0.37874816925187604	0.4533988058590177
CSRNP1	0.3294800000000002	0.37874816925187604	0.4533988058590177
C18orf21	-0.003800000000001802	0.37874816925187604	0.4533988058590177
MCM7	-0.347154999999999	0.38292596411194946	0.45738204070025745
CWC22	-0.11618499999999976	0.38292596411194946	0.45738204070025745
MTHFSD	-0.03666500000000017	0.38292596411194946	0.45738204070025745
COL18A1	-0.32521499999999826	0.38292596411194946	0.45738204070025745
DUOX1	-0.22016999999999953	0.38292596411194946	0.45738204070025745
KCTD20	0.12298499999999812	0.38292596411194946	0.45738204070025745
GPX1	-0.03435000000000166	0.38292545491100616	0.45738204070025745
ADSSL1	-0.3244599999999993	0.38292596411194946	0.45738204070025745
TIGD5	0.03498000000000001	0.38292596411194946	0.45738204070025745
IPO8	-0.1569350000000007	0.38292596411194946	0.45738204070025745
MAGEA6	0.1038800000000002	0.38292596411194946	0.45738204070025745
PCF11	0.21448999999999963	0.38292596411194946	0.45738204070025745
FAM174B	-0.47492	0.38292596411194946	0.45738204070025745
DENR	0.07820000000000071	0.38292596411194946	0.45738204070025745
ABCC12	-0.016414999999999846	0.38292596411194946	0.45738204070025745
BICDL2	-0.25237000000000087	0.38292596411194946	0.45738204070025745
SUGT1	0.07565000000000133	0.38292596411194946	0.45738204070025745
RGS11	0.021609999999999907	0.38292596411194946	0.45738204070025745
MPHOSPH9	0.028500000000000192	0.38292596411194946	0.45738204070025745
ZBTB6	0.00741999999999976	0.38292545491100616	0.45738204070025745
DPP9	-0.10848999999999975	0.38292596411194946	0.45738204070025745
COMTD1	0.4244849999999998	0.38292596411194946	0.45738204070025745
DSTN	0.03405000000000058	0.3829249457088424	0.45738204070025745
COA3	0.08234999999999992	0.38292596411194946	0.45738204070025745
PHACTR1	0.07229000000000019	0.38292596411194946	0.45738204070025745
TMEM30A	-0.03584999999999994	0.38292596411194946	0.45738204070025745
TENM3	0.04162500000000002	0.38292596411194946	0.45738204070025745
PET100	-0.1665499999999991	0.3850249001453715	0.4598512706563932
TNFRSF1A	-0.03052000000000099	0.3871318750664743	0.4617221657124951
RNF207	0.06202000000000041	0.3871318750664743	0.4617221657124951
ZNF276	-0.04444000000000026	0.3871318750664743	0.4617221657124951
CXorf36	-0.012039999999999829	0.3871318750664743	0.4617221657124951
MYO5A	0.3168649999999982	0.3871318750664743	0.4617221657124951
MTBP	-0.044070000000000054	0.3871318750664743	0.4617221657124951
SLCO5A1	-0.1834500000000001	0.3871318750664743	0.4617221657124951
ELP2	-0.1831700000000005	0.3871318750664743	0.4617221657124951
KCNE4	0.09201999999999977	0.3871318750664743	0.4617221657124951
CCNG1	-0.4112000000000009	0.3871318750664743	0.4617221657124951
FBN2	1.007965	0.3871318750664743	0.4617221657124951
NDP	-0.2571399999999997	0.3871318750664743	0.4617221657124951
MZT2A	-0.1864000000000008	0.3871318750664743	0.4617221657124951
ANKRD44	0.23391499999999965	0.3871318750664743	0.4617221657124951
MCM3AP	-0.16483500000000006	0.3871318750664743	0.4617221657124951
CTNNB1	-0.11570000000000036	0.3871318750664743	0.4617221657124951
DCAF4	0.15335500000000035	0.3871318750664743	0.4617221657124951
CACNA1H	0.04699000000000009	0.391365841117722	0.4658536675993081
HAS3	-0.036739999999999995	0.391365841117722	0.4658536675993081
OSCP1	-0.27929999999999966	0.391365841117722	0.4658536675993081
INSM1	-0.014695000000000125	0.391365841117722	0.4658536675993081
C16orf95	-0.10050999999999988	0.391365841117722	0.4658536675993081
MIR4435-2HG	-0.04705499999999985	0.391365841117722	0.4658536675993081
CEP57L1	-0.04087500000000022	0.391365841117722	0.4658536675993081
HUNK	-0.22506999999999966	0.391365841117722	0.4658536675993081
DUSP15	-0.007490000000000219	0.391365841117722	0.4658536675993081
RCOR3	0.07604500000000058	0.391365841117722	0.4658536675993081
GFOD2	-0.0575600000000005	0.391365841117722	0.4658536675993081
LOC102724788	0.18228499999999936	0.391365841117722	0.4658536675993081
ZFP41	0.015875000000000306	0.391365841117722	0.4658536675993081
GNG12	-0.27834999999999965	0.391365841117722	0.4658536675993081
KHDRBS1	0.1142000000000003	0.391365841117722	0.4658536675993081
ITPRIPL2	0.1919999999999984	0.391365841117722	0.4658536675993081
CYFIP2	0.11635499999999954	0.39136533419374253	0.4658536675993081
ELMOD2	0.0732899999999983	0.391365841117722	0.4658536675993081
RSL1D1	-0.3341499999999993	0.39136482726853394	0.4658536675993081
LYSMD1	0.015080000000000204	0.391365841117722	0.4658536675993081
DZIP3	0.15756999999999977	0.391365841117722	0.4658536675993081
STARD10	0.28275500000000164	0.391365841117722	0.4658536675993081
IPO13	-0.09624499999999969	0.391365841117722	0.4658536675993081
RAD9A	-0.24769499999999933	0.391365841117722	0.4658536675993081
MRPL23	-0.2848450000000007	0.39562779753426214	0.47023300669443074
FUT3	0.08771499999999977	0.39562779753426214	0.47023300669443074
CH25H	0.014345000000000052	0.39562779753426214	0.47023300669443074
SOWAHC	0.23487499999999883	0.39562779753426214	0.47023300669443074
WDR24	0.06800000000000006	0.39562779753426214	0.47023300669443074
SLC24A3	-0.18581499999999984	0.39562779753426214	0.47023300669443074
FAM161A	0.0955099999999991	0.39562779753426214	0.47023300669443074
AMN1	0.3765100000000001	0.39562779753426214	0.47023300669443074
CSRP2	-0.20063499999999834	0.39562779753426214	0.47023300669443074
SLAMF1	-0.00788499999999992	0.39562779753426214	0.47023300669443074
RFTN1	-0.2903549999999999	0.39562779753426214	0.47023300669443074
CCDC40	-0.004755000000000287	0.39562779753426214	0.47023300669443074
PLA2G2A	-0.2857350000000003	0.39562779753426214	0.47023300669443074
HSD17B2	-0.12479099999999999	0.39562779753426214	0.47023300669443074
PHLDA1	-0.1041300000000005	0.39562779753426214	0.47023300669443074
LOC101930591	0.18310999999999922	0.39562779753426214	0.47023300669443074
GOLGB1	0.09636500000000048	0.39562779753426214	0.47023300669443074
TMEM234	-0.08321000000000023	0.39562779753426214	0.47023300669443074
ATP6V1G2-DDX39B	-0.1031000000000013	0.3977687458384952	0.4727389906757204
MBNL3	-0.1749149999999995	0.3999176758376818	0.4746325995844079
RRNAD1	-0.09928500000000007	0.3999176758376818	0.4746325995844079
SLC17A9	-0.034105000000000274	0.3999176758376818	0.4746325995844079
KANSL1-AS1	-0.5344000000000007	0.3999176758376818	0.4746325995844079
LDLRAD4	0.03797999999999924	0.3999176758376818	0.4746325995844079
RFXAP	-0.05579499999999982	0.3999176758376818	0.4746325995844079
FIRRE	-0.022930000000000117	0.3999171714620954	0.4746325995844079
DIDO1	-0.06412499999999977	0.3999176758376818	0.4746325995844079
NETO2	0.49960500000000074	0.3999176758376818	0.4746325995844079
MEX3A	0.28993999999999964	0.3999176758376818	0.4746325995844079
BLACAT1	0.03685000000000027	0.3999176758376818	0.4746325995844079
DXO	-0.037205000000000155	0.3999176758376818	0.4746325995844079
TSPAN5	0.2976000000000001	0.3999176758376818	0.4746325995844079
RAB7B	-0.22220499999999976	0.3999176758376818	0.4746325995844079
LOC101929774	-0.20735999999999954	0.3999176758376818	0.4746325995844079
CLMN	-0.44190499999999844	0.3999176758376818	0.4746325995844079
TREM1	-0.09966500000000034	0.3999176758376818	0.4746325995844079
SLC7A8	0.46499499999999916	0.4042354037901066	0.4792086966399941
HIPK2	0.41047999999999973	0.4042354037901066	0.4792086966399941
ELMSAN1	0.3833599999999997	0.4042354037901066	0.4792086966399941
PHC3	0.025549999999999073	0.4042354037901066	0.4792086966399941
SERP1	0.015949999999998354	0.40423490079105817	0.4792086966399941
CLEC2B	-0.12439499999999981	0.4042354037901066	0.4792086966399941
USP33	0.18255000000000088	0.4042354037901066	0.4792086966399941
ZNF416	-0.05808499999999972	0.4042354037901066	0.4792086966399941
LENG1	-0.06546499999999966	0.4042354037901066	0.4792086966399941
APOE	-0.32817500000000166	0.4042354037901066	0.4792086966399941
ANXA2P3	0.011330000000000062	0.4042354037901066	0.4792086966399941
MAP3K12	-0.2989600000000001	0.4042354037901066	0.4792086966399941
FLVCR1-AS1	-0.07763999999999971	0.4042354037901066	0.4792086966399941
ZNHIT2	0.03662999999999972	0.4042354037901066	0.4792086966399941
GUSBP11	-0.48855000000000004	0.40640418549438795	0.481740395212595
KYAT3	-0.20477999999999952	0.40858090538253033	0.48349184386938604
C6orf203	-0.13156999999999996	0.40858090538253033	0.48349184386938604
NUFIP1	-0.12472500000000064	0.40858090538253033	0.48349184386938604
EIF3A	-0.0915499999999998	0.40858090538253033	0.48349184386938604
BAD	0.11197000000000035	0.40858090538253033	0.48349184386938604
C12orf4	0.03639000000000081	0.40858090538253033	0.48349184386938604
LINC01087	-0.310225	0.40858090538253033	0.48349184386938604
HSCB	-0.13089499999999887	0.40858090538253033	0.48349184386938604
NSD1	0.020335000000001102	0.40858090538253033	0.48349184386938604
NCOR1	-0.13366000000000078	0.40858090538253033	0.48349184386938604
TMPRSS4	-0.013255000000000017	0.40858090538253033	0.48349184386938604
RNF214	0.09288499999999988	0.40858090538253033	0.48349184386938604
FIG4	0.13858499999999907	0.40858090538253033	0.48349184386938604
TBC1D20	0.015504999999999214	0.40858090538253033	0.48349184386938604
PQBP1	-0.14493500000000026	0.40858090538253033	0.48349184386938604
RPRD1A	-0.09279499999999885	0.40858090538253033	0.48349184386938604
MVP	0.04688499999999962	0.40858090538253033	0.48349184386938604
HK2	0.34658500000000103	0.40858090538253033	0.48349184386938604
SH3D21	-0.012184999999999668	0.40858090538253033	0.48349184386938604
BAIAP2	-0.2730799999999993	0.40858090538253033	0.48349184386938604
EPHA4	-0.1218300000000001	0.40858090538253033	0.48349184386938604
NLK	0.19645000000000046	0.4129536007836586	0.4880702736360075
ABHD15	0.10559999999999992	0.41295410082396533	0.4880702736360075
PAPD5	0.0054899999999982185	0.41295410082396533	0.4880702736360075
CNTNAP2	0.10043000000000024	0.41295410082396533	0.4880702736360075
APOBEC3G	-0.10492500000000149	0.41295410082396533	0.4880702736360075
POLR2G	0.1454899999999988	0.41295410082396533	0.4880702736360075
CCDC150	0.1006800000000001	0.4129536007836586	0.4880702736360075
CGRRF1	0.270575	0.41295410082396533	0.4880702736360075
CXXC4	0.08447500000000008	0.41295410082396533	0.4880702736360075
VPS33A	-0.2362700000000002	0.41295410082396533	0.4880702736360075
SLC25A37	0.09922500000000056	0.41295410082396533	0.4880702736360075
RABL2A	0.1079699999999999	0.41295410082396533	0.4880702736360075
FBXL5	0.1307500000000008	0.4129536007836586	0.4880702736360075
POLR2I	0.11336000000000013	0.41295410082396533	0.4880702736360075
CC2D1B	0.07357999999999976	0.41295410082396533	0.4880702736360075
SLC26A11	0.24841999999999942	0.4173549065314168	0.49259004816720053
ZFYVE19	-0.1657700000000002	0.4173549065314168	0.49259004816720053
NFIA	-0.3880499999999998	0.4173549065314168	0.49259004816720053
SFN	-0.3603499999999986	0.4173549065314168	0.49259004816720053
LY6D	0.05665000000000009	0.41735440807366186	0.49259004816720053
ERRFI1	0.0736699999999999	0.4173549065314168	0.49259004816720053
C9orf116	0.0549299999999997	0.4173549065314168	0.49259004816720053
CSAG2	0.013619999999999965	0.4173549065314168	0.49259004816720053
CCDC138	0.008415000000000283	0.4173549065314168	0.49259004816720053
OPRK1	-0.08197500000000035	0.4173549065314168	0.49259004816720053
LNX1	-0.1407449999999999	0.4173549065314168	0.49259004816720053
GTPBP1	-0.22707500000000014	0.4173549065314168	0.49259004816720053
TMEM200C	-0.1644000000000001	0.4173549065314168	0.49259004816720053
SLC22A14	0.01369499999999979	0.4173549065314168	0.49259004816720053
ZRSR2	-0.09120499999999865	0.4173549065314168	0.49259004816720053
NPM1	-0.020149999999999224	0.4173549065314168	0.49259004816720053
C10orf35	0.1695000000000002	0.4173549065314168	0.49259004816720053
FOXQ1	0.20389499999999972	0.42178323512069504	0.4966460829013811
PRSS21	-0.19788000000000006	0.42178323512069504	0.4966460829013811
C4orf32	-0.5424800000000012	0.42178323512069504	0.4966460829013811
PRKCQ-AS1	-0.08196500000000029	0.42178273831448576	0.4966460829013811
ZNF562	0.24169499999999822	0.42178323512069504	0.4966460829013811
GATM	-0.14718999999999927	0.42178323512069504	0.4966460829013811
MARVELD2	0.279535000000001	0.42178323512069504	0.4966460829013811
CDK5R1	-0.06886499999999973	0.42178323512069504	0.4966460829013811
MIR1199	-0.06753499999999946	0.42178323512069504	0.4966460829013811
RHEBL1	0.06726499999999991	0.42178323512069504	0.4966460829013811
GTF2F2	-0.004865000000000563	0.42178323512069504	0.4966460829013811
RIMS4	-0.018975000000000186	0.42178323512069504	0.4966460829013811
DAZAP1	-0.025749999999998607	0.42178323512069504	0.4966460829013811
WARS	0.34471000000000096	0.42178323512069504	0.4966460829013811
CPM	-0.5152050000000017	0.42178323512069504	0.4966460829013811
KDM6B	0.15567499999999956	0.42178323512069504	0.4966460829013811
TUFM	0.1051000000000002	0.4217817446983112	0.4966460829013811
KIF1A	-0.022455000000000336	0.42178323512069504	0.4966460829013811
UBN2	-0.043400000000000105	0.42178323512069504	0.4966460829013811
KRTCAP3	0.3574099999999998	0.42178323512069504	0.4966460829013811
ASTE1	-0.10641000000000034	0.42178323512069504	0.4966460829013811
NLRC5	0.5594100000000006	0.42178323512069504	0.4966460829013811
CCL13	-0.15195000000000025	0.42178323512069504	0.4966460829013811
SNORA28	0.2608550000000003	0.42178323512069504	0.4966460829013811
SLIT2	-0.6168249999999995	0.42178323512069504	0.4966460829013811
HIF1AN	0.3889750000000003	0.42178323512069504	0.4966460829013811
RRP8	-0.2509199999999998	0.42178323512069504	0.4966460829013811
BIRC2	0.136000000000001	0.42178273831448576	0.4966460829013811
MYADM	-0.3379500000000011	0.42178323512069504	0.4966460829013811
FDX1L	0.15463000000000005	0.4262389953980702	0.5008773823572403
ZBTB26	0.19993000000000016	0.4262389953980702	0.5008773823572403
MAP2K4	-0.07244000000000028	0.4262389953980702	0.5008773823572403
CEACAM1	-0.008150000000000546	0.4262389953980702	0.5008773823572403
SGTB	0.1939099999999998	0.4262389953980702	0.5008773823572403
FAM65C	-0.10339999999999971	0.4262389953980702	0.5008773823572403
DGKH	0.07697999999999983	0.4262389953980702	0.5008773823572403
CEP128	-0.005475000000000119	0.4262389953980702	0.5008773823572403
ITGA5	0.24810500000000069	0.4262389953980702	0.5008773823572403
ARHGAP42	-0.11122500000000013	0.4262389953980702	0.5008773823572403
HMBS	0.1110149999999992	0.4262389953980702	0.5008773823572403
LOC101927929	0.0947849999999999	0.4262389953980702	0.5008773823572403
ZNF142	0.022025000000000183	0.4262389953980702	0.5008773823572403
TNF	-0.08442999999999978	0.4262389953980702	0.5008773823572403
ENTPD6	-0.1821749999999991	0.4262389953980702	0.5008773823572403
POF1B	-0.35417000000000076	0.4262389953980702	0.5008773823572403
TSPAN3	-0.02155000000000129	0.4262389953980702	0.5008773823572403
PRKAA1	0.026900000000000368	0.4262389953980702	0.5008773823572403
OBFC1	0.15893999999999942	0.4262389953980702	0.5008773823572403
NAT9	-0.316535	0.4262389953980702	0.5008773823572403
OXCT1	-0.012520000000002085	0.4262389953980702	0.5008773823572403
PKIA	-0.11284500000000008	0.4262389953980702	0.5008773823572403
LOC646762	-0.3833750000000009	0.4262389953980702	0.5008773823572403
PLEKHG6	-0.1934250000000004	0.4262389953980702	0.5008773823572403
KIAA0753	-0.16130000000000067	0.4262389953980702	0.5008773823572403
LOC286272	0.2918750000000001	0.43072209235277725	0.5053276963279231
ELOVL7	1.0271150000000002	0.43072209235277725	0.5053276963279231
FAM105A	-0.059154999999999625	0.43072209235277725	0.5053276963279231
STRBP	-0.09848000000000035	0.43072209235277725	0.5053276963279231
BTBD9	-0.0524249999999995	0.43072209235277725	0.5053276963279231
ACTA1	0.08810000000000029	0.43072209235277725	0.5053276963279231
TLR4	-0.2765949999999995	0.43072209235277725	0.5053276963279231
PAM	-0.4070500000000017	0.43072209235277725	0.5053276963279231
SAMD8	-0.20676499999999987	0.43072209235277725	0.5053276963279231
IL2RA	-0.023169999999999913	0.43072209235277725	0.5053276963279231
CENPBD1P1	-0.16165499999999966	0.43072209235277725	0.5053276963279231
TMX3	-0.13531000000000049	0.43072209235277725	0.5053276963279231
RAD51D	0.07209499999999958	0.43072209235277725	0.5053276963279231
MIRLET7D	0.11202500000000004	0.43072209235277725	0.5053276963279231
YWHAE	-0.03584999999999816	0.43072159905716834	0.5053276963279231
MBLAC1	-0.01377499999999987	0.43072209235277725	0.5053276963279231
KCNMB4	0.1496550000000001	0.43072209235277725	0.5053276963279231
HBP1	0.016149999999999665	0.43072209235277725	0.5053276963279231
PITPNA	-0.052685000000000315	0.43072209235277725	0.5053276963279231
ZBED1	0.060979999999998924	0.43072209235277725	0.5053276963279231
CCDC25	0.015644999999999243	0.4352324271503807	0.5096722286168719
CHKA	-0.0855699999999997	0.4352324271503807	0.5096722286168719
ZNF780B	-0.1288750000000003	0.4352324271503807	0.5096722286168719
B4GALNT3	-0.12021999999999888	0.4352324271503807	0.5096722286168719
DRAIC	-0.16389999999999993	0.4352324271503807	0.5096722286168719
MORN3	-0.011495000000000033	0.4352324271503807	0.5096722286168719
PIEZO2	0.3599700000000001	0.4352324271503807	0.5096722286168719
ALPK1	-0.12113999999999958	0.4352324271503807	0.5096722286168719
ZNRD1ASP	-0.016474999999999795	0.4352324271503807	0.5096722286168719
LINC00665	0.038295000000000634	0.4352324271503807	0.5096722286168719
ARHGAP45	-0.3793199999999999	0.4352324271503807	0.5096722286168719
CLDN23	-0.5537349999999996	0.4352324271503807	0.5096722286168719
IVL	0.16969499999999993	0.43523193571405105	0.5096722286168719
ZNF750	0.08574499999999974	0.4352324271503807	0.5096722286168719
LIN37	-0.1813450000000003	0.4352324271503807	0.5096722286168719
TMEM265	0.13932000000000055	0.4352324271503807	0.5096722286168719
MAMDC4	-0.36605500000000024	0.43523193571405105	0.5096722286168719
APBB2	0.015100000000000335	0.4352324271503807	0.5096722286168719
PARPBP	0.07242499999999996	0.4352324271503807	0.5096722286168719
AKAP13	0.20148999999999972	0.4352324271503807	0.5096722286168719
SOWAHA	-0.17413999999999996	0.4352324271503807	0.5096722286168719
AP1S3	0.031934999999999825	0.43523144427646365	0.5096722286168719
SEPT10	0.14970000000000105	0.4352324271503807	0.5096722286168719
BRMS1L	0.09810500000000033	0.4374972863268809	0.5122831472374588
PPP1R3E	-0.1983649999999999	0.43976989712700454	0.5139496576596138
ATMIN	-0.08446499999999979	0.43976989712700454	0.5139496576596138
LINC00909	-0.39364500000000024	0.43976989712700454	0.5139496576596138
KIAA1109	-0.2121100000000009	0.43976989712700454	0.5139496576596138
MMP24-AS1	-0.18541499999999989	0.43976989712700454	0.5139496576596138
TNFSF8	0.12370000000000037	0.43976989712700454	0.5139496576596138
LRRFIP1	0.18290000000000006	0.43976989712700454	0.5139496576596138
NAGPA	0.1670550000000004	0.43976989712700454	0.5139496576596138
MPV17L2	0.0118999999999998	0.4397694076193973	0.5139496576596138
TMUB1	-0.05735499999999938	0.43976989712700454	0.5139496576596138
PLD1	0.0872149999999996	0.43976989712700454	0.5139496576596138
ME1	0.7552749999999993	0.43976989712700454	0.5139496576596138
CXCL1	-0.13776499999999992	0.43976989712700454	0.5139496576596138
POM121C	-0.01735000000000042	0.43976989712700454	0.5139496576596138
PARL	-0.12191499999999955	0.43976989712700454	0.5139496576596138
DUSP14	-0.08157500000000084	0.43976989712700454	0.5139496576596138
KLF10	-0.08060000000000045	0.43976989712700454	0.5139496576596138
ZFAND5	0.19454999999999956	0.43976989712700454	0.5139496576596138
RGS14	-0.171265	0.43976989712700454	0.5139496576596138
ZFPM2	-0.02350500000000011	0.43976989712700454	0.5139496576596138
HAUS6	0.16727500000000006	0.43976989712700454	0.5139496576596138
BPIFB1	-0.01588999999999996	0.43976989712700454	0.5139496576596138
AHSA2	-0.24488999999999983	0.4397694076193973	0.5139496576596138
CCDC191	0.06706500000000037	0.43976989712700454	0.5139496576596138
SCARB2	-0.017400000000000304	0.4443343957844359	0.5184079774710033
EIF4E2	0.14029500000000006	0.4443343957844359	0.5184079774710033
STRA6	-0.028329999999999966	0.4443343957844359	0.5184079774710033
ZBTB42	0.19917999999999925	0.4443343957844359	0.5184079774710033
PRKCH	-0.08396999999999988	0.4443343957844359	0.5184079774710033
PPARD	-0.22139499999999934	0.4443343957844359	0.5184079774710033
IFT43	0.09231000000000034	0.4443343957844359	0.5184079774710033
LYPD6B	-0.027269999999999683	0.4443343957844359	0.5184079774710033
AEBP2	-0.03478999999999921	0.4443343957844359	0.5184079774710033
LOC146880	0.0944250000000002	0.4443343957844359	0.5184079774710033
ANKRA2	-0.03150499999999923	0.4443343957844359	0.5184079774710033
LOC100127972	0.04410500000000006	0.4443343957844359	0.5184079774710033
SPOCD1	-0.14170999999999978	0.4443343957844359	0.5184079774710033
FAM8A1	-0.3529649999999993	0.4443343957844359	0.5184079774710033
RBL2	-0.14565499999999965	0.4443339082750666	0.5184079774710033
TRMT2A	-0.13949500000000015	0.4443343957844359	0.5184079774710033
FAM160A1	-0.013840000000000074	0.4443343957844359	0.5184079774710033
IGHM	-0.5633999999999997	0.4443343957844359	0.5184079774710033
TP53I3	0.23789000000000016	0.4443343957844359	0.5184079774710033
EPB41L4B	-0.15957500000000024	0.4443343957844359	0.5184079774710033
HSD17B12	0.017250000000000654	0.4443343957844359	0.5184079774710033
FBF1	-0.1439750000000002	0.4489258127861062	0.5231343807799579
PIGQ	-0.06370500000000012	0.4489258127861062	0.5231343807799579
EMC3-AS1	-0.053130000000000344	0.4489258127861062	0.5231343807799579
GID8	0.2000150000000005	0.4489258127861062	0.5231343807799579
ACTL10	0.28454500000000005	0.4489258127861062	0.5231343807799579
SLC18A2	-0.07394000000000034	0.4489258127861062	0.5231343807799579
RNF25	-0.03976500000000005	0.4489258127861062	0.5231343807799579
METTL17	-0.08739500000000078	0.4489258127861062	0.5231343807799579
LOC105371763	0.03791999999999973	0.4489258127861062	0.5231343807799579
RNF135	-0.2378	0.4489258127861062	0.5231343807799579
PDE4DIP	-0.21793500000000066	0.4489258127861062	0.5231343807799579
NDUFA10	0.02225499999999947	0.4489258127861062	0.5231343807799579
NKIRAS1	-0.2293200000000004	0.4489258127861062	0.5231343807799579
PPP1R37	-0.2807500000000003	0.4489258127861062	0.5231343807799579
FAM120B	-0.06515999999999966	0.4489258127861062	0.5231343807799579
TXLNG	0.09437500000000121	0.4535440339539619	0.527542367727628
TUSC2	0.013600000000000279	0.4535440339539619	0.527542367727628
ASB13	-0.4025200000000009	0.4535440339539619	0.527542367727628
GALNT14	0.13934500000000005	0.4535440339539619	0.527542367727628
B3GLCT	-0.08814000000000011	0.45354355064982677	0.527542367727628
ATF1	-0.08516499999999994	0.4535440339539619	0.527542367727628
CORO1C	0.09939500000000123	0.4535440339539619	0.527542367727628
TFAP2A	0.2073500000000017	0.4535440339539619	0.527542367727628
CADM4	-0.11899000000000015	0.4535440339539619	0.527542367727628
RUFY1	0.03481500000000004	0.4535440339539619	0.527542367727628
TLDC1	0.13318999999999992	0.4535440339539619	0.527542367727628
SNHG16	-0.1586199999999991	0.45354355064982677	0.527542367727628
TSPAN14	0.23472999999999988	0.4535440339539619	0.527542367727628
LOC100129406	-0.24373999999999985	0.4535440339539619	0.527542367727628
HKR1	-0.24906500000000165	0.4535440339539619	0.527542367727628
STARD7	0.11664999999999992	0.4535440339539619	0.527542367727628
DGKZ	-0.07321499999999936	0.4535440339539619	0.527542367727628
THTPA	-0.2336999999999998	0.4535440339539619	0.527542367727628
DTD1	0.24303000000000097	0.4535440339539619	0.527542367727628
LRG1	0.6048950000000004	0.4535440339539619	0.527542367727628
CALML5	-0.5504300000000004	0.4535440339539619	0.527542367727628
RIOK3	-0.09554999999999936	0.45354355064982677	0.527542367727628
TCEB3-AS1	0.09917499999999979	0.4535440339539619	0.527542367727628
TM2D1	-0.07876500000000064	0.458188941266223	0.5320076601157824
FILIP1L	-0.40139999999999887	0.458188941266223	0.5320076601157824
MIR1236	-0.23156499999999802	0.4581884601691488	0.5320076601157824
ZEB1-AS1	-0.02583000000000002	0.458188941266223	0.5320076601157824
HHIPL2	-0.006000000000000005	0.458188941266223	0.5320076601157824
CORO6	0.019975000000000076	0.4581879790708133	0.5320076601157824
ELF2	-0.11510499999999979	0.458188941266223	0.5320076601157824
GRP	-0.19212000000000007	0.458188941266223	0.5320076601157824
C1S	0.3028999999999993	0.458188941266223	0.5320076601157824
SLC18B1	0.026674999999999116	0.458188941266223	0.5320076601157824
SNORD104	-0.2778500000000008	0.458188941266223	0.5320076601157824
SH2B2	0.16639999999999944	0.458188941266223	0.5320076601157824
TP53I11	-0.0037800000000007827	0.458188941266223	0.5320076601157824
GPAA1	-0.15285999999999866	0.458188941266223	0.5320076601157824
RASAL1	-0.003894999999999982	0.458188941266223	0.5320076601157824
WIPF1	-0.28944999999999865	0.458188941266223	0.5320076601157824
LOC102724880	0.12067999999999968	0.458188941266223	0.5320076601157824
ZDHHC3	0.04331000000000085	0.458188941266223	0.5320076601157824
PCDHB6	-0.13500500000000004	0.458188941266223	0.5320076601157824
CMTR1	-0.1281649999999992	0.458188941266223	0.5320076601157824
GPR155	-0.022825000000000095	0.458188941266223	0.5320076601157824
COPRS	-0.09920999999999935	0.458188941266223	0.5320076601157824
DOCK4	-0.2287399999999984	0.4628604128560442	0.53623126569569
ANP32A-IT1	0.05622000000000016	0.4628604128560442	0.53623126569569
MAGEA12	-0.011967000000000061	0.4628604128560442	0.53623126569569
BCOR	-0.3319200000000002	0.4628604128560442	0.53623126569569
RNASEH1	0.0678049999999999	0.4628604128560442	0.53623126569569
PYGL	-0.44450500000000037	0.4628604128560442	0.53623126569569
AGT	-0.022509999999999586	0.4628604128560442	0.53623126569569
PTGR1	0.44929999999999914	0.4628604128560442	0.53623126569569
CHKB-AS1	0.25351000000000035	0.4628604128560442	0.53623126569569
NEXN	-0.5503149999999994	0.4628604128560442	0.53623126569569
ARPP19	0.07830000000000226	0.4628604128560442	0.53623126569569
C19orf25	-0.2348650000000001	0.4628604128560442	0.53623126569569
ARL14EP	-0.10143000000000058	0.4628604128560442	0.53623126569569
SLC4A8	-0.17837000000000014	0.4628604128560442	0.53623126569569
FES	0.14395500000000006	0.4628604128560442	0.53623126569569
SERF2-C15ORF63	0.0931299999999986	0.4628604128560442	0.53623126569569
DKFZP586I1420	0.09401999999999866	0.4628604128560442	0.53623126569569
CDH3	-0.27973999999999943	0.4628604128560442	0.53623126569569
KCNH2	0.013435000000000308	0.4628604128560442	0.53623126569569
TNIP2	-0.0562750000000003	0.4628604128560442	0.53623126569569
BACE2	0.25503500000000123	0.4628604128560442	0.53623126569569
ZNF691	-0.033184999999999576	0.4628604128560442	0.53623126569569
PTPN11	-0.10025000000000084	0.46285993403567616	0.53623126569569
LILRA2	-0.4101999999999997	0.4628604128560442	0.53623126569569
MIR7113	0.09769000000000005	0.4628604128560442	0.53623126569569
DYRK3	-0.1662599999999994	0.4628604128560442	0.53623126569569
AUH	-0.3924449999999986	0.4628604128560442	0.53623126569569
MORC2	-0.11513500000000043	0.4628604128560442	0.53623126569569
XAGE-4	0.08798499999999976	0.467558323011076	0.5406817938180319
DDX51	-0.1265850000000004	0.4675578465370509	0.5406817938180319
VPS4B	-0.08051499999999834	0.467558323011076	0.5406817938180319
TFF1	-2.3542199999999998	0.467558323011076	0.5406817938180319
ABTB2	0.1485599999999998	0.467558323011076	0.5406817938180319
GAPDHP62	-0.2351650000000003	0.467558323011076	0.5406817938180319
RANBP17	0.03360500000000055	0.467558323011076	0.5406817938180319
TMEM229B	-0.29887000000000086	0.467558323011076	0.5406817938180319
B3GNT5	-0.16253000000000029	0.467558323011076	0.5406817938180319
SMO	0.004245000000000054	0.467558323011076	0.5406817938180319
UQCR11	-0.13790000000000013	0.4675578465370509	0.5406817938180319
ZNF426	-0.15507999999999988	0.467558323011076	0.5406817938180319
LINS1	0.04629000000000083	0.467558323011076	0.5406817938180319
SPDEF	0.21239000000000008	0.467558323011076	0.5406817938180319
CBX8	0.16862499999999958	0.46755737006176523	0.5406817938180319
FAM204A	-0.06501999999999963	0.4675578465370509	0.5406817938180319
ZYG11B	0.05891500000000072	0.467558323011076	0.5406817938180319
SLC1A3	0.18398999999999965	0.467558323011076	0.5406817938180319
BANK1	-0.029490000000000016	0.467558323011076	0.5406817938180319
MTMR6	-0.10017500000000013	0.467558323011076	0.5406817938180319
GPRC5C	-0.4016900000000003	0.467558323011076	0.5406817938180319
PIGB	0.09291499999999964	0.467558323011076	0.5406817938180319
CPA4	0.010844999999999994	0.467558323011076	0.5406817938180319
MRPL27	0.13839499999999916	0.4722825421739376	0.545449902771586
EPS15L1	-0.15311499999999967	0.4722825421739376	0.545449902771586
LOC645513	-0.001735000000000042	0.4722825421739376	0.545449902771586
NFYC	-0.1992849999999997	0.4722825421739376	0.545449902771586
PHF10	-0.2735949999999985	0.4722825421739376	0.545449902771586
MTSS1L	0.04181999999999997	0.4722825421739376	0.545449902771586
NCOA7	-0.2735000000000021	0.4722825421739376	0.545449902771586
R3HCC1L	-0.004229999999999734	0.4722825421739376	0.545449902771586
CISD3	0.03636999999999979	0.4722825421739376	0.545449902771586
LRRC45	0.10855999999999977	0.4722825421739376	0.545449902771586
TCIRG1	0.21246499999999902	0.4722825421739376	0.545449902771586
FMO5	-0.11604999999999999	0.4722825421739376	0.545449902771586
GABRB3	0.03793999999999986	0.4722825421739376	0.545449902771586
ZSWIM3	-0.05063000000000084	0.4722825421739376	0.545449902771586
E2F2	0.001114999999999533	0.4722825421739376	0.545449902771586
ADGRV1	0.5008699999999999	0.4722825421739376	0.545449902771586
CXCL13	0.829324999999999	0.47703293694360227	0.5499739846217047
LOC101927365	0.022555000000000547	0.47703293694360227	0.5499739846217047
PXMP2	0.11358000000000068	0.47703293694360227	0.5499739846217047
FUOM	-0.23416999999999977	0.47703293694360227	0.5499739846217047
SECISBP2L	-0.042950000000001154	0.47703293694360227	0.5499739846217047
NSMAF	0.11763499999999816	0.47703293694360227	0.5499739846217047
POGZ	-0.06827999999999967	0.47703293694360227	0.5499739846217047
TGOLN2	0.08680000000000021	0.47703246537105626	0.5499739846217047
CEBPZ	0.04584499999999814	0.47703293694360227	0.5499739846217047
ENTPD4	0.4067849999999993	0.47703293694360227	0.5499739846217047
SRF	-0.05382499999999979	0.47703293694360227	0.5499739846217047
HSPB8	-0.34748	0.47703293694360227	0.5499739846217047
TMLHE	-0.024845000000000006	0.47703293694360227	0.5499739846217047
ZNF407	-0.06746500000000033	0.47703293694360227	0.5499739846217047
PFDN1	0.1641849999999998	0.47703293694360227	0.5499739846217047
PEX1	0.11826999999999988	0.47703293694360227	0.5499739846217047
ADAMTS16	0.01615999999999973	0.47703293694360227	0.5499739846217047
PMS2CL	-0.10366500000000034	0.47703293694360227	0.5499739846217047
XRCC6	-0.04809999999999981	0.47703293694360227	0.5499739846217047
HDAC6	-0.11280499999999982	0.47703293694360227	0.5499739846217047
ZNF384	-0.09144499999999844	0.47703293694360227	0.5499739846217047
ZNF597	0.13938000000000006	0.47703293694360227	0.5499739846217047
LOC100131347	0.0032200000000002227	0.4794164965278034	0.5526781267426182
UNC119	-0.10066499999999934	0.4818093700777023	0.5546880983247496
TCEB2	0.05254999999999832	0.4818093700777023	0.5546880983247496
SYNC	0.6391	0.4818093700777023	0.5546880983247496
MCF2L-AS1	0.0558200000000002	0.4818093700777023	0.5546880983247496
MCFD2	-0.2267500000000009	0.4818093700777023	0.5546880983247496
ZNF641	-0.10555499999999896	0.4818093700777023	0.5546880983247496
FITM2	-0.19653999999999971	0.4818093700777023	0.5546880983247496
FAM216A	-0.22598499999999966	0.4818093700777023	0.5546880983247496
LOC153546	-0.16521000000000008	0.4818093700777023	0.5546880983247496
DLG1	0.1372099999999996	0.4818093700777023	0.5546880983247496
CNKSR1	-0.1541100000000002	0.4818093700777023	0.5546880983247496
DCLK2	-0.011474999999999902	0.4818093700777023	0.5546880983247496
PATL2	-0.014210000000000278	0.4818093700777023	0.5546880983247496
SUMF1	-0.12611500000000042	0.4818093700777023	0.5546880983247496
FAM221A	-0.15623500000000012	0.4818093700777023	0.5546880983247496
CACNA2D2	-0.6306850000000006	0.4818093700777023	0.5546880983247496
FGB	-0.09333499999999995	0.48180890106019214	0.5546880983247496
CENPV	0.25028499999999987	0.4866117004957565	0.5595514383244419
TRDV3	-0.1335949999999997	0.4866117004957565	0.5595514383244419
AK1	0.0349699999999995	0.4866117004957565	0.5595514383244419
LINC00461	-0.12226999999999943	0.48661123410271867	0.5595514383244419
LINC01341	-0.18254500000000018	0.4866117004957565	0.5595514383244419
ORMDL3	-0.5221100000000005	0.4866117004957565	0.5595514383244419
RNA45S5	0.3610699999999998	0.4866117004957565	0.5595514383244419
HSF2	0.16007000000000104	0.4866117004957565	0.5595514383244419
BABAM1	0.09473999999999982	0.4866117004957565	0.5595514383244419
PRSS16	-0.016489999999999227	0.4866117004957565	0.5595514383244419
CLEC11A	-0.15457499999999946	0.48661123410271867	0.5595514383244419
ZNF793-AS1	-0.03172999999999959	0.4866117004957565	0.5595514383244419
F5	-0.048579999999999846	0.4866117004957565	0.5595514383244419
ASRGL1	0.3295399999999997	0.4866117004957565	0.5595514383244419
RBM42	0.10007500000000213	0.4866117004957565	0.5595514383244419
PRRC2B	-0.10945500000000052	0.49143978328332694	0.5643881797422281
INPP4B	0.9254149999999992	0.49143978328332694	0.5643881797422281
RANBP3	0.05478000000000005	0.49143978328332694	0.5643881797422281
ZNF300	-0.17960000000000065	0.49143978328332694	0.5643881797422281
APBA3	0.03981500000000082	0.49143931958410514	0.5643881797422281
EMD	0.2130749999999999	0.49143978328332694	0.5643881797422281
ARHGEF2	-0.15678500000000106	0.49143931958410514	0.5643881797422281
CNN3	-0.18815000000000026	0.49143931958410514	0.5643881797422281
HMBOX1	-0.42899000000000065	0.49143978328332694	0.5643881797422281
WDR72	-0.29576	0.49143978328332694	0.5643881797422281
EPHB2	-0.0896600000000003	0.49143978328332694	0.5643881797422281
SBNO1	-0.0965000000000007	0.49143978328332694	0.5643881797422281
PES1	-0.39039999999999964	0.49143978328332694	0.5643881797422281
TOMM40	0.10335000000000072	0.49143931958410514	0.5643881797422281
PEX6	-1.0425149999999999	0.49143978328332694	0.5643881797422281
TMEM106A	0.24076000000000075	0.49143978328332694	0.5643881797422281
TRPS1	0.014249999999998764	0.4938629731564602	0.5671262135203318
CRTAM	-0.002334999999999976	0.4962934696971034	0.5688826084885418
MTX3	-0.34725500000000054	0.4962934696971034	0.5688826084885418
LITAF	0.06629999999999825	0.4962934696971034	0.5688826084885418
CINP	0.050954999999999195	0.4962934696971034	0.5688826084885418
EVC	-0.06594500000000014	0.4962934696971034	0.5688826084885418
TPM1	-0.05615000000000059	0.4962934696971034	0.5688826084885418
ZNF829	-0.04331499999999977	0.4962934696971034	0.5688826084885418
RASGEF1A	0.37459500000000023	0.4962934696971034	0.5688826084885418
HPX	0.2286999999999999	0.4962934696971034	0.5688826084885418
COMMD9	-0.02242500000000014	0.4962934696971034	0.5688826084885418
WDR78	0.031640000000000335	0.4962934696971034	0.5688826084885418
GSTP1	-0.36983999999999995	0.4962934696971034	0.5688826084885418
ZNF264	-0.2801400000000003	0.4962934696971034	0.5688826084885418
MPP5	0.04347000000000101	0.4962934696971034	0.5688826084885418
AMDHD1	-0.05659500000000017	0.4962934696971034	0.5688826084885418
AFG3L2	-0.07364999999999888	0.4962934696971034	0.5688826084885418
RILPL1	-0.18668499999999977	0.4962934696971034	0.5688826084885418
AADAT	0.07424500000000034	0.4962934696971034	0.5688826084885418
ZMYM1	0.10415500000000044	0.4962934696971034	0.5688826084885418
FAM155B	-0.027419999999999778	0.4962934696971034	0.5688826084885418
LCAL1	0.00882000000000005	0.4962934696971034	0.5688826084885418
TRIM33	0.1723150000000011	0.4962934696971034	0.5688826084885418
ITPKB	-0.052979999999999805	0.4962934696971034	0.5688826084885418
ALDH5A1	0.20508499999999952	0.501172607170927	0.5736151167509618
SIRT5	-0.06791999999999998	0.501172607170927	0.5736151167509618
PBX2	0.01825999999999972	0.501172607170927	0.5736151167509618
CP	-0.9351049999999996	0.501172607170927	0.5736151167509618
TEPSIN	0.20449500000000054	0.501172607170927	0.5736151167509618
EXOSC2	-0.3284849999999997	0.501172607170927	0.5736151167509618
CSF2RA	0.0027300000000005653	0.501172607170927	0.5736151167509618
WWTR1	-0.27999999999999936	0.501172607170927	0.5736151167509618
ZFY	0.043384999999999785	0.501172607170927	0.5736151167509618
ANAPC16	0.11355000000000004	0.5011721490669168	0.5736151167509618
ADI1	0.06625000000000014	0.501172607170927	0.5736151167509618
TENM4	-0.0062549999999998995	0.501172607170927	0.5736151167509618
ZNF599	-0.08289499999999972	0.501172607170927	0.5736151167509618
THBS3	-0.22157499999999963	0.501172607170927	0.5736151167509618
LIMK1	0.019059999999999633	0.501172607170927	0.5736151167509618
SGCE	-0.6028700000000011	0.501172607170927	0.5736151167509618
GCAT	0.041990000000000194	0.501172607170927	0.5736151167509618
COX7A2	0.038000000000000256	0.5011721490669168	0.5736151167509618
TNRC18	-0.019389999999999574	0.501172607170927	0.5736151167509618
PLEKHB1	0.5003250000000001	0.5060770393227478	0.5784534250330535
AKIRIN2	0.22615499999999944	0.5060770393227478	0.5784534250330535
TMEM161B	0.04166500000000184	0.5060770393227478	0.5784534250330535
LOC102724364	0.20106999999999964	0.5060770393227478	0.5784534250330535
SPACA6	0.03813500000000003	0.5060770393227478	0.5784534250330535
L3HYPDH	0.2750100000000004	0.5060770393227478	0.5784534250330535
MTRF1	0.15306499999999978	0.5060770393227478	0.5784534250330535
PSD3	-0.4556950000000004	0.5060770393227478	0.5784534250330535
TOMM20	0.133049999999999	0.5060765841198638	0.5784534250330535
CRISPLD2	0.2199100000000005	0.5060770393227478	0.5784534250330535
C11orf54	-0.20750000000000135	0.5060770393227478	0.5784534250330535
MICALCL	0.00026999999999999247	0.5060770393227478	0.5784534250330535
CHCHD4	0.043845000000000134	0.5060770393227478	0.5784534250330535
WIZ	0.020670000000000854	0.5060770393227478	0.5784534250330535
PCYOX1L	0.13514500000000051	0.5060770393227478	0.5784534250330535
LEMD1	0.09356999999999971	0.5060770393227478	0.5784534250330535
ACTN2	0.0069349999999999135	0.5060770393227478	0.5784534250330535
RSRP1	-0.27640000000000065	0.5110061537295743	0.5831699749931478
DHX58	0.17191499999999982	0.5110066059625262	0.5831699749931478
NKIRAS2	0.03669500000000081	0.5110066059625262	0.5831699749931478
ATP5E	0.13129999999999953	0.5110066059625262	0.5831699749931478
LOC101927144	-0.3046149999999992	0.5110066059625262	0.5831699749931478
ARHGEF7	-0.2734450000000006	0.5110066059625262	0.5831699749931478
BCL7A	-0.011360000000000703	0.5110066059625262	0.5831699749931478
CDC34	0.28774000000000033	0.5110066059625262	0.5831699749931478
CDC27	-0.0891200000000012	0.5110066059625262	0.5831699749931478
LARGE1	-0.15859000000000023	0.5110066059625262	0.5831699749931478
PHIP	-0.02490000000000059	0.5110061537295743	0.5831699749931478
MPPE1	0.11975999999999942	0.5110066059625262	0.5831699749931478
DNAJC1	-0.014350000000000307	0.5110066059625262	0.5831699749931478
GABPA	-0.022829999999999906	0.5110066059625262	0.5831699749931478
TSPAN12	-0.18409499999999923	0.5110066059625262	0.5831699749931478
LOC100287525	0.053970000000000073	0.5110066059625262	0.5831699749931478
C6orf132	0.07554999999999978	0.5110066059625262	0.5831699749931478
CDAN1	-0.34645999999999955	0.5110066059625262	0.5831699749931478
NCF1	0.04271500000000028	0.5110066059625262	0.5831699749931478
HOXB6	0.025339999999999918	0.5110066059625262	0.5831699749931478
LOC101929479	0.07368999999999915	0.5159611431010753	0.5878079328558732
ATG10	-0.10531000000000024	0.5159611431010753	0.5878079328558732
ATF2	-0.1140150000000002	0.5159611431010753	0.5878079328558732
KDSR	-0.5527350000000002	0.5159611431010753	0.5878079328558732
CCDC113	0.32326999999999906	0.5159611431010753	0.5878079328558732
CD2BP2	-0.08240999999999943	0.5159611431010753	0.5878079328558732
MRPS2	-0.011359999999998927	0.5159611431010753	0.5878079328558732
GK	-0.16573499999999974	0.5159611431010753	0.5878079328558732
MSX2	0.36818500000000043	0.5159611431010753	0.5878079328558732
GLCE	0.2887500000000003	0.5159611431010753	0.5878079328558732
CLUAP1	-0.214785	0.5159611431010753	0.5878079328558732
ECI1	0.07563500000000012	0.5159611431010753	0.5878079328558732
KIAA1324	0.20652500000000007	0.5159611431010753	0.5878079328558732
FRAS1	-0.12294000000000027	0.5159611431010753	0.5878079328558732
C8orf37	-0.026419999999999888	0.5159611431010753	0.5878079328558732
RAD54L2	-0.09082499999999971	0.5159611431010753	0.5878079328558732
EME2	-0.36001999999999956	0.5159611431010753	0.5878079328558732
PLCL1	-0.02966000000000024	0.5159611431010753	0.5878079328558732
PYHIN1	-0.15127999999999986	0.5159606939066839	0.5878079328558732
HOXC8	-0.0393349999999999	0.5159611431010753	0.5878079328558732
LINC00685	-0.17600499999999997	0.5159611431010753	0.5878079328558732
DBI	-0.038399999999999324	0.5159611431010753	0.5878079328558732
SARS	0.19002499999999856	0.520940482959851	0.5923653350201986
GBAP1	0.22111000000000125	0.520940482959851	0.5923653350201986
GPR183	-0.0068549999999998334	0.520940482959851	0.5923653350201986
ACTR1B	0.10738999999999965	0.520940482959851	0.5923653350201986
SHKBP1	-0.13197499999999973	0.520940482959851	0.5923653350201986
CASP4	0.04536500000000032	0.520940482959851	0.5923653350201986
ZFP28	0.034600000000000186	0.520940482959851	0.5923653350201986
ZNF830	0.31761000000000017	0.520940482959851	0.5923653350201986
P2RY6	0.01670999999999978	0.520940482959851	0.5923653350201986
ASPHD1	-0.02436499999999997	0.520940482959851	0.5923653350201986
LOC105371920	0.08060499999999982	0.520940482959851	0.5923653350201986
WDR90	0.18933	0.520940482959851	0.5923653350201986
ATG2B	-0.2922849999999997	0.520940482959851	0.5923653350201986
PIGA	0.24881500000000045	0.520940482959851	0.5923653350201986
CERS4	-0.19422999999999924	0.520940482959851	0.5923653350201986
PLA2G2D	-0.10384500000000019	0.520940482959851	0.5923653350201986
HNRNPA0	-0.18184999999999896	0.520940482959851	0.5923653350201986
MRPL1	0.1512399999999996	0.520940482959851	0.5923653350201986
KIAA2022	-0.17387500000000022	0.520940482959851	0.5923653350201986
RAB42	0.21992499999999993	0.520940482959851	0.5923653350201986
PHEX	0.0411999999999999	0.520940482959851	0.5923653350201986
PCDHB9	0.1914399999999996	0.520940482959851	0.5923653350201986
GJA1	0.3381500000000006	0.520940482959851	0.5923653350201986
USP53	-0.002220000000000333	0.520940482959851	0.5923653350201986
LOC100134445	0.2564499999999992	0.5259444539816878	0.5972603503848976
NUCB1	-0.08172500000000049	0.5259444539816878	0.5972603503848976
ZNF134	0.03794499999999967	0.5259444539816878	0.5972603503848976
NCAN	-0.019464999999999844	0.5259444539816878	0.5972603503848976
COL11A2	-0.02980500000000008	0.5259444539816878	0.5972603503848976
CREG1	0.13014999999999866	0.5259440110695077	0.5972603503848976
ALPK2	-0.05076499999999973	0.5259444539816878	0.5972603503848976
TRPV4	-0.06434499999999987	0.5259444539816878	0.5972603503848976
ATP6V0E2	0.25033500000000064	0.5259444539816878	0.5972603503848976
LOC105373942	0.09208999999999978	0.5259444539816878	0.5972603503848976
BNIPL	-0.24363499999999938	0.5259444539816878	0.5972603503848976
GET4	0.0058749999999996305	0.5259444539816878	0.5972603503848976
ZSCAN31	0.2615349999999994	0.5259444539816878	0.5972603503848976
STYX	-0.12157000000000018	0.5259444539816878	0.5972603503848976
CCDC71L	0.2648249999999992	0.5259444539816878	0.5972603503848976
FOXI1	-0.08705499999999988	0.5259444539816878	0.5972603503848976
UVRAG	0.1206100000000001	0.5259444539816878	0.5972603503848976
RAB17	0.19559499999999996	0.5309728808424854	0.6020760658698034
RASSF8	0.5856349999999999	0.5309728808424854	0.6020760658698034
GNRH1	-0.018184999999999896	0.5309728808424854	0.6020760658698034
ATP5A1	-0.1166999999999998	0.5309728808424854	0.6020760658698034
RNMT	0.034280000000000754	0.5309728808424854	0.6020760658698034
STK36	-0.007134999999999891	0.5309728808424854	0.6020760658698034
DDX19A	-0.04269499999999837	0.5309724411735159	0.6020760658698034
UPP1	0.22066999999999926	0.5309724411735159	0.6020760658698034
UBTD1	-0.061159999999999215	0.5309728808424854	0.6020760658698034
RBM43	0.04297500000000021	0.5309728808424854	0.6020760658698034
ZFYVE26	-0.29354499999999994	0.5309728808424854	0.6020760658698034
PEX12	-0.06801999999999975	0.5309728808424854	0.6020760658698034
FOXG1	-0.10760999999999976	0.5309728808424854	0.6020760658698034
TPP2	-0.19649000000000072	0.5309728808424854	0.6020760658698034
SLC1A6	-0.07374999999999998	0.5309728808424854	0.6020760658698034
PCOLCE	-0.25950000000000095	0.5309728808424854	0.6020760658698034
SMIM4	-0.16019499999999987	0.5309728808424854	0.6020760658698034
ANKRD18A	0.010684999999999834	0.5309728808424854	0.6020760658698034
IFNGR1	0.1371500000000001	0.5309728808424854	0.6020760658698034
ISYNA1	-0.04328500000000002	0.5360255844638446	0.6069523226186317
FPGS	0.21920499999999965	0.5360255844638446	0.6069523226186317
C1RL	-0.1727149999999984	0.5360255844638446	0.6069523226186317
LOC101929829	0.033809999999999896	0.5360255844638446	0.6069523226186317
KRT16	-0.15929499999999974	0.5360255844638446	0.6069523226186317
STX12	-0.07029499999999977	0.5360255844638446	0.6069523226186317
RHOQ	-0.052250000000000796	0.5360255844638446	0.6069523226186317
MAP4K1	0.0210849999999998	0.5360251481058333	0.6069523226186317
FBXW9	-0.08058000000000032	0.5360255844638446	0.6069523226186317
ITM2C	-0.19244999999999912	0.5360255844638446	0.6069523226186317
TTC30A	0.0008549999999996061	0.5360255844638446	0.6069523226186317
MTOR	-0.03355499999999978	0.5360255844638446	0.6069523226186317
CCDC30	-0.013484999999999747	0.5360255844638446	0.6069523226186317
SIGIRR	0.0487700000000002	0.5360255844638446	0.6069523226186317
HCN3	-0.09225999999999956	0.5360255844638446	0.6069523226186317
SH2D2A	-0.026720000000000077	0.5360255844638446	0.6069523226186317
C1QTNF5	0.4497750000000007	0.5360255844638446	0.6069523226186317
BMPR1A	-0.06411000000000122	0.5360255844638446	0.6069523226186317
TM2D3	-0.1305499999999995	0.5411023820266554	0.6116516534436903
CGREF1	0.05580000000000007	0.5411019490470863	0.6116516534436903
FLT3	0.015244999999999731	0.5411023820266554	0.6116516534436903
TADA2A	-0.037884999999999724	0.5411019490470863	0.6116516534436903
TGIF2	-0.19821499999999936	0.5411023820266554	0.6116516534436903
EYA3	0.1051599999999997	0.5411023820266554	0.6116516534436903
MAGEA4	-0.10237000000000007	0.5411023820266554	0.6116516534436903
RBM11	-0.07169499999999962	0.5411023820266554	0.6116516534436903
MLH3	-0.10838999999999999	0.5411023820266554	0.6116516534436903
LBP	-0.13179000000000007	0.5411023820266554	0.6116516534436903
ANO9	0.0952200000000003	0.5411023820266554	0.6116516534436903
DTD2	-0.05926000000000009	0.5411023820266554	0.6116516534436903
ERCC4	-0.15150999999999915	0.5411023820266554	0.6116516534436903
C17orf96	0.3582099999999997	0.5411023820266554	0.6116516534436903
ZNF697	0.17348499999999945	0.5411019490470863	0.6116516534436903
ATP11A	0.022510000000000474	0.5411023820266554	0.6116516534436903
KLHL8	-0.036785000000001844	0.5411023820266554	0.6116516534436903
USP25	-0.1312850000000001	0.5411023820266554	0.6116516534436903
GPR4	0.011854999999999727	0.5411023820266554	0.6116516534436903
PNPLA3	-0.11997499999999972	0.5411023820266554	0.6116516534436903
RPGR	-0.026835000000000164	0.5411023820266554	0.6116516534436903
PSMB10	0.21694000000000102	0.5411023820266554	0.6116516534436903
PPHLN1	0.10735000000000028	0.5436493266207123	0.6144828394447372
L3MBTL1	0.10576000000000008	0.5462030869856349	0.6161703743653686
LOXL3	0.11711000000000027	0.5462030869856349	0.6161703743653686
NDUFA3	-0.10170000000000101	0.5462030869856349	0.6161703743653686
NAA30	0.12463499999999961	0.5462030869856349	0.6161703743653686
FBXL4	0.2061049999999991	0.5462030869856349	0.6161703743653686
PRRT2	-0.10965500000000006	0.5462030869856349	0.6161703743653686
CNNM3	-0.12765499999999985	0.5462030869856349	0.6161703743653686
AES	-0.11771000000000065	0.5462030869856349	0.6161703743653686
WNT7B	-0.16508499999999948	0.5462030869856349	0.6161703743653686
CTAG1A	-0.019320000000000004	0.5462030869856349	0.6161703743653686
SMOX	-0.14549499999999949	0.5462030869856349	0.6161703743653686
SDC4	-0.15206500000000034	0.5462030869856349	0.6161703743653686
FYCO1	-0.2037300000000002	0.5462030869856349	0.6161703743653686
NUDT13	-0.06052999999999997	0.5462030869856349	0.6161703743653686
TMEM184C	-0.028235000000000454	0.5462030869856349	0.6161703743653686
KIFC2	-0.2291299999999996	0.5462030869856349	0.6161703743653686
ATP6V0E1	-0.041700000000000514	0.5462030869856349	0.6161703743653686
GAB1	-0.10275000000000034	0.5462030869856349	0.6161703743653686
IFT140	0.07053999999999938	0.5462030869856349	0.6161703743653686
HELQ	-0.251339999999999	0.5462030869856349	0.6161703743653686
RAD17	-0.08323999999999998	0.5462026574517118	0.6161703743653686
MAP2K7	-0.0913150000000007	0.5462030869856349	0.6161703743653686
RAB11FIP3	-0.07553500000000213	0.5462026574517118	0.6161703743653686
DPP10-AS1	0.0608799999999996	0.5462022279165767	0.6161703743653686
LYG1	0.029309999999999725	0.5462030869856349	0.6161703743653686
ALOX12P2	-0.0019700000000000273	0.5487619176422138	0.6190088991766529
CDC42EP3	0.22775499999999838	0.551327509084821	0.6206975801945709
TCF3	0.17268499999999953	0.551327509084821	0.6206975801945709
EBLN2	0.21063999999999972	0.551327509084821	0.6206975801945709
BCDIN3D	-0.022265000000000867	0.551327509084821	0.6206975801945709
ERVK3-1	0.12944500000000048	0.551327509084821	0.6206975801945709
MIDN	-0.5073749999999997	0.551327509084821	0.6206975801945709
PPP1R14C	-2.087345	0.551327509084821	0.6206975801945709
C1orf64	-0.03393999999999986	0.551327509084821	0.6206975801945709
TCAM1P	-0.06504999999999983	0.551327509084821	0.6206975801945709
ZNF626	-0.26530500000000057	0.551327509084821	0.6206975801945709
ZBTB10	-0.2587949999999992	0.5513270830634495	0.6206975801945709
TLR6	-0.011474999999999902	0.551327509084821	0.6206975801945709
MRPL46	-0.27164500000000036	0.5513270830634495	0.6206975801945709
IFNAR2	0.0022900000000003473	0.551327509084821	0.6206975801945709
STK32B	-0.018229999999999524	0.5513270830634495	0.6206975801945709
MAX	-0.09886000000000195	0.551327509084821	0.6206975801945709
FAM104B	-0.056560000000000166	0.551327509084821	0.6206975801945709
STK11IP	0.16609499999999944	0.551327509084821	0.6206975801945709
STK32C	-0.0033850000000001934	0.551327509084821	0.6206975801945709
STPG1	-0.024414999999999853	0.551327509084821	0.6206975801945709
ZNF736	-0.19209500000000013	0.551327509084821	0.6206975801945709
ZNF33B	-0.19044500000000042	0.551327509084821	0.6206975801945709
NRDC	0.01994999999999969	0.5513270830634495	0.6206975801945709
DUS1L	0.12723500000000065	0.551327509084821	0.6206975801945709
ARL6IP5	-0.10260000000000069	0.551327509084821	0.6206975801945709
LOC101926907	0.06949000000000005	0.5538981293562875	0.6235433050009308
CECR5	0.12647500000000012	0.5564754543740148	0.6254749650479445
RBM26	-0.036800000000001276	0.5564750319317857	0.6254749650479445
TRPA1	-0.01731000000000016	0.5564754543740148	0.6254749650479445
CNOT4	0.08502999999999972	0.5564754543740148	0.6254749650479445
CLCF1	0.016915000000000013	0.5564754543740148	0.6254749650479445
DUSP2	0.20658999999999939	0.5564754543740148	0.6254749650479445
CCSER2	-0.14329499999999928	0.5564754543740148	0.6254749650479445
CHRD	0.02748499999999998	0.5564750319317857	0.6254749650479445
FBRS	-0.04193000000000069	0.5564754543740148	0.6254749650479445
FBXL7	-0.33436999999999983	0.5564754543740148	0.6254749650479445
CD180	0.031220000000000248	0.5564754543740148	0.6254749650479445
CSNK1E	-0.12893000000000043	0.5564754543740148	0.6254749650479445
HSBP1L1	-0.1430549999999995	0.5564754543740148	0.6254749650479445
GNAQ	-0.00849999999999973	0.5564754543740148	0.6254749650479445
ZNF879	-0.0037149999999996908	0.5564754543740148	0.6254749650479445
PPP1R12A	0.010995000000001198	0.5564754543740148	0.6254749650479445
CUTC	-0.16493000000000002	0.5564754543740148	0.6254749650479445
RPS24	-0.10585000000000022	0.5564750319317857	0.6254749650479445
TUBB6	0.02190999999999832	0.5564754543740148	0.6254749650479445
PIK3CB	0.04082499999999989	0.5564754543740148	0.6254749650479445
TMC4	-0.3475850000000005	0.5616467252261765	0.6302143211045075
MON2	0.2268650000000001	0.5616467252261765	0.6302143211045075
PPP2R5A	-0.19558499999999945	0.5616467252261765	0.6302143211045075
MPP1	-0.1664399999999997	0.5616467252261765	0.6302143211045075
ACSL6	-0.08320000000000016	0.5616467252261765	0.6302143211045075
TAPBPL	-0.1254850000000003	0.5616467252261765	0.6302143211045075
AGBL5	0.08708500000000097	0.5616463064293485	0.6302143211045075
PIM1	-0.15248500000000043	0.5616467252261765	0.6302143211045075
SP140L	0.03403500000000026	0.5616467252261765	0.6302143211045075
MIR22	-0.1148699999999998	0.5616467252261765	0.6302143211045075
TRAT1	-0.0919850000000002	0.5616467252261765	0.6302143211045075
SCNN1A	0.1402049999999999	0.5616467252261765	0.6302143211045075
B3GALT4	0.18422999999999945	0.5616467252261765	0.6302143211045075
NT5C1B-RDH14	0.09053000000000111	0.5616467252261765	0.6302143211045075
GRIP1	-0.1431250000000004	0.5616467252261765	0.6302143211045075
RNF126	0.10510999999999981	0.5616467252261765	0.6302143211045075
DCXR	-0.1796199999999999	0.5616467252261765	0.6302143211045075
RANBP6	-0.057655000000000456	0.5616467252261765	0.6302143211045075
EPHA3	-0.03716499999999989	0.5616467252261765	0.6302143211045075
RNF24	0.09677499999999917	0.5616467252261765	0.6302143211045075
IL1B	0.0992449999999998	0.5616467252261765	0.6302143211045075
DCAF11	-0.0844750000000003	0.5616467252261765	0.6302143211045075
IGK	0.11324999999999896	0.5642406280296408	0.6330759793128675
MAGEA10-MAGEA5	-0.011065000000000103	0.5668411203557725	0.6344740827660342
ARMC1	-0.05030000000000001	0.5668411203557725	0.6344740827660342
PSTPIP2	-0.09191500000000019	0.5668411203557725	0.6344740827660342
CCDC151	-0.06506999999999996	0.5668411203557725	0.6344740827660342
SETD7	-0.08119499999999924	0.5668407052702547	0.6344740827660342
NKX2-2	-0.020480000000000054	0.5668411203557725	0.6344740827660342
LOC100506098	0.037029999999999674	0.5668411203557725	0.6344740827660342
CYP2B7P	-0.1265550000000002	0.5668411203557725	0.6344740827660342
NEURL1B	-0.32717500000000044	0.5668411203557725	0.6344740827660342
TAS2R45	0.04048499999999988	0.5668407052702547	0.6344740827660342
SEPT3	-0.02012500000000017	0.5668411203557725	0.6344740827660342
TNFSF10	-0.08024999999999949	0.5668407052702547	0.6344740827660342
FAT1	0.025100000000000122	0.5668411203557725	0.6344740827660342
CCL5	0.4600749999999998	0.5668411203557725	0.6344740827660342
CCNG2	-0.08894999999999875	0.5668402901835495	0.6344740827660342
ATP2A1-AS1	0.07176000000000027	0.5668411203557725	0.6344740827660342
COX10	-0.004944999999999311	0.5668411203557725	0.6344740827660342
LCT	-0.033360000000000056	0.5668411203557725	0.6344740827660342
FANK1	0.2395649999999998	0.5668411203557725	0.6344740827660342
BAG5	-0.02256999999999998	0.5668411203557725	0.6344740827660342
GATA3-AS1	-0.19176499999999974	0.5668411203557725	0.6344740827660342
FBLN5	0.03918500000000069	0.5668411203557725	0.6344740827660342
URM1	0.011199999999999655	0.5668411203557725	0.6344740827660342
SYS1-DBNDD2	-0.3569849999999999	0.5668411203557725	0.6344740827660342
PDCD2	0.05199499999999979	0.5668411203557725	0.6344740827660342
COQ7	0.02911000000000019	0.5668411203557725	0.6344740827660342
CCNT1	0.10174499999999931	0.5668411203557725	0.6344740827660342
TECR	0.2879749999999994	0.5668411203557725	0.6344740827660342
PMPCA	0.038635000000001085	0.5668411203557725	0.6344740827660342
CNTN3	-0.10645499999999952	0.5668411203557725	0.6344740827660342
NPTN-IT1	0.04004500000000011	0.5668411203557725	0.6344740827660342
FAM214B	-0.13112499999999994	0.5694465124219776	0.637341214134255
FMO4	-0.04145000000000021	0.5720584348380706	0.6395744545937687
PDZD8	0.03295500000000118	0.5720584348380706	0.6395744545937687
PMPCB	0.020350000000000534	0.5720584348380706	0.6395744545937687
SLTM	-0.18589500000000037	0.5720584348380706	0.6395744545937687
HERC6	0.36622999999999983	0.5720584348380706	0.6395744545937687
CDK5RAP1	0.08504500000000093	0.5720584348380706	0.6395744545937687
RPUSD1	0.06777500000000014	0.5720584348380706	0.6395744545937687
ADGRA3	-0.5661100000000001	0.5720584348380706	0.6395744545937687
APLP1	0.0323500000000001	0.5720584348380706	0.6395744545937687
PHOSPHO2-KLHL23	-0.11241500000000038	0.5720584348380706	0.6395744545937687
VKORC1L1	1.1261799999999988	0.5720584348380706	0.6395744545937687
DNALI1	-2.75451	0.5720584348380706	0.6395744545937687
CAPN8	-0.8177049999999992	0.5720584348380706	0.6395744545937687
KPTN	0.03602499999999953	0.5720584348380706	0.6395744545937687
PAX6	-0.17053499999999966	0.5772984601293851	0.6444406363286134
UGT8	-0.011150000000000215	0.5772984601293851	0.6444406363286134
GATA2	0.030900000000000816	0.5772984601293851	0.6444406363286134
SEPSECS	-0.15737000000000023	0.5772984601293851	0.6444406363286134
LOC100287896	0.10043999999999986	0.5772984601293851	0.6444406363286134
PRKCQ	-0.056090000000000195	0.5772984601293851	0.6444406363286134
ZBTB45	-0.06093500000000063	0.5772984601293851	0.6444406363286134
LOC102723847	0.19411999999999985	0.5772984601293851	0.6444406363286134
LOC153682	-0.05316999999999972	0.5772984601293851	0.6444406363286134
CTSH	0.07289999999999885	0.5772976451949032	0.6444406363286134
KAT8	-0.26952500000000157	0.5772984601293851	0.6444406363286134
SLC16A5	-0.11777000000000015	0.5772984601293851	0.6444406363286134
BAG1	-0.22593499999999977	0.5772984601293851	0.6444406363286134
DIS3L2	-0.014565000000000161	0.5772984601293851	0.6444406363286134
EBP	-0.23863500000000037	0.5772984601293851	0.6444406363286134
AHNAK2	0.08436999999999983	0.5772984601293851	0.6444406363286134
WIPF3	0.0047600000000000975	0.5772984601293851	0.6444406363286134
SNORA16A	-0.26419499999999907	0.5772984601293851	0.6444406363286134
ZBED9	-0.008614999999999817	0.5772984601293851	0.6444406363286134
FAM118A	0.22789500000000018	0.5772984601293851	0.6444406363286134
GSTO2	0.4036299999999997	0.5825609840882684	0.6493667954352037
MBP	0.004834999999999923	0.5825609840882684	0.6493667954352037
FOXN2	0.07973499999999945	0.5825609840882684	0.6493667954352037
ADCK2	-0.0008449999999999847	0.5825609840882684	0.6493667954352037
TBC1D3I	-0.3604699999999976	0.5825609840882684	0.6493667954352037
GRB14	0.17081999999999997	0.5825609840882684	0.6493667954352037
NAA40	0.17034500000000108	0.5825609840882684	0.6493667954352037
ZBTB7C	-0.29318500000000025	0.5825609840882684	0.6493667954352037
JAK1	0.16614999999999824	0.5825605805283829	0.6493667954352037
CYB5RL	-0.02398999999999951	0.5825609840882684	0.6493667954352037
BCAS4	0.2305350000000006	0.5825609840882684	0.6493667954352037
SDR42E1	0.10831999999999997	0.5825609840882684	0.6493667954352037
GPR18	-0.10488000000000008	0.5825609840882684	0.6493667954352037
HOXC11	0.13865000000000016	0.5825609840882684	0.6493667954352037
DMKN	-0.016040000000000276	0.5825609840882684	0.6493667954352037
SIGMAR1	0.03044499999999939	0.5825609840882684	0.6493667954352037
ZNF572	-0.028349999999999653	0.5825609840882684	0.6493667954352037
LOC644656	0.06044999999999945	0.5825609840882684	0.6493667954352037
DNAH17	-0.04228999999999994	0.5825609840882684	0.6493667954352037
PTPN23	0.07886499999999952	0.5878457909976472	0.654203124903658
NORAD	-0.01614999999999789	0.5878457909976472	0.654203124903658
MIR6866	-0.3789250000000006	0.5878457909976472	0.654203124903658
NAA25	-0.05245500000000192	0.5878457909976472	0.654203124903658
ARL9	-0.1780400000000002	0.5878457909976472	0.654203124903658
COX5B	-0.07895000000000074	0.5878457909976472	0.654203124903658
PCGF3	-0.08429000000000109	0.5878457909976472	0.654203124903658
SARAF	-0.06580000000000119	0.5878457909976472	0.654203124903658
TAS2R14	-0.09675000000000011	0.5878457909976472	0.654203124903658
CUL7	-0.1798099999999998	0.5878457909976472	0.654203124903658
TSHZ1	-0.16965000000000074	0.5878457909976472	0.654203124903658
HOMER1	0.26908000000000065	0.5878457909976472	0.654203124903658
KIAA0485	-0.3318899999999996	0.5878457909976472	0.654203124903658
SCPEP1	-0.01777500000000032	0.5878457909976472	0.654203124903658
CD3D	0.33943499999999993	0.5878457909976472	0.654203124903658
MFAP3L	-0.6337650000000004	0.5878457909976472	0.654203124903658
MACROD1	-0.3593700000000002	0.5878457909976472	0.654203124903658
POMGNT1	-0.12076500000000046	0.5878457909976472	0.654203124903658
LOC100507281	0.08303999999999956	0.5878457909976472	0.654203124903658
CRMP1	0.04110499999999995	0.5878453914088702	0.654203124903658
MTMR11	-0.14661499999999972	0.5878457909976472	0.654203124903658
SLC9B2	-0.0439750000000001	0.5931526615878988	0.6591492922849301
SEMA3C	-0.45871499999999976	0.5931526615878988	0.6591492922849301
PELI1	-0.04997999999999969	0.5931526615878988	0.6591492922849301
DDHD2	-0.24878999999999962	0.5931526615878988	0.6591492922849301
CYB5D2	-0.06989000000000001	0.5931526615878988	0.6591492922849301
LRRK1	0.03326499999999921	0.5931526615878988	0.6591492922849301
PCSK6	1.5315350000000008	0.5931526615878988	0.6591492922849301
ABHD4	-0.08838499999999971	0.5931526615878988	0.6591492922849301
FUBP3	0.035809999999999675	0.5931526615878988	0.6591492922849301
PTPN13	-0.274235	0.5931526615878988	0.6591492922849301
ZAP70	0.025844999999999896	0.5931526615878988	0.6591492922849301
SLC30A4	-0.20515999999999934	0.5931526615878988	0.6591492922849301
GPR161	-0.42550499999999936	0.5931526615878988	0.6591492922849301
FAM58A	-0.21089999999999964	0.5931526615878988	0.6591492922849301
MKNK1	0.17183499999999974	0.5931526615878988	0.6591492922849301
VAMP5	-0.2083700000000004	0.5931526615878988	0.6591492922849301
ARNT	-0.058435000000001125	0.5931526615878988	0.6591492922849301
SPG20	-0.16056999999999988	0.5931526615878988	0.6591492922849301
NDUFS6	-0.04305000000000092	0.5931526615878988	0.6591492922849301
GPR157	0.04864000000000068	0.5958139077636531	0.6620559773925908
DLX1	-0.07127499999999998	0.5984813730608699	0.6642576046767008
NUCB2	0.26319999999999943	0.5984813730608699	0.6642576046767008
MDM1	0.10848000000000013	0.5984813730608699	0.6642576046767008
IFT172	-0.1966549999999998	0.5984813730608699	0.6642576046767008
TBCEL	-0.0077099999999994395	0.5984813730608699	0.6642576046767008
CCDC189	-0.03847999999999985	0.5984813730608699	0.6642576046767008
AP4S1	-0.2929000000000004	0.5984813730608699	0.6642576046767008
SRSF11	-0.022800000000000153	0.5984813730608699	0.6642576046767008
SLC16A10	0.11219500000000004	0.5984813730608699	0.6642576046767008
SRSF12	0.0012449999999999406	0.5984813730608699	0.6642576046767008
TOR2A	0.00021499999999896602	0.5984813730608699	0.6642576046767008
HTRA3	-0.2245449999999991	0.5984813730608699	0.6642576046767008
MANBAL	0.16986999999999952	0.5984813730608699	0.6642576046767008
EFHC2	-0.05176500000000006	0.5984813730608699	0.6642576046767008
MPI	0.05427500000000007	0.5984813730608699	0.6642576046767008
ATP10A	-0.01130500000000012	0.603831699114829	0.669173071928079
NAB2	-0.012360000000000149	0.603831699114829	0.669173071928079
LOC102725022	-0.0011849999999995475	0.603831699114829	0.669173071928079
PTPA	0.04099500000000056	0.603831699114829	0.669173071928079
VGLL4	-0.03589999999999982	0.603831699114829	0.669173071928079
VWA8	0.3364250000000002	0.603831699114829	0.669173071928079
PHC2	-0.017409999999999926	0.603831699114829	0.669173071928079
SCML4	-0.05616999999999983	0.603831699114829	0.669173071928079
ABCD1	-0.1449650000000009	0.6038313118209819	0.669173071928079
PLXNB2	0.05418000000000056	0.603831699114829	0.669173071928079
CAPN13	0.5548649999999995	0.603831699114829	0.669173071928079
ATP6V0A4	0.14006000000000007	0.6038313118209819	0.669173071928079
ZNF35	0.11409499999999984	0.603831699114829	0.669173071928079
IL7	0.18675499999999978	0.603831699114829	0.669173071928079
C17orf58	-0.24504000000000126	0.603831699114829	0.669173071928079
TUBBP5	0.006210000000000271	0.603831699114829	0.669173071928079
ATRN	0.006794999999998552	0.603831699114829	0.669173071928079
FAM45A	-0.16689000000000043	0.6038313118209819	0.669173071928079
ZNF329	-0.04779000000000089	0.603831699114829	0.669173071928079
CD79A	0.07618499999999973	0.603831699114829	0.669173071928079
ANKRD26	-0.037040000000000184	0.6092034099703518	0.6739431644389007
AFF3	-1.2466150000000003	0.6092034099703518	0.6739431644389007
HAGLROS	0.015129999999999644	0.6092034099703518	0.6739431644389007
TRIM13	-0.0658650000000005	0.6092034099703518	0.6739431644389007
LOC102724017	0.5480400000000003	0.6092034099703518	0.6739431644389007
EPB41L3	0.2823349999999998	0.6092034099703518	0.6739431644389007
MIF4GD	-0.08470499999999959	0.6092034099703518	0.6739431644389007
UBR5-AS1	0.06545500000000004	0.6092034099703518	0.6739431644389007
AP3D1	0.039400000000000546	0.6092034099703518	0.6739431644389007
SH2D4A	-0.08535999999999966	0.6092034099703518	0.6739431644389007
PCAT7	-0.005745000000000111	0.6092034099703518	0.6739431644389007
MYO19	0.04176499999999983	0.6092034099703518	0.6739431644389007
UBE2G2	0.10416500000000006	0.6092034099703518	0.6739431644389007
PHYKPL	-0.15587500000000087	0.6092034099703518	0.6739431644389007
RBM38	0.1264050000000001	0.6092034099703518	0.6739431644389007
ATP2B4	-0.1529999999999987	0.6092034099703518	0.6739431644389007
NSUN6	-0.15437999999999974	0.6092034099703518	0.6739431644389007
ASB8	0.053600000000000314	0.6092034099703518	0.6739431644389007
TRIT1	0.17313500000000026	0.6092034099703518	0.6739431644389007
RAB1B	0.04209999999999958	0.6092034099703518	0.6739431644389007
KLHDC2	-0.026250000000000995	0.6092030269004536	0.6739431644389007
UBE3B	-0.024934999999999263	0.6092034099703518	0.6739431644389007
MAF1	0.05612999999999957	0.6092034099703518	0.6739431644389007
CAPN9	-0.0018499999999999073	0.6118968310136346	0.6768712507602073
ASS1	-0.005395000000000039	0.6145962723971361	0.6788231721745672
LOC389834	0.10062000000000015	0.6145962723971361	0.6788231721745672
TCEA3	0.07902499999999968	0.6145962723971361	0.6788231721745672
SDHAF4	0.3993599999999997	0.6145962723971361	0.6788231721745672
ICE2	0.09120500000000042	0.6145962723971361	0.6788231721745672
CARD16	0.08974500000000063	0.6145962723971361	0.6788231721745672
CCDC50	0.164080000000002	0.6145962723971361	0.6788231721745672
LINC00865	-0.09952499999999986	0.6145962723971361	0.6788231721745672
ICAM3	0.07802499999999934	0.6145962723971361	0.6788231721745672
LINGO1	-0.2799699999999996	0.6145962723971361	0.6788231721745672
LOC101930107	-0.16556000000000015	0.6145962723971361	0.6788231721745672
NEGR1	0.09242500000000042	0.6145962723971361	0.6788231721745672
RRP1B	-0.02654999999999852	0.6145962723971361	0.6788231721745672
ZFR	0.0065000000000008384	0.6145962723971361	0.6788231721745672
FAM198A	-0.032640000000000224	0.6145962723971361	0.6788231721745672
ALAD	-0.09556499999999968	0.6145962723971361	0.6788231721745672
PARG	0.030235000000000234	0.6145962723971361	0.6788231721745672
HADHA	0.13365000000000116	0.6145962723971361	0.6788231721745672
NT5C	-0.016024999999999956	0.6145962723971361	0.6788231721745672
PORCN	0.07866499999999954	0.6145962723971361	0.6788231721745672
FAAH	-0.14299499999999998	0.6200100497417405	0.6834511873652311
CLCC1	-0.08699999999999974	0.6200100497417405	0.6834511873652311
P3H4	0.28573999999999966	0.6200100497417405	0.6834511873652311
LSS	-0.15546999999999933	0.6200100497417405	0.6834511873652311
PPM1E	-0.09301000000000004	0.6200100497417405	0.6834511873652311
MICALL1	-0.341075	0.6200100497417405	0.6834511873652311
HRK	0.037924999999999986	0.6200096753052089	0.6834511873652311
EML1	0.5725450000000007	0.6200100497417405	0.6834511873652311
ESR1	-0.9318550000000005	0.6200100497417405	0.6834511873652311
ZNF174	0.07689500000000038	0.6200100497417405	0.6834511873652311
UBE2E2	-0.00042500000000167404	0.6200100497417405	0.6834511873652311
PRPF8	-0.2427500000000009	0.6200096753052089	0.6834511873652311
MTMR3	0.17389999999999972	0.6200100497417405	0.6834511873652311
NOTCH2NL	-0.06850000000000023	0.6200100497417405	0.6834511873652311
SPRYD4	-0.0024250000000005656	0.6200100497417405	0.6834511873652311
ADCY10P1	0.007214999999999527	0.6200100497417405	0.6834511873652311
LINC00937	0.06990000000000007	0.6200100497417405	0.6834511873652311
TMC8	-0.3406449999999994	0.6200100497417405	0.6834511873652311
CCDC14	-0.08826000000000178	0.6200100497417405	0.6834511873652311
LRRC46	-0.058234999999999815	0.6200100497417405	0.6834511873652311
IFITM10	-0.09793499999999966	0.6200100497417405	0.6834511873652311
LRRC20	-0.20304500000000036	0.6200100497417405	0.6834511873652311
RNASE1	-0.15499999999999936	0.6200096753052089	0.6834511873652311
CTNND2	0.34796000000000005	0.6200100497417405	0.6834511873652311
CD109	0.4962200000000001	0.6200100497417405	0.6834511873652311
SLC27A5	0.07791500000000084	0.6200100497417405	0.6834511873652311
TMEM127	-0.019095000000000084	0.6254445019562427	0.6886575978018467
LOC158402	-0.061574999999999935	0.6254445019562427	0.6886575978018467
RASAL3	0.003830000000000666	0.6254445019562427	0.6886575978018467
RAB38	-0.006155000000000577	0.6254445019562427	0.6886575978018467
ARHGEF19	0.06447000000000003	0.6254441319280746	0.6886575978018467
FLJ23867	-0.2696550000000002	0.6254445019562427	0.6886575978018467
RRP12	0.08696499999999929	0.6254445019562427	0.6886575978018467
GPRIN1	0.0033400000000001207	0.6254445019562427	0.6886575978018467
CBY1	-0.016594999999999693	0.6254445019562427	0.6886575978018467
PITPNB	-0.027050000000000907	0.6254445019562427	0.6886575978018467
TCTA	-0.242305	0.6254445019562427	0.6886575978018467
TRAPPC9	0.12181500000000067	0.6254445019562427	0.6886575978018467
SPRY4-IT1	0.12429500000000004	0.6254445019562427	0.6886575978018467
SLC2A11	-0.30999	0.6254445019562427	0.6886575978018467
YOD1	-0.007214999999999527	0.6254445019562427	0.6886575978018467
QDPR	0.31840500000000027	0.6308993856278144	0.6939272042783551
ADM5	0.05966499999999986	0.6308993856278144	0.6939272042783551
TTC6	-0.5518150000000004	0.6308993856278144	0.6939272042783551
NAT14	0.08381500000000042	0.6308993856278144	0.6939272042783551
BCL9L	-0.1542300000000001	0.6308993856278144	0.6939272042783551
NME3	0.12028000000000016	0.6308993856278144	0.6939272042783551
MCM3AP-AS1	0.18016000000000076	0.6308993856278144	0.6939272042783551
LOC101930123	0.05978000000000172	0.6308993856278144	0.6939272042783551
LIME1	-0.0582849999999997	0.6308993856278144	0.6939272042783551
SETD6	0.34309999999999974	0.6308993856278144	0.6939272042783551
LDOC1L	0.12959999999999816	0.6308993856278144	0.6939272042783551
ATP5O	-0.06489999999999974	0.6308990200683992	0.6939272042783551
AATBC	0.0956100000000002	0.6308993856278144	0.6939272042783551
FAM83G	0.046050000000000146	0.6308993856278144	0.6939272042783551
TRAPPC11	-0.028085000000000804	0.636374454009204	0.698943414091791
EML6	-0.05138499999999979	0.636374454009204	0.698943414091791
WDFY4	0.008865000000000123	0.636374454009204	0.698943414091791
GPATCH11	-0.19454499999999975	0.636374454009204	0.698943414091791
RAB30-AS1	-0.05300999999999956	0.636374454009204	0.698943414091791
CLPTM1	0.02952999999999939	0.636374454009204	0.698943414091791
TMEM5	-0.04980000000000029	0.636374454009204	0.698943414091791
MMS19	-0.08529500000000034	0.636374454009204	0.698943414091791
HMGN4	-0.035349999999999326	0.6363740929783623	0.698943414091791
AFMID	-0.019725000000000215	0.636374454009204	0.698943414091791
HCFC1	0.019419999999999327	0.636374454009204	0.698943414091791
MED27	-0.09682000000000102	0.636374454009204	0.698943414091791
GIMAP4	-0.009609999999999452	0.636374454009204	0.698943414091791
ELAC1	0.05616000000000021	0.636374454009204	0.698943414091791
CYB5R2	-0.12866999999999962	0.636374454009204	0.698943414091791
OBSCN	-0.011299999999999866	0.636374454009204	0.698943414091791
HECTD2	-0.22848999999999986	0.636374454009204	0.698943414091791
GAR1	0.020035000000000025	0.636374454009204	0.698943414091791
ZNF687	-0.038594999999999935	0.636374454009204	0.698943414091791
HNRNPH3	-0.08680000000000199	0.641869457050125	0.7038607759028856
PTPRE	0.2970000000000006	0.641869457050125	0.7038607759028856
CRAMP1	0.14116499999999998	0.641869457050125	0.7038607759028856
CRAT	0.05550500000000014	0.641869457050125	0.7038607759028856
LIMK2	-0.11063000000000045	0.641869457050125	0.7038607759028856
ZNF496	0.042159999999999975	0.641869457050125	0.7038607759028856
ZBED6	0.41306500000000046	0.641869457050125	0.7038607759028856
LOC100653149	-0.02586000000000066	0.641869457050125	0.7038607759028856
STAMBPL1	-0.18574499999999983	0.641869457050125	0.7038607759028856
ANKS1A	0.05327500000000107	0.641869457050125	0.7038607759028856
ASB6	-0.006389999999999674	0.641869457050125	0.7038607759028856
BNIP2	0.0598749999999999	0.641869457050125	0.7038607759028856
PUS7L	0.11345000000000027	0.641869457050125	0.7038607759028856
RUVBL2	0.1825650000000003	0.641869457050125	0.7038607759028856
RPAIN	0.10079999999999956	0.641869457050125	0.7038607759028856
NPRL2	0.0007850000000022561	0.641869457050125	0.7038607759028856
FGFRL1	0.11628999999999934	0.641869457050125	0.7038607759028856
PPIL2	0.017424999999999358	0.641869457050125	0.7038607759028856
FCRLB	-0.021665000000000045	0.6418691006070931	0.7038607759028856
TATDN2	-0.13349999999999973	0.641869457050125	0.7038607759028856
IFT57	0.055134999999999934	0.641869457050125	0.7038607759028856
ANAPC5	-0.02490000000000059	0.6446240009048482	0.7067746123926164
FAIM2	-0.020384999999999875	0.6446240009048482	0.7067746123926164
FASN	0.28889999999999993	0.647384141429542	0.7084636399276419
NID1	0.11926499999999862	0.647384141429542	0.7084636399276419
DDX49	-0.13735000000000053	0.647384141429542	0.7084636399276419
FAM76B	-0.2953949999999992	0.6473837896329554	0.7084636399276419
SCAF4	-0.11843000000000181	0.647384141429542	0.7084636399276419
LGALS2	-0.10382000000000025	0.647384141429542	0.7084636399276419
BBS1	0.03453999999999979	0.647384141429542	0.7084636399276419
LMNTD2	-0.12910999999999984	0.647384141429542	0.7084636399276419
HCG4	-0.02444000000000024	0.647384141429542	0.7084636399276419
FAM65B	0.03816499999999978	0.647384141429542	0.7084636399276419
WNT9A	0.0041999999999999815	0.647384141429542	0.7084636399276419
PHF3	0.045244999999999536	0.647384141429542	0.7084636399276419
RASD2	-0.004669999999999952	0.647384141429542	0.7084636399276419
DCD	-0.005686499999999983	0.647384141429542	0.7084636399276419
VTI1A	0.12293999999999983	0.647384141429542	0.7084636399276419
CSGALNACT1	-0.0835549999999996	0.647384141429542	0.7084636399276419
FOXO3	-0.139149999999999	0.647384141429542	0.7084636399276419
PTTG3P	-0.06072999999999995	0.6473837896329554	0.7084636399276419
HEBP1	0.09070000000000178	0.647384141429542	0.7084636399276419
SKA1	0.025635000000000296	0.647384141429542	0.7084636399276419
ZNF516	0.43790499999999977	0.647384141429542	0.7084636399276419
DHRS11	0.3518300000000001	0.647384141429542	0.7084636399276419
TMEM53	-0.02114500000000019	0.647384141429542	0.7084636399276419
XG	-0.07900499999999999	0.647384141429542	0.7084636399276419
TEAD3	-0.10204500000000039	0.647384141429542	0.7084636399276419
JDP2	0.22011000000000003	0.6529182505888498	0.71312265606583
GABPB1-AS1	-0.38697999999999944	0.6529182505888498	0.71312265606583
ASPHD2	-0.03926000000000007	0.6529182505888498	0.71312265606583
BTRC	-0.380135000000001	0.6529182505888498	0.71312265606583
USP7	0.05971999999999866	0.6529182505888498	0.71312265606583
CYTH2	0.09131	0.6529182505888498	0.71312265606583
WDR7	0.04544499999999996	0.6529182505888498	0.71312265606583
ZHX2	0.1399000000000008	0.6529182505888498	0.71312265606583
EDC3	-0.06945000000000068	0.6529182505888498	0.71312265606583
GAN	-0.23280999999999974	0.6529182505888498	0.71312265606583
PDLIM3	0.12001499999999954	0.6529182505888498	0.71312265606583
ACSL3	0.020299999999998875	0.6529182505888498	0.71312265606583
HPGDS	0.05058000000000007	0.6529182505888498	0.71312265606583
WNK4	-1.598865	0.6529182505888498	0.71312265606583
RNF20	-0.09390999999999927	0.6529179034967265	0.71312265606583
KIAA0226L	-0.2593199999999998	0.6529182505888498	0.71312265606583
GCNT7	-0.18599999999999994	0.6529182505888498	0.71312265606583
ZNF417	0.2818149999999999	0.6529182505888498	0.71312265606583
KCNK6	0.05564999999999998	0.6529182505888498	0.71312265606583
LIMD1	0.061705000000001675	0.6529182505888498	0.71312265606583
AKR1B10	0.06309500000000012	0.6529182505888498	0.71312265606583
LAX1	0.03595000000000059	0.6529182505888498	0.71312265606583
RANGAP1	-0.0603050000000005	0.6529182505888498	0.71312265606583
GJC1	-0.057470000000000354	0.6529182505888498	0.71312265606583
B3GNT7	0.011074999999999946	0.6529182505888498	0.71312265606583
TRMT10A	0.026250000000000107	0.6529182505888498	0.71312265606583
LOC101927851	-0.009500000000000064	0.6584715247659358	0.7182156739260117
SOX13	-0.09336000000000055	0.6584715247659358	0.7182156739260117
EXOG	-0.03712499999999963	0.6584715247659358	0.7182156739260117
C8orf82	-0.13213000000000008	0.6584715247659358	0.7182156739260117
LOC100293211	0.03156499999999962	0.6584715247659358	0.7182156739260117
VPS26A	-0.03219999999999956	0.6584711824356615	0.7182156739260117
PLK2	-0.25253499999999995	0.6584715247659358	0.7182156739260117
NOTCH3	-0.005919999999999703	0.6584715247659358	0.7182156739260117
CMPK1	-0.06065000000000076	0.6584711824356615	0.7182156739260117
LPCAT4	-0.06852500000000017	0.6584715247659358	0.7182156739260117
SHISA2	1.1587250000000004	0.6584715247659358	0.7182156739260117
ZNF704	0.0519999999999996	0.6584715247659358	0.7182156739260117
ACOX2	-0.6630350000000007	0.6584715247659358	0.7182156739260117
IGLC1	0.020550000000000068	0.6584715247659358	0.7182156739260117
APOL1	0.33875999999999973	0.6584715247659358	0.7182156739260117
MARK1	0.050345000000000084	0.6584715247659358	0.7182156739260117
UBAP1	-0.20462499999999917	0.6584715247659358	0.7182156739260117
ZNF85	-0.0644600000000004	0.6584715247659358	0.7182156739260117
EP300-AS1	0.08294999999999941	0.6640437010301239	0.723424052990207
MROH6	-0.16628500000000024	0.6640437010301239	0.723424052990207
P4HA2	0.02118500000000001	0.6640437010301239	0.723424052990207
GPC1	0.09633999999999965	0.6640437010301239	0.723424052990207
RPS6KA4	-0.037509999999999266	0.6640437010301239	0.723424052990207
WIPF2	0.09797999999999973	0.6640437010301239	0.723424052990207
PRDM6	0.13201500000000044	0.6640437010301239	0.723424052990207
RNF167	0.01064499999999935	0.6640437010301239	0.723424052990207
IKBKB	-0.13809500000000163	0.6640437010301239	0.723424052990207
TATDN3	0.08972999999999942	0.6640437010301239	0.723424052990207
LOC100507642	-0.04400000000000004	0.6640437010301239	0.723424052990207
C2CD3	-0.021215000000001538	0.6640437010301239	0.723424052990207
TICRR	0.007369999999999877	0.6640437010301239	0.723424052990207
PRH1-PRR4	0.022219999999999906	0.6640437010301239	0.723424052990207
CYP27B1	0.003310000000000146	0.6640437010301239	0.723424052990207
WT1	-0.13377000000000017	0.6640437010301239	0.723424052990207
ATXN3	-0.12050499999999964	0.6696345133179868	0.7285310460296528
LOC100653247	0.36880000000000024	0.6696345133179868	0.7285310460296528
C8orf59	-0.09164999999999957	0.6696338480429241	0.7285310460296528
DEPDC5	-0.04316000000000031	0.6696345133179868	0.7285310460296528
CXCR3	-0.017999999999999794	0.6696345133179868	0.7285310460296528
AMPH	-0.05056499999999997	0.6696345133179868	0.7285310460296528
VWA1	0.038120000000000154	0.6696345133179868	0.7285310460296528
PTGS1	0.02674500000000002	0.6696345133179868	0.7285310460296528
CEP63	-0.18181000000000047	0.6696345133179868	0.7285310460296528
MIR503	0.12727999999999984	0.6696345133179868	0.7285310460296528
ZNF286A	0.05071500000000029	0.6696345133179868	0.7285310460296528
UBL7	-0.021740000000000315	0.6696345133179868	0.7285310460296528
CFHR1	-0.2465649999999986	0.6696345133179868	0.7285310460296528
BCAS1	-0.05775000000000041	0.6696345133179868	0.7285310460296528
PDLIM2	-0.18747999999999987	0.6696345133179868	0.7285310460296528
ZIC2	0.06788500000000042	0.6696345133179868	0.7285310460296528
PLEKHM2	-0.13583999999999996	0.6696345133179868	0.7285310460296528
ATP5L	0.035199999999999676	0.6696345133179868	0.7285310460296528
EP400NL	-0.01077000000000039	0.6724364937994873	0.7315246657394677
SP140	-0.024319999999999453	0.6752436924700241	0.7335893545335297
CCDC18	-0.04110999999999976	0.6752436924700241	0.7335893545335297
UBXN8	0.0882549999999993	0.6752436924700241	0.7335893545335297
HMCN1	-0.3760849999999998	0.6752436924700241	0.7335893545335297
ZNF280C	-0.06357500000000016	0.6752436924700241	0.7335893545335297
RIIAD1	-0.040364999999999984	0.6752436924700241	0.7335893545335297
NEBL	0.14802499999999874	0.6752436924700241	0.7335893545335297
MYL6	-0.008000000000000895	0.6752436924700241	0.7335893545335297
FAM101B	-0.014390000000000569	0.6752436924700241	0.7335893545335297
ADCY2	-0.5629650000000002	0.6752436924700241	0.7335893545335297
ZNF83	-0.040160000000000196	0.6752436924700241	0.7335893545335297
DENND6B	-0.025570000000000093	0.6752436924700241	0.7335893545335297
RNF141	0.05030499999999982	0.6752436924700241	0.7335893545335297
DISP3	0.021450000000000635	0.6752433647630459	0.7335893545335297
GPRIN3	-0.010680000000000245	0.6752436924700241	0.7335893545335297
CFAP44	0.08445500000000017	0.6752436924700241	0.7335893545335297
DDAH1	0.10944999999999894	0.6752436924700241	0.7335893545335297
TAF10	-0.0671400000000002	0.6752436924700241	0.7335893545335297
PATZ1	-0.0883149999999997	0.6808709662681951	0.7384322757391134
P2RY13	-0.02945999999999982	0.6808709662681951	0.7384322757391134
AGRN	-0.2027499999999982	0.6808709662681951	0.7384322757391134
SEPT7	0.06724999999999959	0.6808703208227598	0.7384322757391134
SCAMP1	0.06845000000000034	0.6808709662681951	0.7384322757391134
ZNF713	-0.0573699999999997	0.6808709662681951	0.7384322757391134
SEPN1	-0.13321999999999967	0.6808709662681951	0.7384322757391134
KCNMB3	-0.01344499999999993	0.6808709662681951	0.7384322757391134
ZNF510	0.0626850000000001	0.6808709662681951	0.7384322757391134
SACM1L	-0.12219999999999942	0.6808709662681951	0.7384322757391134
C15orf39	-0.08436000000000021	0.6808709662681951	0.7384322757391134
TPST1	-0.20601000000000003	0.6808709662681951	0.7384322757391134
CAB39L	-0.16056999999999988	0.6808709662681951	0.7384322757391134
LOC284926	-0.02940500000000057	0.6808709662681951	0.7384322757391134
PKN1	-0.13624499999999973	0.6808709662681951	0.7384322757391134
CPB1	-0.06298499999999985	0.6808709662681951	0.7384322757391134
GPR87	-0.0005699999999997374	0.6808709662681951	0.7384322757391134
MZB1	-0.4164399999999997	0.6808709662681951	0.7384322757391134
GALNT12	-0.08021000000000011	0.6808709662681951	0.7384322757391134
GNPTG	-0.09667000000000137	0.6808709662681951	0.7384322757391134
ILK	0.00820000000000043	0.6808709662681951	0.7384322757391134
ORM2	-0.021589999999999776	0.6808709662681951	0.7384322757391134
C2orf68	-0.1347650000000007	0.6808709662681951	0.7384322757391134
MMP19	0.04146499999999964	0.686516059474299	0.7434441622435324
RNH1	-0.0891800000000007	0.686516059474299	0.7434441622435324
REXO2	0.022349999999999426	0.686516059474299	0.7434441622435324
ASTN2	0.02859999999999907	0.686516059474299	0.7434441622435324
NCK2	0.10500500000000024	0.686516059474299	0.7434441622435324
TAOK3	-0.007085000000000008	0.686516059474299	0.7434441622435324
CARD8	-0.03946499999999986	0.686516059474299	0.7434441622435324
HAS2	0.027140000000000164	0.686516059474299	0.7434441622435324
RNF165	0.014034999999999798	0.686516059474299	0.7434441622435324
GSDMB	-0.06519500000000011	0.686516059474299	0.7434441622435324
ARL11	-0.05834000000000028	0.686516059474299	0.7434441622435324
ORAI1	0.08910499999999999	0.686516059474299	0.7434441622435324
SLC51A	-0.007785000000000153	0.686516059474299	0.7434441622435324
MRPS31	-0.10331500000000027	0.686516059474299	0.7434441622435324
C6orf48	-0.22970000000000113	0.686516059474299	0.7434441622435324
TMEM261	-0.011814999999998577	0.686516059474299	0.7434441622435324
SRRT	0.02120000000000033	0.686516059474299	0.7434441622435324
IRF3	-0.11920499999999912	0.686516059474299	0.7434441622435324
VPS37B	0.014425000000000132	0.686516059474299	0.7434441622435324
TBP	-0.009854999999999947	0.686516059474299	0.7434441622435324
MKL1	-0.15720500000000026	0.6921786938691938	0.7479588505371257
SLC44A5	-0.24275499999999983	0.6921786938691938	0.7479588505371257
TTC19	-0.15422000000000047	0.6921786938691938	0.7479588505371257
CYP7B1	0.0005450000000006838	0.6921786938691938	0.7479588505371257
MCCC1	-0.17462000000000089	0.6921786938691938	0.7479588505371257
USP22	0.03170999999999857	0.6921786938691938	0.7479588505371257
NIPAL2	0.10257499999999986	0.6921786938691938	0.7479588505371257
TOX	-0.004394999999999705	0.6921786938691938	0.7479588505371257
CAPN1	0.04863000000000017	0.6921786938691938	0.7479588505371257
NPB	0.00313500000000011	0.6921786938691938	0.7479588505371257
PDE4B	0.3438250000000007	0.6921786938691938	0.7479588505371257
LOC100505984	0.277944999999999	0.6921786938691938	0.7479588505371257
CBR3-AS1	-0.028109999999999857	0.6921786938691938	0.7479588505371257
HSD11B1L	-0.01974000000000009	0.6921786938691938	0.7479588505371257
PDSS2	0.10904500000000006	0.6921786938691938	0.7479588505371257
CLIC2	-0.04701500000000003	0.6921786938691938	0.7479588505371257
TMPRSS13	-0.09971999999999959	0.6921786938691938	0.7479588505371257
CIDEB	0.03993499999999983	0.6921786938691938	0.7479588505371257
HORMAD1	-0.03357499999999991	0.6921786938691938	0.7479588505371257
XCL2	-0.05503500000000017	0.6921786938691938	0.7479588505371257
SIPA1L1	0.09562999999999988	0.6921786938691938	0.7479588505371257
GSDMD	-0.17081999999999997	0.6921786938691938	0.7479588505371257
SYT17	-0.042124999999999524	0.6921786938691938	0.7479588505371257
CD163L1	-0.14876500000000004	0.6921786938691938	0.7479588505371257
PAM16	-0.1355649999999997	0.6921786938691938	0.7479588505371257
LOC101060373	0.09619999999999962	0.6921783812777009	0.7479588505371257
LOC101927338	-0.0638349999999992	0.6921786938691938	0.7479588505371257
C1orf216	-0.026730000000000587	0.6921786938691938	0.7479588505371257
SKP1	0.08014999999999972	0.6921786938691938	0.7479588505371257
TPCN2	0.13438499999999998	0.6978585882928467	0.7531997338676121
ZFP1	0.07446499999999912	0.6978585882928467	0.7531997338676121
SEC24A	-0.03449999999999953	0.6978585882928467	0.7531997338676121
EPB41L4A	-0.08356999999999992	0.6978585882928467	0.7531997338676121
ATXN2	0.06634000000000029	0.6978585882928467	0.7531997338676121
C19orf24	0.0394950000000005	0.6978585882928467	0.7531997338676121
FUT4	0.030899999999999928	0.6978585882928467	0.7531997338676121
ZNF333	-0.058544999999999625	0.6978582808458751	0.7531997338676121
PGBD1	0.0109849999999998	0.6978585882928467	0.7531997338676121
PAK6	0.040325000000001054	0.6978585882928467	0.7531997338676121
ZNF432	-0.0890550000000001	0.6978585882928467	0.7531997338676121
MOAP1	0.020199999999999108	0.6978585882928467	0.7531997338676121
C5orf24	-0.019099999999999895	0.6978585882928467	0.7531997338676121
CYSTM1	-0.024345000000000283	0.6978585882928467	0.7531997338676121
LONRF2	0.09874000000000027	0.6978585882928467	0.7531997338676121
CLDN10	-0.03588999999999998	0.6978585882928467	0.7531997338676121
IL12RB1	-0.009655000000000413	0.7035554586852026	0.7583338804294896
TRIM44	-0.07855000000000167	0.703555156434519	0.7583338804294896
ERP29	-0.040749999999999176	0.7035548541829117	0.7583338804294896
NT5C2	0.08022999999999847	0.7035554586852026	0.7583338804294896
NKD2	0.025120000000000253	0.7035554586852026	0.7583338804294896
KLHDC7A	-0.10482499999999995	0.7035554586852026	0.7583338804294896
PPP1R15A	-0.2231349999999992	0.7035554586852026	0.7583338804294896
ANKRD36	0.1600900000000003	0.7035554586852026	0.7583338804294896
NDUFAF7	-0.019579999999999487	0.7035554586852026	0.7583338804294896
ZHX1-C8orf76	-0.03547499999999992	0.7035554586852026	0.7583338804294896
SPRYD7	-0.03684500000000002	0.7035554586852026	0.7583338804294896
BTK	0.04657499999999981	0.7035554586852026	0.7583338804294896
A2ML1	-0.09760999999999997	0.7035554586852026	0.7583338804294896
INPP5J	-0.48013500000000064	0.7035554586852026	0.7583338804294896
SMDT1	-0.004935000000001466	0.7035554586852026	0.7583338804294896
FBLIM1	0.0703049999999994	0.7035554586852026	0.7583338804294896
CRELD1	0.22592499999999927	0.7035554586852026	0.7583338804294896
KCNK15	-0.022469999999999768	0.703555156434519	0.7583338804294896
BIN3	-0.3588849999999999	0.7092690181278654	0.7629633097224341
RAPGEFL1	-0.12164999999999981	0.7092690181278654	0.7629633097224341
RPL23AP7	0.10635500000000064	0.7092690181278654	0.7629633097224341
ZC3HC1	0.049269999999999925	0.7092690181278654	0.7629633097224341
LOC100130987	0.12812999999999963	0.7092690181278654	0.7629633097224341
TRAM1L1	-0.07504499999999936	0.7092690181278654	0.7629633097224341
ZNF257	-0.06918999999999986	0.7092690181278654	0.7629633097224341
RPS5	-0.17650000000000077	0.7092690181278654	0.7629633097224341
FOCAD	0.15587000000000018	0.7092690181278654	0.7629633097224341
PTOV1	-0.1908499999999993	0.7092690181278654	0.7629633097224341
CRYL1	-0.12467999999999968	0.7092690181278654	0.7629633097224341
LOC105369635	0.03941000000000017	0.7092690181278654	0.7629633097224341
TAF11	0.08861500000000078	0.7092690181278654	0.7629633097224341
CREBRF	0.12940500000000021	0.7092690181278654	0.7629633097224341
APLN	0.045170000000000154	0.7092687211244678	0.7629633097224341
LINC01296	-0.45044499999999843	0.7092690181278654	0.7629633097224341
GPR27	0.024354999999999905	0.7092690181278654	0.7629633097224341
ZNF211	0.0004949999999999122	0.7092690181278654	0.7629633097224341
SNHG4	-0.013599999999998502	0.7092678301088187	0.7629633097224341
TRAF6	-0.06645499999999949	0.7092690181278654	0.7629633097224341
FERMT1	-0.0925950000000002	0.7092690181278654	0.7629633097224341
MAGEH1	-0.05748499999999801	0.7092690181278654	0.7629633097224341
NUDT3	-0.015270000000001005	0.7092690181278654	0.7629633097224341
FAAP20	0.10161500000000068	0.7092690181278654	0.7629633097224341
CBLL1	0.009840000000000515	0.7092690181278654	0.7629633097224341
ACACA	-0.1873749999999994	0.7092690181278654	0.7629633097224341
FDPSP2	-0.014984999999999804	0.7092690181278654	0.7629633097224341
TGFB2	-0.22394499999999962	0.7149989768865807	0.7680460938195817
ROMO1	-0.0703750000000003	0.7149989768865807	0.7680460938195817
TPD52L1	0.1754850000000001	0.7149986851806831	0.7680460938195817
CADPS2	0.33699999999999974	0.7149989768865807	0.7680460938195817
FRMD6	0.026700000000001722	0.7149989768865807	0.7680460938195817
ZNF850	-0.10914999999999964	0.7149989768865807	0.7680460938195817
PDZK1IP1	-0.5453449999999993	0.7149989768865807	0.7680460938195817
TMEM178B	-0.15122500000000016	0.7149986851806831	0.7680460938195817
OBP2B	-0.06229500000000021	0.7149989768865807	0.7680460938195817
ARHGEF26-AS1	0.1283449999999995	0.7149989768865807	0.7680460938195817
JHDM1D-AS1	0.06551000000000062	0.7149989768865807	0.7680460938195817
FGFR1OP2	0.07194999999999929	0.7149989768865807	0.7680460938195817
LINC00537	0.023320000000000007	0.7149989768865807	0.7680460938195817
NEK11	0.015719999999999956	0.7149989768865807	0.7680460938195817
PABPC1L	-0.1557700000000004	0.7149989768865807	0.7680460938195817
WAS	0.11914999999999942	0.7149989768865807	0.7680460938195817
MAGEA2B	-0.023944999999999883	0.7149986851806831	0.7680460938195817
MDFI	0.33823500000000006	0.7149989768865807	0.7680460938195817
SPANXA2	-0.006159999999999499	0.7149989768865807	0.7680460938195817
PDGFB	0.13204499999999975	0.7207450424545083	0.7729606016191102
LOC100996919	-0.035740000000000105	0.7207447560955269	0.7729606016191102
LOC100133315	0.05419499999999999	0.7207450424545083	0.7729606016191102
EGFL6	0.6814100000000005	0.7207450424545083	0.7729606016191102
MPP3	-0.0009350000000001302	0.7207450424545083	0.7729606016191102
PEX19	0.08152999999999899	0.7207450424545083	0.7729606016191102
ACKR3	0.524185000000001	0.7207450424545083	0.7729606016191102
STH	-0.01405500000000015	0.7207444697356653	0.7729606016191102
SPACA9	-0.07893999999999979	0.7207450424545083	0.7729606016191102
CYP4Z1	1.142945	0.7207450424545083	0.7729606016191102
PA2G4	0.032415000000000305	0.7207450424545083	0.7729606016191102
NPTXR	-0.04399500000000023	0.7207450424545083	0.7729606016191102
ALDH8A1	-0.04956000000000005	0.7207447560955269	0.7729606016191102
KIAA0895L	0.021865000000000023	0.7207450424545083	0.7729606016191102
HPS6	-0.002650000000000041	0.7207450424545083	0.7729606016191102
C6orf52	0.02929999999999966	0.7207450424545083	0.7729606016191102
STS	0.21382000000000012	0.7207450424545083	0.7729606016191102
VEGFC	0.14822000000000024	0.7207447560955269	0.7729606016191102
ZNF594	-0.04679499999999992	0.7207450424545083	0.7729606016191102
PSAT1	0.6714599999999997	0.7207450424545083	0.7729606016191102
LOC100996843	-0.011479999999999935	0.7207447560955269	0.7729606016191102
RPP30	0.024199999999998667	0.7207450424545083	0.7729606016191102
SUDS3	-0.19303999999999988	0.726506919596276	0.7779334527633919
CACNA1I	0.011375000000000135	0.7265063576684894	0.7779334527633919
EPDR1	0.5314549999999993	0.726506919596276	0.7779334527633919
AGTRAP	0.05387499999999967	0.726506919596276	0.7779334527633919
SLC22A5	-0.1086450000000001	0.726506919596276	0.7779334527633919
METTL14	0.1445450000000008	0.7265066386328154	0.7779334527633919
TEAD1	0.006899999999999906	0.726506919596276	0.7779334527633919
YLPM1	0.005185000000000883	0.726506919596276	0.7779334527633919
STEAP1	0.31677	0.726506919596276	0.7779334527633919
FLOT2	0.12376999999999949	0.726506919596276	0.7779334527633919
LIMA1	-0.07594999999999885	0.726506919596276	0.7779334527633919
LOC101926921	-0.012900000000000134	0.7265066386328154	0.7779334527633919
NDUFAF5	-0.013035000000000352	0.726506919596276	0.7779334527633919
MRPL41	-0.002594999999999459	0.726506919596276	0.7779334527633919
RORA	0.06839500000000065	0.726506919596276	0.7779334527633919
MMP2	0.136099999999999	0.726506919596276	0.7779334527633919
TJP1	-0.10335000000000072	0.7265066386328154	0.7779334527633919
ECH1	-0.06067	0.726506919596276	0.7779334527633919
MFSD10	-0.004079999999999195	0.726506919596276	0.7779334527633919
VNN2	-0.10226000000000024	0.726506919596276	0.7779334527633919
MS4A14	-0.019780000000000353	0.726506919596276	0.7779334527633919
CCDC28A	-0.2466500000000007	0.7293931380149082	0.7809663901977806
GNG4	0.2455999999999996	0.7322843103928034	0.783080468006207
MARC2	-0.01054500000000047	0.7322843103928034	0.783080468006207
UBAC2	0.12168499999999938	0.7322843103928034	0.783080468006207
IGLV1-44	-0.0220500000000019	0.7322843103928034	0.783080468006207
HERC5	0.06979499999999916	0.7322843103928034	0.783080468006207
HECTD4	-0.022054999999999936	0.7322843103928034	0.783080468006207
POLA2	0.001554999999999751	0.7322843103928034	0.783080468006207
PCED1B	0.22500499999999946	0.7322843103928034	0.783080468006207
GOLGA2P5	0.009400000000000297	0.7322843103928034	0.783080468006207
HGSNAT	0.12960499999999797	0.7322843103928034	0.783080468006207
MRPL45	0.0864950000000011	0.7322843103928034	0.783080468006207
PRRT3-AS1	-0.1596899999999999	0.7322843103928034	0.783080468006207
ART3	-0.057539999999999925	0.7322843103928034	0.783080468006207
SEMA7A	-0.10114000000000001	0.7322840348726422	0.783080468006207
ZNF32	-0.06429499999999955	0.7322843103928034	0.783080468006207
SERPINA1	-0.25435999999999837	0.7322843103928034	0.783080468006207
IRF6	0.12077000000000027	0.7322843103928034	0.783080468006207
MBTPS1	-0.058905000000001095	0.7380769142868829	0.787998305342899
WDR66	-0.01494500000000043	0.7380769142868829	0.787998305342899
AGMAT	-0.05469500000000016	0.7380769142868829	0.787998305342899
PTCD2	0.16472000000000087	0.7380769142868829	0.787998305342899
PVALB	-0.03700999999999999	0.7380769142868829	0.787998305342899
ZNF148	0.1604100000000006	0.7380763742262044	0.787998305342899
LOC101927752	0.013894999999999769	0.7380769142868829	0.787998305342899
GUCY1B2	0.08629499999999979	0.7380769142868829	0.787998305342899
HACD1	0.035680000000000156	0.7380769142868829	0.787998305342899
LRP5	0.41567499999999935	0.7380769142868829	0.787998305342899
DLX5	0.013395000000000046	0.7380769142868829	0.787998305342899
DEF6	-0.15512999999999977	0.7380769142868829	0.787998305342899
RNF26	0.14467500000000033	0.7380769142868829	0.787998305342899
CLIC6	-0.1871449999999999	0.7380769142868829	0.787998305342899
CMTM3	0.07661000000000051	0.7380769142868829	0.787998305342899
GUSB	0.13204999999999956	0.7380769142868829	0.787998305342899
SNRNP48	0.01208000000000009	0.7380769142868829	0.787998305342899
INTS4	0.04194999999999993	0.7380769142868829	0.787998305342899
COMMD3-BMI1	0.004900000000001015	0.7380769142868829	0.787998305342899
COLEC12	0.2137449999999994	0.7380769142868829	0.787998305342899
COL4A5	0.20630500000000218	0.7380769142868829	0.787998305342899
EIF2B4	-0.20166999999999824	0.7380763742262044	0.787998305342899
P2RY8	-0.007134999999999891	0.7438844281295098	0.7923926989875113
DNAJC12	-0.6172999999999993	0.7438844281295098	0.7923926989875113
DNAJB4	-0.10317000000000043	0.7438844281295098	0.7923926989875113
RBM19	0.037444999999999506	0.7438841636359146	0.7923926989875113
UQCRC2	-0.16269999999999918	0.7438844281295098	0.7923926989875113
SERPINA3	-0.184940000000001	0.7438844281295098	0.7923926989875113
FAM98C	0.2060599999999999	0.7438844281295098	0.7923926989875113
EPS8L1	-0.10280000000000022	0.7438844281295098	0.7923926989875113
NMRK1	-0.06558500000000222	0.7438844281295098	0.7923926989875113
SH3PXD2A	-0.3090149999999987	0.7438844281295098	0.7923926989875113
DPM3	0.05444499999999941	0.7438844281295098	0.7923926989875113
MUC16	0.04120500000000016	0.7438844281295098	0.7923926989875113
PIGF	-0.009679999999999467	0.7438844281295098	0.7923926989875113
SLFN13	-0.046355000000000146	0.7438844281295098	0.7923926989875113
KIAA1161	-0.02237999999999918	0.7438844281295098	0.7923926989875113
SDHAP2	-0.03013499999999958	0.7438844281295098	0.7923926989875113
TNFRSF10C	0.04159500000000005	0.7438844281295098	0.7923926989875113
MSMB	-0.06097000000000019	0.7438844281295098	0.7923926989875113
YTHDC1	0.11589999999999989	0.7438844281295098	0.7923926989875113
DUSP18	-0.024080000000000545	0.7438844281295098	0.7923926989875113
BNC2	-0.05567000000000011	0.7438844281295098	0.7923926989875113
POP1	0.04374500000000037	0.7438844281295098	0.7923926989875113
IRF4	0.014825000000000088	0.7438841636359146	0.7923926989875113
SLC25A51	0.05401999999999996	0.7438844281295098	0.7923926989875113
NOL3	-0.04505500000000051	0.7438844281295098	0.7923926989875113
LINC00963	-0.03434999999999988	0.7438844281295098	0.7923926989875113
ATP5J2-PTCD1	0.012459999999999916	0.7438844281295098	0.7923926989875113
PAWR	-0.0949150000000003	0.7438844281295098	0.7923926989875113
SURF6	0.015410000000000146	0.7438844281295098	0.7923926989875113
NXPE3	-0.05367000000000033	0.7438844281295098	0.7923926989875113
FNBP1	-0.08343000000000167	0.7438844281295098	0.7923926989875113
CHCHD6	-0.07745999999999942	0.7497065462269458	0.79724944817719
CD63	0.08170000000000144	0.7497065462269458	0.79724944817719
SNORA60	0.11664500000000011	0.7497065462269458	0.79724944817719
HADHB	-0.0146000000000015	0.7497065462269458	0.79724944817719
RHOBTB1	0.025585000000000413	0.7497065462269458	0.79724944817719
P2RX5-TAX1BP3	0.1083500000000015	0.7497065462269458	0.79724944817719
SIVA1	-0.03291999999999984	0.7497065462269458	0.79724944817719
CNOT1	-0.1622950000000003	0.7497065462269458	0.79724944817719
LOC101928747	0.12475000000000058	0.7497065462269458	0.79724944817719
GFRA3	-0.02134500000000017	0.7497065462269458	0.79724944817719
TYMSOS	-0.006444999999999812	0.7497065462269458	0.79724944817719
TSPO	-0.10380000000000145	0.7497065462269458	0.79724944817719
FAAP24	0.1903649999999999	0.7497065462269458	0.79724944817719
NPM3	-0.11268499999999992	0.7497065462269458	0.79724944817719
TFF3	-0.6751100000000001	0.7497065462269458	0.79724944817719
ZNF354C	-0.17959499999999906	0.7497065462269458	0.79724944817719
POTEM	-0.48271	0.7497065462269458	0.79724944817719
LINC00339	-0.10359000000000007	0.7497065462269458	0.79724944817719
CD3E	-0.10637499999999989	0.7497065462269458	0.79724944817719
KRT8P12	-0.18599999999999994	0.7497065462269458	0.79724944817719
HSH2D	-0.12443500000000052	0.7497065462269458	0.79724944817719
SLC12A9	-0.06501499999999982	0.7497065462269458	0.79724944817719
LMTK3	-0.07277999999999984	0.7497065462269458	0.79724944817719
MAPK12	0.009730000000000238	0.7526227295532564	0.8002919585979636
PKD2	-0.35282500000000105	0.7555429603885074	0.8019291675750552
STYK1	-0.07423500000000072	0.7555429603885074	0.8019291675750552
CYSLTR1	-0.14974500000000024	0.7555429603885074	0.8019291675750552
CNP	0.01950500000000055	0.7555429603885074	0.8019291675750552
FKBP11	0.0006500000000002615	0.7555429603885074	0.8019291675750552
SPON1	-0.12045499999999976	0.7555429603885074	0.8019291675750552
PXYLP1	0.03477499999999978	0.7555429603885074	0.8019291675750552
CALCOCO2	-0.06097000000000108	0.7555429603885074	0.8019291675750552
SPATA20	-0.07552499999999984	0.7555429603885074	0.8019291675750552
LOC100506282	0.06625000000000014	0.7555429603885074	0.8019291675750552
ZNF574	-0.11901000000000028	0.7555429603885074	0.8019291675750552
PARVA	0.16570500000000088	0.7555429603885074	0.8019291675750552
INO80C	-0.02924500000000041	0.7555427071023533	0.8019291675750552
CLK1	-0.11399999999999899	0.7555424538154121	0.8019291675750552
HNRNPUL2-BSCL2	0.08718000000000004	0.7555429603885074	0.8019291675750552
MALSU1	-0.20475000000000065	0.7555429603885074	0.8019291675750552
CNPY4	-0.0946049999999996	0.7555429603885074	0.8019291675750552
LRFN4	0.0380950000000011	0.7555427071023533	0.8019291675750552
PTPN20	-0.05797499999999989	0.7555429603885074	0.8019291675750552
RNF121	0.025265000000000093	0.7555429603885074	0.8019291675750552
TCEAL3	-0.12973999999999997	0.7555429603885074	0.8019291675750552
MIR181A2HG	-0.16086500000000026	0.7555427071023533	0.8019291675750552
GABPB2	0.0033249999999993562	0.7555429603885074	0.8019291675750552
LRRC10B	0.027515000000000178	0.7555429603885074	0.8019291675750552
TBX1	0.12131000000000114	0.7555429603885074	0.8019291675750552
EVL	-0.33442999999999934	0.7613933599750652	0.8068413874458477
AHCYL2	-0.028649999999999842	0.7613933599750652	0.8068413874458477
RPS6KA6	0.040140000000000065	0.7613933599750652	0.8068413874458477
GLYATL2	-0.9308000000000001	0.7613933599750652	0.8068413874458477
RRAGD	-0.1275700000000004	0.7613933599750652	0.8068413874458477
ZNF764	-0.03282499999999988	0.7613933599750652	0.8068413874458477
MPP6	-0.0060749999999996085	0.7613933599750652	0.8068413874458477
CD6	-0.11648499999999995	0.7613933599750652	0.8068413874458477
EXOSC8	-0.0008200000000009311	0.7613933599750652	0.8068413874458477
LILRB2	-0.0432450000000002	0.7613933599750652	0.8068413874458477
PPP1R26-AS1	-0.03744999999999976	0.7613933599750652	0.8068413874458477
DMXL1	-0.14517500000000005	0.7613933599750652	0.8068413874458477
REEP6	-0.20077999999999996	0.7613933599750652	0.8068413874458477
TMEM170A	-0.011280000000000179	0.7613933599750652	0.8068413874458477
AR	-0.2548300000000001	0.7613933599750652	0.8068413874458477
GDAP1	-0.49892999999999965	0.7613933599750652	0.8068413874458477
STAP2	-0.12480500000000028	0.7613933599750652	0.8068413874458477
TRIM21	-0.007765000000000022	0.7613931123582559	0.8068413874458477
SLC9A6	-0.3374649999999999	0.7613933599750652	0.8068413874458477
TMSB15B	-0.28512000000000004	0.7613933599750652	0.8068413874458477
INPPL1	-0.011820000000000164	0.7613933599750652	0.8068413874458477
SLITRK4	0.03221500000000033	0.7613933599750652	0.8068413874458477
KCNJ15	-0.012074999999999836	0.7672574319482406	0.8115158358887363
CEP41	-0.009675000000000544	0.7672574319482406	0.8115158358887363
SERPINF1	-0.03360000000000163	0.7672571900433254	0.8115158358887363
CRNDE	-0.07254999999999967	0.7672574319482406	0.8115158358887363
HES2	-0.032950000000000035	0.7672574319482406	0.8115158358887363
CHST8	-0.05101500000000003	0.7672574319482406	0.8115158358887363
SIRPB2	0.004989999999999828	0.7672574319482406	0.8115158358887363
GNA15	0.22065999999999963	0.7672574319482406	0.8115158358887363
CACFD1	-0.0910650000000004	0.7672574319482406	0.8115158358887363
MIR34A	-0.014579999999999593	0.7672574319482406	0.8115158358887363
MAN1A2	-0.15724499999999964	0.7672574319482406	0.8115158358887363
RNF2	-0.005329999999998947	0.7672574319482406	0.8115158358887363
TLR3	-0.031124999999999403	0.7672574319482406	0.8115158358887363
ANGEL1	0.03777499999999989	0.7672574319482406	0.8115158358887363
ARID4A	0.029499999999999638	0.7672574319482406	0.8115158358887363
SUOX	0.19008999999999965	0.7672574319482406	0.8115158358887363
KAT6A	0.0647000000000002	0.7672574319482406	0.8115158358887363
CCL22	0.054075000000000095	0.7672574319482406	0.8115158358887363
TTC39C	0.31010000000000026	0.7672574319482406	0.8115158358887363
SERTAD1	-0.13415	0.7672574319482406	0.8115158358887363
HNRNPA1	-0.09224999999999994	0.7672574319482406	0.8115158358887363
CEBPD	-0.14579999999999949	0.7672571900433254	0.8115158358887363
SULT2B1	0.03208500000000036	0.7672574319482406	0.8115158358887363
UNC5C	-0.08714500000000003	0.7672574319482406	0.8115158358887363
ZDHHC11B	-0.13216999999999945	0.7672574319482406	0.8115158358887363
MYZAP	0.0565749999999996	0.7672574319482406	0.8115158358887363
CCNI	-0.06680000000000064	0.7701942575782363	0.8145034232851113
YPEL1	-0.013435000000000308	0.7701942575782363	0.8145034232851113
AGR3	1.0548900000000003	0.7731343886167773	0.8161867149087271
NEDD8	-0.033350000000000435	0.7731346247689022	0.8161867149087271
TYSND1	-0.06350000000000033	0.7731348609202899	0.8161867149087271
ALDH4A1	-1.2313850000000004	0.7731348609202899	0.8161867149087271
AATK	-0.12179999999999946	0.7731348609202899	0.8161867149087271
CHPT1	-0.027650000000001285	0.7731348609202899	0.8161867149087271
SMIM20	0.08666499999999999	0.7731348609202899	0.8161867149087271
DROSHA	-0.16165499999999966	0.7731346247689022	0.8161867149087271
ID1	-0.47563000000000066	0.7731348609202899	0.8161867149087271
ACER3	-0.17474999999999952	0.7731348609202899	0.8161867149087271
PRSS2	-0.07745000000000024	0.7731348609202899	0.8161867149087271
CD82	0.1229849999999999	0.7731348609202899	0.8161867149087271
PUM1	-0.033649999999999736	0.7731346247689022	0.8161867149087271
ZNF655	-0.2706250000000008	0.7731348609202899	0.8161867149087271
PREPL	0.1789050000000003	0.7731348609202899	0.8161867149087271
KIAA1804	-0.03465499999999899	0.7731348609202899	0.8161867149087271
DLX4	0.0169349999999997	0.7731348609202899	0.8161867149087271
GSTT2	0.009859999999999758	0.7731348609202899	0.8161867149087271
LMCD1	-0.18637499999999996	0.7731348609202899	0.8161867149087271
NQO1	-0.1708949999999998	0.7731348609202899	0.8161867149087271
PEG3-AS1	-0.011829999999999785	0.7731348609202899	0.8161867149087271
GATA6	0.7098449999999996	0.7731348609202899	0.8161867149087271
FAM131A	0.14358000000000093	0.7731348609202899	0.8161867149087271
HVCN1	-0.004559999999999675	0.7731348609202899	0.8161867149087271
CSNK1D	-0.021589999999999776	0.7790253292046593	0.8209728469310641
PDE12	0.05965000000000131	0.7790250988475051	0.8209728469310641
FAM83F	0.05303000000000058	0.7790253292046593	0.8209728469310641
EFCAB14	0.031744999999999024	0.7790253292046593	0.8209728469310641
RRAS	0.05019000000000062	0.7790253292046593	0.8209728469310641
GNB1L	0.08603000000000005	0.7790253292046593	0.8209728469310641
RSPRY1	-0.15647000000000055	0.7790253292046593	0.8209728469310641
ACTL8	0.002529999999999699	0.7790253292046593	0.8209728469310641
H1F0	-0.09646499999999847	0.7790253292046593	0.8209728469310641
ZNF526	0.04242499999999971	0.7790250988475051	0.8209728469310641
SNORD3D	-0.05331999999999981	0.7790253292046593	0.8209728469310641
PCDHA1	-0.3034699999999999	0.7790253292046593	0.8209728469310641
SMPD2	-0.0170249999999994	0.7790253292046593	0.8209728469310641
CHRNA5	0.0070950000000000735	0.7790250988475051	0.8209728469310641
PRPF38B	0.07972499999999982	0.7790250988475051	0.8209728469310641
CASC15	-0.048009999999999664	0.7790253292046593	0.8209728469310641
APOOL	0.023279999999999745	0.7790253292046593	0.8209728469310641
CD14	-0.06256999999999913	0.7790253292046593	0.8209728469310641
LOC101927266	-0.08375499999999914	0.7790253292046593	0.8209728469310641
PIM2	0.06357999999999997	0.7790253292046593	0.8209728469310641
TTLL5	-0.041255000000000486	0.7790253292046593	0.8209728469310641
PSMG4	0.021529999999998495	0.7790253292046593	0.8209728469310641
CMC4	0.05033000000000065	0.7790253292046593	0.8209728469310641
SSRP1	0.038455000000000794	0.7790253292046593	0.8209728469310641
KBTBD7	-0.18464499999999973	0.7849285168672004	0.8254567254649493
KCNAB2	-0.09476999999999958	0.7849285168672004	0.8254567254649493
DDX50	-0.22508499999999998	0.7849285168672004	0.8254567254649493
FRAT1	0.015050000000000008	0.7849285168672004	0.8254567254649493
ADSL	-0.17161000000000115	0.7849282923440467	0.8254567254649493
CCNH	0.1519099999999991	0.7849285168672004	0.8254567254649493
PPP2R5C	0.05274999999999963	0.7849282923440467	0.8254567254649493
SH2D1A	-0.09966499999999989	0.7849282923440467	0.8254567254649493
NFE4	-0.004290000000000127	0.7849285168672004	0.8254567254649493
GLRB	-0.19937999999999967	0.7849285168672004	0.8254567254649493
ZMYND12	-0.01709499999999986	0.7849285168672004	0.8254567254649493
CD93	0.0030300000000007543	0.7849285168672004	0.8254567254649493
C1orf123	0.19238999999999962	0.7849285168672004	0.8254567254649493
CSNK1G3	-0.10562999999999967	0.7849285168672004	0.8254567254649493
RWDD4	-0.1775449999999985	0.7849285168672004	0.8254567254649493
GJB3	-0.016515000000000057	0.7849285168672004	0.8254567254649493
NUDT4P1	0.05033000000000065	0.7849285168672004	0.8254567254649493
TC2N	-0.1456900000000001	0.7849285168672004	0.8254567254649493
WBP4	0.12199000000000026	0.7849285168672004	0.8254567254649493
LYRM7	-0.12223000000000006	0.7849285168672004	0.8254567254649493
SF1	0.02505999999999986	0.7849285168672004	0.8254567254649493
APLP2	-0.16825000000000045	0.7849282923440467	0.8254567254649493
RBP1	0.12418999999999958	0.7849285168672004	0.8254567254649493
C19orf33	0.07896499999999929	0.7849285168672004	0.8254567254649493
OR7E156P	-0.005069999999999908	0.7849285168672004	0.8254567254649493
EIF2A	0.13930000000000042	0.7849282923440467	0.8254567254649493
SLC16A2	-0.21842499999999987	0.7849285168672004	0.8254567254649493
RAP1GAP2	0.055320000000000036	0.7849285168672004	0.8254567254649493
RASSF7	0.17136999999999958	0.7849285168672004	0.8254567254649493
FOSL1	-0.07378500000000043	0.7908441017780307	0.8308354225580961
KLHL15	0.026779999999999582	0.7908441017780307	0.8308354225580961
TTC32	0.05508500000000005	0.7908441017780307	0.8308354225580961
NTHL1	-0.16465999999999958	0.7908441017780307	0.8308354225580961
METTL7B	0.004904999999999937	0.7908436644766704	0.8308354225580961
ABCC3	-0.6491249999999997	0.7908441017780307	0.8308354225580961
TTC1	-0.09425000000000061	0.7908441017780307	0.8308354225580961
FCRL3	-0.02699999999999969	0.7908441017780307	0.8308354225580961
RASGRP3	-0.027299999999999436	0.7908441017780307	0.8308354225580961
TSC22D3	0.3247599999999995	0.7908441017780307	0.8308354225580961
ARHGAP29	-0.21810000000000151	0.7908441017780307	0.8308354225580961
DNAJC5	0.10436000000000067	0.7908441017780307	0.8308354225580961
CEACAM5	0.08140000000000014	0.7908441017780307	0.8308354225580961
MTMR14	-0.04404999999999948	0.7908441017780307	0.8308354225580961
DTNBP1	0.042044999999999	0.7967717596640245	0.835250089788563
SPNS1	-0.05076000000000036	0.7967717596640245	0.835250089788563
JARID2	0.0009100000000010766	0.7967717596640245	0.835250089788563
RRBP1	-0.04600000000000115	0.7967717596640245	0.835250089788563
IFT74	0.007080000000000197	0.7967717596640245	0.835250089788563
GM2A	0.13283500000000004	0.7967717596640245	0.835250089788563
HID1	0.07694499999999938	0.7967717596640245	0.835250089788563
LOC102725426	-0.09372500000000006	0.7967717596640245	0.835250089788563
LOC100652777	0.012360000000000149	0.7967715469243578	0.835250089788563
LOC101929964	0.010275000000000034	0.7967717596640245	0.835250089788563
CD40	0.03551999999999911	0.7967717596640245	0.835250089788563
C2CD5	-0.03739999999999988	0.7967717596640245	0.835250089788563
HPS4	0.03460999999999981	0.7967717596640245	0.835250089788563
BORCS7	-0.1100550000000009	0.7967717596640245	0.835250089788563
GSTA4	-0.21989499999999929	0.7967717596640245	0.835250089788563
ZNF10	0.007134999999999891	0.7967717596640245	0.835250089788563
TRDMT1	-0.07300499999999932	0.7967717596640245	0.835250089788563
CHAC1	0.016654999999999642	0.7967715469243578	0.835250089788563
PHYH	-0.13985000000000092	0.7967717596640245	0.835250089788563
SLC27A2	0.09312000000000031	0.7967717596640245	0.835250089788563
FCHO1	-0.03367500000000012	0.7967717596640245	0.835250089788563
GPR171	-0.0455650000000003	0.7967717596640245	0.835250089788563
HINT3	0.34924	0.7967717596640245	0.835250089788563
C5orf34	0.053765000000000285	0.7967717596640245	0.835250089788563
SNAPC1	0.09053999999999984	0.7967717596640245	0.835250089788563
ZNF235	-0.025915000000000354	0.7967717596640245	0.835250089788563
DNAJC24	-0.08292999999999928	0.7967717596640245	0.835250089788563
MTMR4	0.014794999999999447	0.7967717596640245	0.835250089788563
SMTN	-0.10360499999999995	0.7967717596640245	0.835250089788563
CCDC157	0.02292000000000005	0.7967715469243578	0.835250089788563
TRIM3	0.044525000000001036	0.8027111641619236	0.840323783589926
ACTR3C	-0.00486999999999993	0.8027111641619236	0.840323783589926
USP34	-0.07735000000000092	0.802710957369809	0.840323783589926
ALCAM	-0.13750000000000107	0.8027111641619236	0.840323783589926
LOC401261	-0.09666499999999978	0.8027111641619236	0.840323783589926
C16orf58	0.09450999999999965	0.8027111641619236	0.840323783589926
MDH1B	-0.08513499999999974	0.8027111641619236	0.840323783589926
MCTP1	0.27604500000000076	0.8027111641619236	0.840323783589926
IER2	0.044100000000002026	0.8027111641619236	0.840323783589926
CWF19L1	-0.09630000000000027	0.8027111641619236	0.840323783589926
ANKRD30A	0.5337999999999994	0.8027111641619236	0.840323783589926
RGL2	0.08533999999999864	0.8027111641619236	0.840323783589926
INO80D	0.0060450000000003	0.8027111641619236	0.840323783589926
PIGS	-0.2119850000000003	0.8027111641619236	0.840323783589926
MAPK8IP2	-0.0292349999999999	0.8027111641619236	0.840323783589926
SEC24C	-0.03589999999999982	0.8027111641619236	0.840323783589926
TBCA	0.02745000000000175	0.8027111641619236	0.840323783589926
SLCO2A1	-0.002080000000000304	0.8027111641619236	0.840323783589926
BTG1	-0.2925000000000004	0.8027111641619236	0.840323783589926
ATF5	-0.13034500000000104	0.8086619868720486	0.8445443634200568
CSPG5	0.001174999999999926	0.8086619868720486	0.8445443634200568
TARBP2	0.039690000000000225	0.8086619868720486	0.8445443634200568
ASCC2	-0.15281000000000056	0.8086619868720486	0.8445443634200568
SSH2	0.024564999999999948	0.8086619868720486	0.8445443634200568
NOA1	0.01331500000000041	0.8086619868720486	0.8445443634200568
BCS1L	-0.08972499999999961	0.8086617860633842	0.8445443634200568
MIR6791	-0.23745000000000083	0.8086619868720486	0.8445443634200568
ACTR5	0.07230999999999987	0.8086619868720486	0.8445443634200568
ENTPD5	-0.1647999999999996	0.8086619868720486	0.8445443634200568
ARID1B	-0.12105999999999995	0.8086619868720486	0.8445443634200568
LCMT1	0.05179499999999848	0.8086619868720486	0.8445443634200568
DUSP4	0.09358999999999895	0.8086619868720486	0.8445443634200568
LOC102724002	-0.037185000000000024	0.8086619868720486	0.8445443634200568
LMNA	0.044299999999999784	0.8086619868720486	0.8445443634200568
ITGA2	0.05276999999999976	0.8086619868720486	0.8445443634200568
BATF3	0.005344999999999711	0.8086619868720486	0.8445443634200568
KLRD1	0.002755000000000063	0.8086619868720486	0.8445443634200568
LOC101929777	0.0067550000000000665	0.8086619868720486	0.8445443634200568
PTK2B	0.11995500000000003	0.8086619868720486	0.8445443634200568
VLDLR	0.019249999999999545	0.8086619868720486	0.8445443634200568
PPDPF	0.1152500000000014	0.8086619868720486	0.8445443634200568
CCDC82	-0.0473599999999994	0.8086619868720486	0.8445443634200568
WDR70	-0.08461500000000033	0.8086619868720486	0.8445443634200568
TIMM8B	0.11100000000000065	0.8086617860633842	0.8445443634200568
MECR	-0.04062999999999928	0.8086619868720486	0.8445443634200568
TOM1	-0.030770000000000408	0.8086619868720486	0.8445443634200568
TIMM8A	0.02257499999999979	0.8086619868720486	0.8445443634200568
MIR6516	-0.04635999999999996	0.8086619868720486	0.8445443634200568
RRP1	0.01375999999999955	0.8086619868720486	0.8445443634200568
LOC100506314	-0.020825000000000315	0.8086617860633842	0.8445443634200568
GADD45GIP1	-0.02705499999999983	0.8086619868720486	0.8445443634200568
ACIN1	0.03847500000000004	0.8086619868720486	0.8445443634200568
SLC11A2	-0.1262049999999988	0.8146238974125999	0.8497929917553175
GUCY1A2	0.6127500000000001	0.8146238974125999	0.8497929917553175
OGFR	-0.009929999999999772	0.8146238974125999	0.8497929917553175
LOC101928623	0.08145999999999809	0.8146238974125999	0.8497929917553175
PFAS	0.09714499999999937	0.8146238974125999	0.8497929917553175
ITGB7	0.08385499999999979	0.8146238974125999	0.8497929917553175
UBE2NL	-0.05062999999999995	0.8146238974125999	0.8497929917553175
TMEM125	-0.009405000000000108	0.8146238974125999	0.8497929917553175
MAN1B1	-0.08254500000000142	0.8146238974125999	0.8497929917553175
TEX9	-0.33887	0.8146238974125999	0.8497929917553175
ERVMER34-1	-0.12382499999999963	0.8146238974125999	0.8497929917553175
ATXN2L	0.08920499999999976	0.8146238974125999	0.8497929917553175
FAF1	-0.03971999999999909	0.8146238974125999	0.8497929917553175
ZC2HC1A	-0.08373000000000097	0.8146238974125999	0.8497929917553175
LOC730102	0.10721000000000025	0.8146238974125999	0.8497929917553175
CLGN	0.03976500000000005	0.8146238974125999	0.8497929917553175
LOC286052	-0.20546500000000023	0.8205965634745311	0.854979429959617
WDR82	-0.019600000000000506	0.8205963747364757	0.854979429959617
FBN3	-0.020199999999999996	0.8205965634745311	0.854979429959617
HRASLS2	-0.3665449999999999	0.8205965634745311	0.854979429959617
ZNF763	0.1205500000000006	0.8205965634745311	0.854979429959617
SEPT1	0.14939500000000017	0.8205965634745311	0.854979429959617
RFNG	-0.11096999999999912	0.8205965634745311	0.854979429959617
GBA2	-0.03604000000000074	0.8205965634745311	0.854979429959617
TUBA4A	0.09901499999999963	0.8205965634745311	0.854979429959617
CCDC58	-0.04224500000000031	0.8205965634745311	0.854979429959617
TMED10	-0.01860000000000106	0.8205965634745311	0.854979429959617
BCAR1	-0.008039999999999381	0.8205965634745311	0.854979429959617
TUB	0.11135000000000028	0.8205965634745311	0.854979429959617
ALKBH5	-0.07362499999999983	0.8205965634745311	0.854979429959617
CARD14	0.021765000000000256	0.8205965634745311	0.854979429959617
CCDC78	0.013185000000000002	0.8205965634745311	0.854979429959617
RDM1	-0.1076700000000006	0.8205965634745311	0.854979429959617
CELSR2	-0.10955999999999921	0.826579650876982	0.8601640766775731
KBTBD6	-0.011474999999999902	0.826579650876982	0.8601640766775731
KRT23	0.42621999999999893	0.826579650876982	0.8601640766775731
LIPG	-0.17940999999999985	0.826579650876982	0.8601640766775731
UBR2	0.030585000000000306	0.826579650876982	0.8601640766775731
GPSM3	0.00852000000000075	0.826579650876982	0.8601640766775731
C1GALT1	0.03004500000000032	0.826579650876982	0.8601640766775731
TBC1D22A	0.03217499999999962	0.826579650876982	0.8601640766775731
SF3B2	0.09881000000000029	0.826579650876982	0.8601640766775731
POLDIP2	0.10222499999999979	0.826579650876982	0.8601640766775731
TSPAN9	-0.09958999999999918	0.826579650876982	0.8601640766775731
PSMC5	-0.13315000000000055	0.8265794682240677	0.8601640766775731
NDUFA13	-0.03824999999999967	0.826579650876982	0.8601640766775731
HMGN2P46	0.017900000000000027	0.826579650876982	0.8601640766775731
FSIP1	-0.03352999999999984	0.826579650876982	0.8601640766775731
SRPX2	0.509055	0.826579650876982	0.8601640766775731
LOC100506473	-0.03825999999999974	0.8265794682240677	0.8601640766775731
CEBPZOS	-0.05457000000000001	0.832572823623252	0.8654085279977716
BRI3	-0.05259999999999998	0.8325726470873422	0.8654085279977716
TUBGCP6	0.008580000000000254	0.832572823623252	0.8654085279977716
NAA10	0.21527500000000188	0.832572823623252	0.8654085279977716
CENPBD1	-0.031235000000000568	0.832572823623252	0.8654085279977716
PNMT	-0.32287500000000025	0.832572823623252	0.8654085279977716
CD200	0.1505700000000001	0.832572823623252	0.8654085279977716
ZFP69B	-0.02383500000000005	0.832572823623252	0.8654085279977716
ELMO1	0.03463500000000064	0.832572823623252	0.8654085279977716
DPYSL3	-0.2517700000000005	0.832572823623252	0.8654085279977716
RNF187	0.005189999999998918	0.832572823623252	0.8654085279977716
PDS5A	-0.0009150000000008873	0.8325726470873422	0.8654085279977716
CAMKK2	0.06419999999999959	0.832572823623252	0.8654085279977716
RFX7	-0.01931999999999867	0.832572823623252	0.8654085279977716
C19orf66	0.053124999999999645	0.832572823623252	0.8654085279977716
HTT	-0.03929000000000027	0.832572823623252	0.8654085279977716
NUDT16	-0.056989999999999874	0.8385757439573042	0.8698426395534266
POM121	0.018970000000000375	0.8385757439573042	0.8698426395534266
DPH7	-0.0625650000000002	0.8385757439573042	0.8698426395534266
REEP4	-0.06376000000000026	0.8385755735692293	0.8698426395534266
SLA2	0.016839999999999744	0.8385757439573042	0.8698426395534266
ZNF415	-0.17720499999999983	0.8385757439573042	0.8698426395534266
PVR	0.13549000000000078	0.8385757439573042	0.8698426395534266
MFSD7	-0.005480000000000151	0.8385755735692293	0.8698426395534266
LAMA5	0.18913000000000046	0.8385757439573042	0.8698426395534266
GPR143	0.009000000000000119	0.8385757439573042	0.8698426395534266
ECI2	-0.3020449999999997	0.8385757439573042	0.8698426395534266
FAM199X	-0.08610999999999969	0.8385757439573042	0.8698426395534266
NFKBIA	0.027250000000002217	0.8385757439573042	0.8698426395534266
MLXIP	0.0797049999999988	0.8385757439573042	0.8698426395534266
FNDC10	0.20310000000000006	0.8385757439573042	0.8698426395534266
ACE	-0.018405000000000005	0.8385757439573042	0.8698426395534266
MRPS25	0.105105	0.8385757439573042	0.8698426395534266
MYCN	0.10305000000000009	0.8385757439573042	0.8698426395534266
ILF3-AS1	0.058419999999999916	0.8385757439573042	0.8698426395534266
ING3	0.033050000000000246	0.8385757439573042	0.8698426395534266
CD1E	-0.01472000000000051	0.8385757439573042	0.8698426395534266
TMEM106B	-0.2416999999999998	0.8385757439573042	0.8698426395534266
C17orf97	-0.013044999999999973	0.8385757439573042	0.8698426395534266
DERL3	-0.20424999999999915	0.8385757439573042	0.8698426395534266
ZCCHC10	0.07089500000000015	0.8385757439573042	0.8698426395534266
CA12	0.10005999999999915	0.8385757439573042	0.8698426395534266
HS6ST3	-0.05630500000000005	0.8385757439573042	0.8698426395534266
HIST1H2AK	-0.0063500000000003	0.8385757439573042	0.8698426395534266
TTC22	-0.2625799999999989	0.8385757439573042	0.8698426395534266
SIRT3	-0.34640999999999966	0.8445880724207772	0.8746422297436016
SPECC1	-0.04892500000000011	0.8445880724207772	0.8746422297436016
PRR16	0.028515000000000068	0.8445880724207772	0.8746422297436016
SPIRE2	-0.315995	0.8445880724207772	0.8746422297436016
TIGIT	0.012299999999999756	0.8445880724207772	0.8746422297436016
SCG2	-0.07053999999999983	0.8445880724207772	0.8746422297436016
MTG1	0.014650000000000496	0.8445880724207772	0.8746422297436016
LINC00672	-0.008440000000000003	0.8445880724207772	0.8746422297436016
E2F7	0.30989999999999984	0.8445880724207772	0.8746422297436016
CDADC1	-0.004150000000000098	0.8445880724207772	0.8746422297436016
NRTN	0.04783999999999988	0.8445880724207772	0.8746422297436016
APOC1	0.22155000000000058	0.8445880724207772	0.8746422297436016
LHX4-AS1	-0.051330000000000986	0.8445880724207772	0.8746422297436016
PNRC1	0.04917000000000016	0.8445880724207772	0.8746422297436016
NCL	-0.07220000000000049	0.8445879082103265	0.8746422297436016
BLVRB	-0.25631500000000074	0.8445880724207772	0.8746422297436016
ADGRF1	-0.03715500000000027	0.8445880724207772	0.8746422297436016
SRPK3	0.027534999999999865	0.8445880724207772	0.8746422297436016
SLC24A2	-0.005309999999999704	0.8445877439993553	0.8746422297436016
SMARCA2	-0.36717000000000155	0.8445879082103265	0.8746422297436016
MAP3K7CL	-0.03441499999999964	0.8445879082103265	0.8746422297436016
ANXA2P2	-0.016299999999999315	0.8445879082103265	0.8746422297436016
IKBKE	-0.042820000000000746	0.8445880724207772	0.8746422297436016
PPP6C	0.05109999999999992	0.8506094679104954	0.8796859915251541
LINC01133	-0.034965000000000135	0.8506094679104954	0.8796859915251541
DAPP1	0.026205000000000922	0.8506094679104954	0.8796859915251541
RUFY2	-0.1668050000000001	0.8506094679104954	0.8796859915251541
ARHGAP28	-0.00018999999999991246	0.8506093099064078	0.8796859915251541
UBALD2	0.0831199999999992	0.8506094679104954	0.8796859915251541
EIF5B	0.027950000000000585	0.8506093099064078	0.8796859915251541
XK	0.021704999999999863	0.8506091519018188	0.8796859915251541
DPF2	-0.01194500000000076	0.8506094679104954	0.8796859915251541
PCDHGA10	0.0044800000000000395	0.8506094679104954	0.8796859915251541
TMEM150A	0.19900500000000054	0.8506094679104954	0.8796859915251541
SGIP1	0.0019100000000000783	0.8506094679104954	0.8796859915251541
APOPT1	-0.04223500000000069	0.8506094679104954	0.8796859915251541
NEK1	0.12074000000000051	0.8506094679104954	0.8796859915251541
C4B_2	0.07124500000000111	0.8506094679104954	0.8796859915251541
SMARCA5	0.03953000000000095	0.8506094679104954	0.8796859915251541
TBCK	-0.10385499999999936	0.8506094679104954	0.8796859915251541
LGALS1	-0.11370000000000147	0.8506094679104954	0.8796859915251541
HOXD1	-0.018235000000000223	0.8506093099064078	0.8796859915251541
STK19	-0.009310000000000151	0.8566395877364571	0.8844735224393053
PIFO	-0.00703499999999968	0.8566395877364571	0.8844735224393053
SCARF2	-0.11557499999999976	0.8566395877364571	0.8844735224393053
MIA-RAB4B	0.05560500000000079	0.8566395877364571	0.8844735224393053
ANXA3	-0.15006500000000145	0.8566395877364571	0.8844735224393053
OVGP1	0.01900499999999994	0.8566395877364571	0.8844735224393053
SLC25A20	-0.31555	0.8566395877364571	0.8844735224393053
BBX	0.08163000000000054	0.8566395877364571	0.8844735224393053
CYS1	0.0817000000000001	0.8566395877364571	0.8844735224393053
LINC01207	-3.49999999997852e-05	0.8566394359664128	0.8844735224393053
C8orf4	-0.254389999999999	0.8566395877364571	0.8844735224393053
POFUT2	0.03654000000000046	0.8566395877364571	0.8844735224393053
ZNF813	0.0654950000000003	0.8566395877364571	0.8844735224393053
HBEGF	0.03420999999999985	0.8566395877364571	0.8844735224393053
MED13L	-0.3557200000000016	0.8566395877364571	0.8844735224393053
RRN3P1	-0.12970499999999952	0.8566395877364571	0.8844735224393053
LINC01297	-0.002529999999999921	0.8566395877364571	0.8844735224393053
MKRN1	0.03815500000000149	0.8566395877364571	0.8844735224393053
DEF8	0.020385000000000097	0.8566395877364571	0.8844735224393053
RCSD1	0.08910000000000018	0.8566395877364571	0.8844735224393053
C5orf66-AS1	-0.07631000000000032	0.8566394359664128	0.8844735224393053
CCDC90B	-0.08632500000000043	0.8566395877364571	0.8844735224393053
CHI3L1	0.033385000000000886	0.8566395877364571	0.8844735224393053
PRDX5	-0.06724999999999959	0.8626780876802849	0.8897593174213847
ZNF671	-0.05140000000000011	0.8626780876802849	0.8897593174213847
ST3GAL6	0.11836500000000072	0.8626780876802849	0.8897593174213847
GIT2	-0.1451999999999991	0.8626780876802849	0.8897593174213847
ZSCAN25	-0.024004999999999832	0.8626780876802849	0.8897593174213847
UBP1	0.0628100000000007	0.8626779421708975	0.8897593174213847
SEC14L1	-0.08773000000000053	0.8626780876802849	0.8897593174213847
FKBPL	-0.07078999999999969	0.8626780876802849	0.8897593174213847
PTPN22	0.05293999999999999	0.8626780876802849	0.8897593174213847
RNASEH2B	0.005184999999999995	0.8626779421708975	0.8897593174213847
SNRK	0.11124500000000026	0.8626780876802849	0.8897593174213847
ALKBH2	-0.019564999999999166	0.8626780876802849	0.8897593174213847
SP6	0.06384999999999996	0.8626780876802849	0.8897593174213847
MAP7D1	-0.000700000000000145	0.8626780876802849	0.8897593174213847
KIF3A	-0.01623000000000019	0.8626780876802849	0.8897593174213847
ANOS1	-0.2154449999999999	0.8687246220541239	0.8949786436911171
FAM168B	-0.06537499999999952	0.8687246220541239	0.8949786436911171
POC1B-GALNT4	0.051465000000000316	0.8687246220541239	0.8949786436911171
MYB	0.011580000000000368	0.8687246220541239	0.8949786436911171
GBP4	0.03526499999999988	0.8687246220541239	0.8949786436911171
PI4KAP1	-0.1237900000000014	0.8687246220541239	0.8949786436911171
ITGAL	0.011220000000000674	0.8687246220541239	0.8949786436911171
LOC101928269	0.2494999999999994	0.8687246220541239	0.8949786436911171
GOLPH3L	-0.04814000000000007	0.8687246220541239	0.8949786436911171
LPAR3	0.06408499999999995	0.8687246220541239	0.8949786436911171
RRP7A	-0.047860000000000014	0.8687246220541239	0.8949786436911171
PLOD1	-0.06923000000000101	0.8687246220541239	0.8949786436911171
ORAOV1	0.049099999999999255	0.8687246220541239	0.8949786436911171
C2orf15	-0.12585999999999986	0.8687246220541239	0.8949786436911171
SORL1	-0.09318000000000026	0.8687246220541239	0.8949786436911171
CLEC4E	-0.010905000000000165	0.8687246220541239	0.8949786436911171
ZSCAN29	-0.05242000000000058	0.874778843759968	0.9001940454281644
EEF1AKMT1	0.09277499999999961	0.874778843759968	0.9001940454281644
FAM110B	-0.38590500000000016	0.874778843759968	0.9001940454281644
WDR20	-0.01470500000000019	0.874778843759968	0.9001940454281644
HAUS5	-0.05961000000000016	0.874778843759968	0.9001940454281644
CEP295	-0.07923500000000061	0.874778843759968	0.9001940454281644
MARCH2	0.08036000000000065	0.874778843759968	0.9001940454281644
SUSD2	0.06440999999999963	0.874778843759968	0.9001940454281644
ZNF558	-0.07338000000000022	0.874778843759968	0.9001940454281644
TPK1	-0.045805000000000096	0.874778843759968	0.9001940454281644
LOC102723721	0.03940999999999972	0.874778843759968	0.9001940454281644
URGCP-MRPS24	-0.010050000000001447	0.874778843759968	0.9001940454281644
ANKRD54	-0.07461499999999965	0.874778843759968	0.9001940454281644
CTU2	0.05739500000000053	0.874778843759968	0.9001940454281644
TTC33	0.019894999999999996	0.874778843759968	0.9001940454281644
PLVAP	0.2683850000000003	0.874778843759968	0.9001940454281644
LAMA5-AS1	0.05026999999999937	0.8808404043493987	0.9054051778002525
ITGB2-AS1	-0.12647999999999993	0.8808404043493987	0.9054051778002525
SLC35C1	-0.12458500000000061	0.8808404043493987	0.9054051778002525
ZBTB5	0.21805499999999967	0.8808404043493987	0.9054051778002525
RTEL1	0.0026399999999999757	0.8808404043493987	0.9054051778002525
FER1L4	0.039610000000000145	0.8808404043493987	0.9054051778002525
PLA2G15	0.07591000000000037	0.8808404043493987	0.9054051778002525
ABCB7	-0.02445499999999967	0.8808404043493987	0.9054051778002525
TRPV2	0.034575000000000244	0.8808404043493987	0.9054051778002525
FAM111A	-0.12111499999999964	0.8808404043493987	0.9054051778002525
RNF145	-0.16720500000000094	0.8808404043493987	0.9054051778002525
VIPAS39	-0.12049999999999983	0.8808404043493987	0.9054051778002525
RC3H2	-0.007169999999998566	0.8808402777708821	0.9054051778002525
SLC45A4	0.060554999999999914	0.8808402777708821	0.9054051778002525
MIR4458	-0.12321000000000026	0.8808404043493987	0.9054051778002525
ITGB5	-0.01559999999999917	0.8808404043493987	0.9054051778002525
CCDC13	-0.021784999999999943	0.8869089540837211	0.9105473192791657
C6orf141	0.2437649999999998	0.8869089540837211	0.9105473192791657
FGF13	0.022839999999999527	0.8869089540837211	0.9105473192791657
DUS2	0.22274999999999956	0.8869089540837211	0.9105473192791657
GLUL	0.07315000000000005	0.8869089540837211	0.9105473192791657
TFIP11	-0.1914750000000005	0.8869089540837211	0.9105473192791657
CHCHD5	-0.15496	0.8869089540837211	0.9105473192791657
LOC101928160	-0.0014099999999999113	0.8869089540837211	0.9105473192791657
EXOC6B	-0.012394999999999712	0.8869089540837211	0.9105473192791657
SCAMP4	0.039494999999999614	0.8869089540837211	0.9105473192791657
KLF6	-0.16359999999999886	0.8869089540837211	0.9105473192791657
TMEM9B	0.22913499999999942	0.8869089540837211	0.9105473192791657
MSRB2	-0.01580500000000029	0.8869089540837211	0.9105473192791657
TRAF3	-0.02833000000000041	0.8869089540837211	0.9105473192791657
PTPRD	-0.2505600000000001	0.8869089540837211	0.9105473192791657
RPL13P5	0.0016400000000000858	0.8869089540837211	0.9105473192791657
MED22	0.04618999999999929	0.8869089540837211	0.9105473192791657
C15orf59	-0.10575000000000001	0.8929841419944746	0.9149732385552642
SLC37A2	-0.03507999999999978	0.8929841419944746	0.9149732385552642
NRROS	-0.08306499999999994	0.8929841419944746	0.9149732385552642
IL12RB2	0.006155000000000133	0.8929841419944746	0.9149732385552642
LBR	-0.017895000000001104	0.8929841419944746	0.9149732385552642
SNHG18	-0.017994999999999983	0.8929841419944746	0.9149732385552642
LRP10	-0.027550000000001518	0.8929841419944746	0.9149732385552642
BORCS8	-0.09705999999999992	0.8929841419944746	0.9149732385552642
ZNRF3	0.10533999999999999	0.8929841419944746	0.9149732385552642
MARS2	-0.012194999999999734	0.8929841419944746	0.9149732385552642
LRRC69	-0.09069500000000019	0.8929841419944746	0.9149732385552642
GPT2	0.22569000000000017	0.8929841419944746	0.9149732385552642
LOC154761	-0.16178500000000007	0.8929841419944746	0.9149732385552642
SYBU	0.06158000000000019	0.8929841419944746	0.9149732385552642
BTG2	-0.14297000000000004	0.8929841419944746	0.9149732385552642
PTPN6	-0.07941999999999894	0.8929841419944746	0.9149732385552642
TRG-AS1	0.09513499999999997	0.8929841419944746	0.9149732385552642
BCAS3	0.04715000000000025	0.8929841419944746	0.9149732385552642
LOC153684	0.18977999999999984	0.8929841419944746	0.9149732385552642
ZNF234	-0.04551499999999997	0.8929841419944746	0.9149732385552642
TMCO6	0.054685000000000095	0.8929841419944746	0.9149732385552642
CPNE2	0.15372500000000056	0.8929841419944746	0.9149732385552642
CNOT7	-0.09719999999999906	0.8929841419944746	0.9149732385552642
RAB8B	-0.05570500000000145	0.8929841419944746	0.9149732385552642
FKBP1A-SDCBP2	-0.07255999999999996	0.8929840281497149	0.9149732385552642
OSR2	0.09006500000000006	0.8929841419944746	0.9149732385552642
UBTF	0.05023	0.8929841419944746	0.9149732385552642
HSDL1	0.004375000000000462	0.8929841419944746	0.9149732385552642
RIBC2	-0.02768000000000015	0.8990655084970727	0.9201656829052958
JMJD8	0.05782499999999935	0.8990656159443081	0.9201656829052958
MYO1C	-0.01498999999999917	0.8990656159443081	0.9201656829052958
TNFRSF11B	-0.05806500000000003	0.8990656159443081	0.9201656829052958
OLFM1	0.53173	0.8990656159443081	0.9201656829052958
VTCN1	-0.291855	0.8990656159443081	0.9201656829052958
FEZ2	0.09283000000000108	0.8990656159443081	0.9201656829052958
RCL1	-0.09679500000000019	0.8990656159443081	0.9201656829052958
B3GNT3	-0.00712500000000027	0.8990656159443081	0.9201656829052958
CTAGE5	0.0006649999999996936	0.8990656159443081	0.9201656829052958
HECTD3	0.08827500000000033	0.8990656159443081	0.9201656829052958
MSANTD2	-0.017075000000000173	0.8990656159443081	0.9201656829052958
KRT80	-0.033504999999999896	0.8990656159443081	0.9201656829052958
HGD	-0.13215999999999983	0.8990656159443081	0.9201656829052958
RBBP9	-0.113645	0.8990656159443081	0.9201656829052958
PSMD4	-0.06390000000000029	0.8990656159443081	0.9201656829052958
ZNF500	0.06099500000000102	0.9051530226881945	0.9252873571362776
PTRHD1	0.04943499999999901	0.9051530226881945	0.9252873571362776
PUS3	-0.0847200000000008	0.9051530226881945	0.9252873571362776
INHBC	0.09444999999999926	0.9051530226881945	0.9252873571362776
FOXJ3	-0.04875999999999969	0.9051530226881945	0.9252873571362776
GZMH	-0.12568499999999982	0.9051530226881945	0.9252873571362776
MRPL10	-0.0081749999999996	0.9051530226881945	0.9252873571362776
DOT1L	-0.00663499999999928	0.9051530226881945	0.9252873571362776
KRT7	0.15452499999999958	0.9051530226881945	0.9252873571362776
MMP15	-0.11728499999999986	0.9051530226881945	0.9252873571362776
H2AFY2	0.17900500000000008	0.9051530226881945	0.9252873571362776
ST3GAL4-AS1	0.008349999999999191	0.9051530226881945	0.9252873571362776
LINC00662	0.06359000000000048	0.9051530226881945	0.9252873571362776
WARS2	0.08123500000000039	0.9051530226881945	0.9252873571362776
PPFIA4	-0.08011999999999997	0.9051530226881945	0.9252873571362776
DDX11	-0.07721999999999962	0.9051530226881945	0.9252873571362776
RPUSD2	0.01251499999999961	0.9051530226881945	0.9252873571362776
DCBLD2	0.06708499999999962	0.9112460079349739	0.9304024838101449
EFR3B	0.0020699999999997942	0.9112460079349739	0.9304024838101449
ZNF718	0.015255000000000685	0.9112460079349739	0.9304024838101449
SH3KBP1	0.06909999999999883	0.9112460079349739	0.9304024838101449
DCLRE1C	0.049000000000001265	0.9112460079349739	0.9304024838101449
ZDHHC7	0.11798499999999912	0.9112459133385062	0.9304024838101449
NACC2	0.2167349999999999	0.9112460079349739	0.9304024838101449
CPNE8	0.027390000000000025	0.9112460079349739	0.9304024838101449
MGC24103	-0.03492499999999943	0.9112460079349739	0.9304024838101449
NAA60	-0.05183500000000052	0.9112459133385062	0.9304024838101449
AQP9	0.011355000000000004	0.9112459133385062	0.9304024838101449
HRH1	0.011575000000000113	0.9112460079349739	0.9304024838101449
GLTSCR1	-0.03110999999999997	0.9112460079349739	0.9304024838101449
HAMP	-0.03360500000000011	0.9112460079349739	0.9304024838101449
LCN2	-0.4432299999999998	0.9112460079349739	0.9304024838101449
CCDC134	-0.07599000000000045	0.9112460079349739	0.9304024838101449
SGCB	-0.19127500000000097	0.9112460079349739	0.9304024838101449
NXF1	-0.2056799999999992	0.9142943901371374	0.933449320414195
TMEM119	-0.22111999999999998	0.9173442164092012	0.934723036113838
PTPRS	0.1319700000000008	0.9173442164092012	0.934723036113838
CCM2	0.011534999999999407	0.9173442164092012	0.934723036113838
SAP30BP	-0.1878650000000004	0.9173442164092012	0.934723036113838
KIF9	-0.12033999999999967	0.9173442164092012	0.934723036113838
WIPI2	-0.286859999999999	0.9173442164092012	0.934723036113838
DCTN3	0.04700500000000041	0.9173442164092012	0.934723036113838
KITLG	-0.0495000000000001	0.9173442164092012	0.934723036113838
WDR46	-0.015340000000000131	0.9173442164092012	0.934723036113838
LOC100287413	-0.027750000000000163	0.9173441282637315	0.934723036113838
TIRAP	0.06945000000000023	0.9173442164092012	0.934723036113838
NEU3	-0.07289499999999993	0.9173442164092012	0.934723036113838
MIR10A	-0.04314499999999999	0.9173442164092012	0.934723036113838
MED25	-0.01636999999999933	0.9173442164092012	0.934723036113838
MYO3B	-0.028179999999999872	0.9173442164092012	0.934723036113838
SLC46A3	-0.2571449999999995	0.9173442164092012	0.934723036113838
PVRIG	-0.08745499999999984	0.9173442164092012	0.934723036113838
TRIM36	-0.38082499999999975	0.9173442164092012	0.934723036113838
ZSWIM8-AS1	-0.003534999999999844	0.9173442164092012	0.934723036113838
BRF1	-0.035380000000000855	0.9173442164092012	0.934723036113838
PIK3R1	0.28683999999999976	0.9173442164092012	0.934723036113838
SULT4A1	-0.10506499999999974	0.9173442164092012	0.934723036113838
DGKD	-0.16403999999999996	0.9173442164092012	0.934723036113838
NKX3-1	0.0947799999999992	0.9173442164092012	0.934723036113838
PLK3	0.004010000000000957	0.9173442164092012	0.934723036113838
DCAF8	-0.09310499999999955	0.9173442164092012	0.934723036113838
HOXC6	0.08575000000000088	0.9173441282637315	0.934723036113838
MAP3K1	-0.14660000000000117	0.9173442164092012	0.934723036113838
TMEM87A	-0.0823999999999998	0.9234472102343844	0.9394914931459108
MFSD13A	0.024684999999999846	0.9234472919132855	0.9394914931459108
ZDHHC18	0.0032500000000004192	0.9234472919132855	0.9394914931459108
FZD5	0.14798500000000026	0.9234472919132855	0.9394914931459108
VAMP1	-0.08179999999999943	0.9234472919132855	0.9394914931459108
MIR3682	-0.062379999999999214	0.9234472919132855	0.9394914931459108
PGAP3	-0.40184000000000086	0.9234472919132855	0.9394914931459108
KHDRBS3	-0.02935499999999891	0.9234472919132855	0.9394914931459108
NDUFA2	-0.13775000000000048	0.9234472102343844	0.9394914931459108
PEG10	0.08653499999999781	0.9234472919132855	0.9394914931459108
LOC284219	-0.019049999999999123	0.9234472919132855	0.9394914931459108
DMPK	0.06128999999999962	0.9234472919132855	0.9394914931459108
CASP1	0.018469999999998876	0.9234472919132855	0.9394914931459108
TMA7	-0.007600000000000051	0.9234472102343844	0.9394914931459108
GPR137C	-0.026915000000000244	0.9234472102343844	0.9394914931459108
SLC43A2	-0.003655000000000186	0.9234472919132855	0.9394914931459108
ARX	-0.0001849999999998797	0.9234472102343844	0.9394914931459108
EIF1	0.08554999999999957	0.9234471285552219	0.9394914931459108
ARNTL	0.08412000000000042	0.9234472919132855	0.9394914931459108
DHRS12	0.1538149999999998	0.9234472919132855	0.9394914931459108
FLJ46875	-0.1376050000000002	0.9234472919132855	0.9394914931459108
MED26	0.04659999999999975	0.9234472919132855	0.9394914931459108
MRPS30	-0.24940499999999943	0.9295548773898997	0.9441838098521455
DNPEP	0.01933499999999988	0.9295548773898997	0.9441838098521455
MUM1L1	-0.0670799999999998	0.9295548773898997	0.9441838098521455
SNRNP200	-0.001020000000000465	0.9295548773898997	0.9441838098521455
RSPH1	0.03568499999999997	0.9295548773898997	0.9441838098521455
BORCS5	-0.012154999999999916	0.9295548773898997	0.9441838098521455
KPNA5	-0.1490999999999989	0.9295548773898997	0.9441838098521455
C2orf54	-0.023165000000000102	0.9295548773898997	0.9441838098521455
LONP1	0.05002500000000154	0.9295548773898997	0.9441838098521455
LINC00959	-0.10618499999999997	0.9295548773898997	0.9441838098521455
EOMES	0.12081999999999926	0.9295548773898997	0.9441838098521455
SPRR3	-0.0033799999999999386	0.9295548773898997	0.9441838098521455
MIR4784	-0.2528199999999998	0.9295548773898997	0.9441838098521455
HLA-DQB2	-0.1796850000000001	0.9295548773898997	0.9441838098521455
PCDH7	-0.03873000000000015	0.9295548773898997	0.9441838098521455
VAX2	0.020764999999999922	0.9295548773898997	0.9441838098521455
ELOVL6	0.13268500000000039	0.9295548773898997	0.9441838098521455
SERPINB2	-0.015134999999999899	0.9295548773898997	0.9441838098521455
VNN1	-0.03100000000000014	0.9295548773898997	0.9441838098521455
TANK	-0.06499499999999969	0.9295548773898997	0.9441838098521455
SLC30A8	0.03157500000000013	0.9295548773898997	0.9441838098521455
ATG4D	0.12575499999999984	0.9295548773898997	0.9441838098521455
WRN	-9.999999999621423e-06	0.9295548773898997	0.9441838098521455
SAV1	-0.2994249999999994	0.9356666149846433	0.9493293217918669
IMPDH1	-0.0006250000000003197	0.9356666149846433	0.9493293217918669
C10orf12	0.051465000000000316	0.9356666149846433	0.9493293217918669
PANK1	-0.09537999999999958	0.9356666149846433	0.9493293217918669
CDSN	0.006450000000000067	0.9356666149846433	0.9493293217918669
PLIN2	-0.18330999999999875	0.9356666149846433	0.9493293217918669
NRK	-0.2711400000000004	0.9356666149846433	0.9493293217918669
BRAT1	-0.017029999999999212	0.9356666149846433	0.9493293217918669
ING5	-0.00962500000000066	0.9356666149846433	0.9493293217918669
LINC00921	0.036620000000000985	0.9356666149846433	0.9493293217918669
PGGT1B	-0.053330000000000766	0.9356666149846433	0.9493293217918669
FAM46C	0.15278999999999954	0.9356666149846433	0.9493293217918669
DEPTOR	0.044484999999999886	0.9356666149846433	0.9493293217918669
TMEM98	0.03609000000000151	0.9356666149846433	0.9493293217918669
C6orf226	-0.007324999999999804	0.9356666149846433	0.9493293217918669
RHOT1	-0.15908499999999925	0.9356666149846433	0.9493293217918669
CNOT9	-0.06627500000000008	0.94178214610894	0.9543339840760607
TXNDC11	-0.01855999999999991	0.94178214610894	0.9543339840760607
PCNX2	-0.31527499999999975	0.94178214610894	0.9543339840760607
RPS6KA3	0.00696500000000011	0.94178214610894	0.9543339840760607
RUFY3	-0.014000000000001123	0.94178214610894	0.9543339840760607
NR4A1	0.08066499999999976	0.94178214610894	0.9543339840760607
H2BFXP	-0.1251549999999999	0.94178214610894	0.9543339840760607
RALGAPA1	-0.16913499999999893	0.9417820839117987	0.9543339840760607
PLEK2	-0.07925999999999966	0.94178214610894	0.9543339840760607
ZCCHC6	-0.0027500000000006963	0.94178214610894	0.9543339840760607
MCPH1	0.004954999999999821	0.94178214610894	0.9543339840760607
IL6	-0.13540499999999978	0.94178214610894	0.9543339840760607
ATPAF1	0.02861000000000047	0.94178214610894	0.9543339840760607
PCDHGA4	0.027264999999999873	0.94178214610894	0.9543339840760607
ATP11B	0.12372499999999853	0.94178214610894	0.9543339840760607
ZNF542P	-0.025960000000000427	0.94178214610894	0.9543339840760607
THBD	-0.11061999999999994	0.94178214610894	0.9543339840760607
ASAH1	-0.052949999999999164	0.9417820839117987	0.9543339840760607
SERPINB7	-0.12783999999999995	0.9479011115031517	0.958995397885521
PIH1D1	-0.0638249999999978	0.9479011115031517	0.958995397885521
OIP5-AS1	-0.19030000000000058	0.9479011115031517	0.958995397885521
OTUD1	-0.09024500000000124	0.9479011115031517	0.958995397885521
PADI3	-0.061635000000000106	0.9479011115031517	0.958995397885521
CCNA1	-0.022299999999999764	0.9479011115031517	0.958995397885521
TSR2	-0.06770999999999994	0.9479010558234718	0.958995397885521
TARP	0.3620000000000001	0.9479011115031517	0.958995397885521
LOC643549	-0.001875000000000071	0.9479011115031517	0.958995397885521
ZDHHC21	-0.02077000000000062	0.9479011115031517	0.958995397885521
TTC21A	0.024865000000000137	0.9479011115031517	0.958995397885521
PIGK	0.022984999999999367	0.9479011115031517	0.958995397885521
SLC35E2B	-0.3509499999999992	0.9479010558234718	0.958995397885521
ENDOD1	0.08778499999999934	0.9479011115031517	0.958995397885521
GLT8D1	-0.0611650000000008	0.9479011115031517	0.958995397885521
WNK3	-0.046170000000000044	0.9479011115031517	0.958995397885521
SLC6A9	-0.053149999999999586	0.9479011115031517	0.958995397885521
PRELID3A	-0.022379999999999622	0.9479011115031517	0.958995397885521
ADGRG1	-0.05677000000000021	0.9479010558234718	0.958995397885521
PRKAR1A	-0.027699999999999392	0.9479010558234718	0.958995397885521
AP1G2	-0.053119999999999834	0.9479011115031517	0.958995397885521
TIMM13	-0.009000000000000341	0.9479011115031517	0.958995397885521
GCFC2	0.02756000000000025	0.9479011115031517	0.958995397885521
GPC6	0.46687999999999974	0.9540231512998908	0.9636450026554229
WDR18	-0.024179999999999424	0.9540231512998908	0.9636450026554229
LOC101929122	-0.007410000000000139	0.9540231512998908	0.9636450026554229
CD27	-0.029889999999999972	0.9540231512998908	0.9636450026554229
SRPK2	-0.06160500000000013	0.9540231021475294	0.9636450026554229
PRMT7	-0.003295000000000492	0.9540231512998908	0.9636450026554229
MTHFR	-0.06327499999999997	0.9540231512998908	0.9636450026554229
TOLLIP	0.034734999999999516	0.9540231512998908	0.9636450026554229
WDR44	0.027995000000000658	0.9540231512998908	0.9636450026554229
CYP2E1	-0.029585000000000417	0.9540231512998908	0.9636450026554229
MBD1	-0.05569000000000024	0.9540231512998908	0.9636450026554229
ALDH6A1	-0.19534999999999947	0.9540231512998908	0.9636450026554229
LINC00894	-0.04730499999999971	0.9540231512998908	0.9636450026554229
CRYM	0.02098500000000003	0.9540231512998908	0.9636450026554229
FRMD8P1	0.0033999999999996255	0.9540230529950102	0.9636450026554229
SLC8B1	0.08485999999999994	0.9540231512998908	0.9636450026554229
ATF7IP2	-0.05586999999999964	0.9540231512998908	0.9636450026554229
LOC101928830	0.06444999999999901	0.9540231512998908	0.9636450026554229
LOC100288675	-0.13794499999999932	0.9540231512998908	0.9636450026554229
BMF	0.018615000000000492	0.9540231512998908	0.9636450026554229
STK35	-0.06349999999999945	0.9540231512998908	0.9636450026554229
FHOD3	-0.020925000000000082	0.9540231512998908	0.9636450026554229
PSMD9	0.027639999999999887	0.9540231512998908	0.9636450026554229
CCDC18-AS1	-0.3551000000000002	0.960147862471172	0.9688207252418588
NR2C1	-0.12593500000000013	0.960147862471172	0.9688207252418588
SLC23A2	-0.022710000000000008	0.9601479050875108	0.9688207252418588
LZIC	-0.17476000000000091	0.9601479050875108	0.9688207252418588
SLC25A38	0.05349999999999966	0.9601479050875108	0.9688207252418588
ANKRD36BP2	-0.009075000000000166	0.9601479050875108	0.9688207252418588
SEPW1	0.010849999999999582	0.9601479050875108	0.9688207252418588
CEACAM19	0.05344500000000085	0.9601479050875108	0.9688207252418588
PKP3	-0.1781000000000006	0.9601479050875108	0.9688207252418588
ANKRD11	-0.06721000000000021	0.9601479050875108	0.9688207252418588
VIM	-0.13824999999999932	0.960147862471172	0.9688207252418588
PRSS3	-0.04459500000000016	0.960147862471172	0.9688207252418588
BEND6	-0.011719999999999953	0.9601479050875108	0.9688207252418588
SLITRK6	-0.25462500000000077	0.9601479050875108	0.9688207252418588
CXCR1	0.0015249999999999986	0.9601479050875108	0.9688207252418588
HTR2B	-0.06223499999999982	0.9662750119737582	0.9735150356516523
KMT5C	-0.08203000000000049	0.966274975900991	0.9735150356516523
GLE1	-0.10546500000000059	0.9662750119737582	0.9735150356516523
ZNF382	0.04209000000000085	0.9662750119737582	0.9735150356516523
LOC158863	-0.05787499999999968	0.9662750119737582	0.9735150356516523
DACH1	0.23601500000000009	0.9662750119737582	0.9735150356516523
MFSD9	-0.06781000000000015	0.9662750119737582	0.9735150356516523
PPOX	-0.07613999999999965	0.9662750119737582	0.9735150356516523
MIR6849	-0.10441999999999929	0.9662750119737582	0.9735150356516523
MINCR	-0.04737500000000061	0.9662750119737582	0.9735150356516523
IL6ST	-0.46919999999999895	0.9662750119737582	0.9735150356516523
LOC100272216	-0.00791000000000075	0.9662750119737582	0.9735150356516523
LINC00998	0.02688499999999827	0.9662750119737582	0.9735150356516523
KRI1	-0.20784499999999984	0.9662750119737582	0.9735150356516523
MATN1-AS1	0.02082000000000006	0.9662749398281081	0.9735150356516523
SOX6	0.05481500000000139	0.9662750119737582	0.9735150356516523
TSNAX-DISC1	-0.05853000000000019	0.9662750119737582	0.9735150356516523
HS1BP3	0.016904999999999504	0.9662750119737582	0.9735150356516523
TBC1D10C	-0.08711500000000028	0.9662750119737582	0.9735150356516523
LHFPL2	-0.0740949999999998	0.9662750119737582	0.9735150356516523
SIGLEC10	0.011795000000000222	0.9662750119737582	0.9735150356516523
CCDC142	-0.02163999999999966	0.966274975900991	0.9735150356516523
LINC00493	-0.006450000000000955	0.9724041106495663	0.9784003668574103
TIGD1	-0.2411999999999992	0.9724041106495663	0.9784003668574103
MAP3K14	0.032624999999999904	0.9724041106495663	0.9784003668574103
TP53TG1	0.07375500000000024	0.9724041106495663	0.9784003668574103
OXLD1	-0.06591500000000039	0.9724041106495663	0.9784003668574103
NOM1	0.07599000000000089	0.9724041106495663	0.9784003668574103
PTPRK	-0.15854999999999997	0.9724041106495663	0.9784003668574103
C6orf89	-0.09901999999999944	0.972404081126762	0.9784003668574103
POLR2F	0.017949999999999022	0.9724041106495663	0.9784003668574103
NEMF	-0.012900000000000134	0.9724041106495663	0.9784003668574103
AQP3	-0.06066000000000038	0.9724041106495663	0.9784003668574103
ADGRL1	-0.03483999999999998	0.9724041106495663	0.9784003668574103
TRIM58	-0.02554999999999996	0.9724041106495663	0.9784003668574103
MYCL	-0.0021500000000003183	0.9724041106495663	0.9784003668574103
ZNF112	-0.22664499999999954	0.9724041106495663	0.9784003668574103
PSAP	0.04344999999999821	0.9724041106495663	0.9784003668574103
MARCO	0.07154500000000041	0.9724041106495663	0.9784003668574103
SNRPA	-0.04176999999999964	0.9724041106495663	0.9784003668574103
CDC42EP4	-0.1134599999999999	0.9724041106495663	0.9784003668574103
BCAP31	0.07915000000000028	0.975469241409566	0.9814164004260577
FEM1B	-0.004475000000001117	0.9785348394529716	0.9828664364736516
DYX1C1-CCPG1	0.19393500000000063	0.9785348394529716	0.9828664364736516
NFKBIZ	-0.09495499999999879	0.9785348394529716	0.9828664364736516
DLX3	0.003964999999999996	0.9785348164853619	0.9828664364736516
EHBP1L1	-0.022954999999999615	0.9785348394529716	0.9828664364736516
GPR158	0.003935000000000244	0.9785348394529716	0.9828664364736516
SCARNA13	0.0004450000000000287	0.9785348394529716	0.9828664364736516
NGEF	-0.285755	0.9785348394529716	0.9828664364736516
DECR2	0.03946000000000005	0.9785348394529716	0.9828664364736516
LOC101060817	0.005349999999999966	0.9785348394529716	0.9828664364736516
CHST14	-0.10778999999999961	0.9785348394529716	0.9828664364736516
SLC40A1	-0.15995000000000026	0.9785348394529716	0.9828664364736516
PALM2	-0.11082500000000017	0.9785348394529716	0.9828664364736516
TMEM99	-0.15536999999999956	0.9785348394529716	0.9828664364736516
EPS8	-0.07890000000000086	0.9785348394529716	0.9828664364736516
UGP2	0.09805000000000064	0.9785348164853619	0.9828664364736516
INO80B-WBP1	-0.07272000000000034	0.9785348164853619	0.9828664364736516
DPH6	0.04234999999999989	0.9785348394529716	0.9828664364736516
AUTS2	-0.20110000000000028	0.9785348394529716	0.9828664364736516
GRIPAP1	-0.11266500000000068	0.9785348394529716	0.9828664364736516
TDRD1	-0.04732499999999984	0.9785348394529716	0.9828664364736516
ULK4	0.00341500000000039	0.9785348394529716	0.9828664364736516
KLF7	0.15854500000000016	0.9785348394529716	0.9828664364736516
ZMAT2	0.0910100000000007	0.9785348394529716	0.9828664364736516
LINC00116	-0.03886000000000056	0.9846668364331341	0.9876593313083281
LAS1L	-0.04922000000000004	0.9846668364331341	0.9876593313083281
MAT2A	-0.012249999999998096	0.9846668200247899	0.9876593313083281
TRIL	0.009294999999999831	0.9846668364331341	0.9876593313083281
ALG10	0.013479999999999936	0.9846668364331341	0.9876593313083281
ACAD9	0.002650000000000041	0.9846668364331341	0.9876593313083281
PNRC2	-0.15225000000000044	0.9846668364331341	0.9876593313083281
DGAT1	-0.30814499999999967	0.9846668200247899	0.9876593313083281
FTCDNL1	-0.024335000000000218	0.9846668364331341	0.9876593313083281
TSKU	-0.16420999999999975	0.9846668364331341	0.9876593313083281
VDAC3	0.01944999999999908	0.9846668364331341	0.9876593313083281
GAREM1	-0.028570000000000206	0.9846668364331341	0.9876593313083281
MIR4657	0.027429999999998955	0.9846668364331341	0.9876593313083281
CCT6B	-0.05419499999999999	0.9846668364331341	0.9876593313083281
ABHD13	-0.06700499999999998	0.9846668364331341	0.9876593313083281
FOXCUT	0.013220000000000454	0.9846668364331341	0.9876593313083281
GJA5	-0.10935499999999987	0.9846668364331341	0.9876593313083281
HINT1	-0.06824999999999903	0.9846668364331341	0.9876593313083281
PP12719	0.04347499999999993	0.9846668364331341	0.9876593313083281
QPRT	-0.09970999999999997	0.9846668364331341	0.9876593313083281
IL18R1	0.0021500000000003183	0.9907997295682744	0.9925768360773016
DNAJC8	-0.06953999999999994	0.9907997394144445	0.9925768360773016
EIF3E	-0.013350000000000861	0.9907997394144445	0.9925768360773016
SHMT2	-0.08017499999999878	0.9907997394144445	0.9925768360773016
LOC285902	0.08034499999999989	0.9907997394144445	0.9925768360773016
EIF3M	0.07140000000000057	0.9907997197220726	0.9925768360773016
SH3BP5L	-0.025779999999999248	0.9907997394144445	0.9925768360773016
NEPRO	-0.06249500000000019	0.9907997394144445	0.9925768360773016
DACT3	-0.016655000000000086	0.9907997295682744	0.9925768360773016
GDI1	-0.013374999999999915	0.9907997394144445	0.9925768360773016
GREB1	-1.2786149999999998	0.9907997394144445	0.9925768360773016
MPC1	-0.12894000000000005	0.9907997394144445	0.9925768360773016
CD7	0.04930000000000012	0.9907997394144445	0.9925768360773016
STAP1	0.04737999999999998	0.9907997394144445	0.9925768360773016
EXT2	-0.05056500000000064	0.9907997394144445	0.9925768360773016
KIAA1958	-0.19480499999999967	0.9907997394144445	0.9925768360773016
KLHL26	0.025744999999999685	0.9907997394144445	0.9925768360773016
EFNB2	-0.3716000000000008	0.9907997394144445	0.9925768360773016
SFRP4	-0.3030149999999985	0.996933186060696	0.99748268761013
MIR4800	-0.016579999999999373	0.996933186060696	0.99748268761013
TTC39B	0.016460000000000363	0.996933186060696	0.99748268761013
METTL2B	-0.02552999999999983	0.9969331794961841	0.99748268761013
ADAMTS14	-0.07642499999999997	0.996933186060696	0.99748268761013
NECAB3	-0.09353499999999926	0.996933186060696	0.99748268761013
PAX8-AS1	0.24214499999999894	0.996933186060696	0.99748268761013
AIM1	-0.13304000000000116	0.996933186060696	0.99748268761013
LINC00960	-0.06342999999999943	0.9969331827784453	0.99748268761013
ZNF780A	0.002275000000000027	0.996933186060696	0.99748268761013
CYAT1	0.047849999999998616	0.996933186060696	0.99748268761013
AP1B1	0.020019999999999705	0.996933186060696	0.99748268761013
GFER	0.024854999999999627	0.996933186060696	0.99748268761013
NME5	0.058844999999999814	0.996933186060696	0.99748268761013
C14orf80	-0.04437999999999942	0.996933186060696	0.99748268761013
CHMP2A	-0.09069999999999823	0.996933186060696	0.99748268761013
CYP4X1	-0.179875	0.996933186060696	0.99748268761013
CRADD	-0.13015500000000024	0.996933186060696	0.99748268761013
FBXL3	-0.24719999999999942	1.0	1.0
POLR1C	-0.07147000000000059	1.0	1.0
BCR	-0.15138500000000032	1.0	1.0
NDRG4	0.15063499999999985	1.0	1.0
MRPS26	-0.15513499999999958	1.0	1.0
HCG11	-0.025100000000000122	1.0	1.0
SLC25A3	0.000700000000000145	1.0	1.0
DPH2	0.008090000000000153	1.0	1.0
