sample	GSM	risk	OS_years	OS_event	pam50_subtype	instrument_model
F1	GSM2528079	-1.0712909151547034	6.480492813141684	0	Basal	HiSeq 2000
F2	GSM2528080	-3.2852891360892302	6.480492813141684	0	LumA	HiSeq 2000
F3	GSM2528081	0.23084557714380882	5.935660506502396	1	LumB	HiSeq 2000
F4	GSM2528082	-3.0926077888624577	6.614647501711157	0	LumA	HiSeq 2000
F5	GSM2528083	-3.6791102446062984	6.54072553045859	0	Normal	HiSeq 2000
F6	GSM2528084	-1.176664561337331	6.496919917864476	0	Basal	HiSeq 2000
F7	GSM2528085	-3.6273907442211546	6.598220396988364	0	Normal	NextSeq 500
F8	GSM2528086	-4.291575048012762	6.537987679671458	0	Normal	NextSeq 500
F9	GSM2528087	-1.4459139776823942	6.5160848733744015	0	Her2	HiSeq 2000
F10	GSM2528088	-2.835192608102597	6.362765229295003	0	LumA	HiSeq 2000
F11	GSM2528089	-1.9485885808714078	6.480492813141684	0	LumA	HiSeq 2000
F12	GSM2528090	-1.319111579423492	5.371663244353183	1	LumB	HiSeq 2000
F13	GSM2528091	-2.885271648141003	6.507871321013004	0	LumA	HiSeq 2000
F14	GSM2528092	-2.203499884159054	6.469541409993155	0	LumA	HiSeq 2000
F15	GSM2528093	-2.6144339989782526	6.537987679671458	0	LumA	HiSeq 2000
F16	GSM2528094	0.32587512843656846	6.584531143052704	0	Basal	HiSeq 2000
F17	GSM2528095	-3.5314532579046136	6.464065708418891	0	LumA	HiSeq 2000
F18	GSM2528096	-3.2573537177901444	3.898699520876112	1	LumA	HiSeq 2000
F19	GSM2528097	-2.214141231246653	6.286105407255304	0	LumA	HiSeq 2000
F20	GSM2528098	-3.763449549348096	6.581793292265571	0	LumA	HiSeq 2000
F21	GSM2528099	-0.5981481404881803	6.346338124572211	0	Her2	HiSeq 2000
F22	GSM2528100	-3.5486322840441322	5.062286105407256	1	LumA	HiSeq 2000
F23	GSM2528101	-1.0486676909511894	6.160164271047228	0	LumB	HiSeq 2000
F24	GSM2528102	-4.658580073538863	6.0889801505817935	0	LumA	HiSeq 2000
F25	GSM2528103	-3.6189305148652897	4.120465434633813	1	LumA	HiSeq 2000
F26	GSM2528104	-2.8420706333888477	6.412046543463381	0	LumA	HiSeq 2000
F27	GSM2528105	-0.17453764962257062	6.5160848733744015	0	Her2	HiSeq 2000
F28	GSM2528106	-0.45275492592280947	6.176591375770021	0	Her2	HiSeq 2000
F29	GSM2528107	-0.9750260838051766	2.6666666666666665	1	Her2	HiSeq 2000
F30	GSM2528108	-2.7602924613212667	6.099931553730322	0	LumA	HiSeq 2000
F31	GSM2528109	-2.8442196709705967	6.327173169062286	0	LumA	HiSeq 2000
F32	GSM2528110	-3.336100591021509	6.33264887063655	0	LumA	HiSeq 2000
F33	GSM2528111	-2.5353872782550853	6.116358658453114	0	LumA	HiSeq 2000
F34	GSM2528112	-1.8649560381020756	6.3874058863791925	0	LumB	HiSeq 2000
F35	GSM2528113	-2.6242634387049537	6.392881587953457	0	LumB	HiSeq 2000
F36	GSM2528114	-1.9011006286385352	6.447638603696099	0	LumB	HiSeq 2000
F37	GSM2528115	-2.1931751672127637	5.683778234086242	0	LumA	HiSeq 2000
F38	GSM2528116	-2.1345218057878013	6.253251197809719	0	LumA	HiSeq 2000
F39	GSM2528117	-1.430102375193687	1.9849418206707734	1	LumB	HiSeq 2000
F40	GSM2528118	-0.989920673557258	6.105407255304586	0	Normal	HiSeq 2000
F41	GSM2528119	-4.221928360703953	6.461327857631759	0	LumA	HiSeq 2000
F42	GSM2528120	-3.3652572483350336	6.4284736481861735	0	LumA	HiSeq 2000
F43	GSM2528121	-1.147653908031368	6.409308692676249	0	Her2	HiSeq 2000
F44	GSM2528122	-3.4139415200615826	6.286105407255304	0	LumA	HiSeq 2000
F45	GSM2528123	-2.2074307682011516	6.447638603696099	0	Her2	HiSeq 2000
F46	GSM2528124	-3.2218240667819362	1.1334702258726899	1	LumA	HiSeq 2000
F47	GSM2528125	-4.334922668104996	6.16290212183436	0	LumA	HiSeq 2000
F48	GSM2528126	-0.3765488892681259	6.160164271047228	0	Basal	HiSeq 2000
F49	GSM2528127	-0.09801964897717273	3.3182751540041067	1	Her2	HiSeq 2000
F50	GSM2528128	-2.6330741375862394	6.288843258042436	0	LumA	HiSeq 2000
F51	GSM2528129	-1.9441209374267494	2.5270362765229293	1	Normal	HiSeq 2000
F52	GSM2528130	-2.7681627361398795	6.277891854893908	0	LumA	HiSeq 2000
F53	GSM2528131	-3.4034808145990643	6.327173169062286	0	LumA	HiSeq 2000
F54	GSM2528132	-1.9260469452393096	6.064339493497604	0	Her2	HiSeq 2000
F55	GSM2528133	-5.656335196943058	5.779603011635865	0	LumA	HiSeq 2000
F56	GSM2528134	-3.1371071835776965	6.26694045174538	0	LumA	HiSeq 2000
F57	GSM2528135	-1.6920209643970034	6.069815195071868	0	LumB	HiSeq 2000
F58	GSM2528136	-2.8836183042345476	5.541409993155373	0	Her2	HiSeq 2000
F59	GSM2528137	-1.471911896267169	5.549623545516769	0	Her2	HiSeq 2000
F60	GSM2528138	-2.2899919605019274	5.505817932922656	0	LumA	HiSeq 2000
F61	GSM2528139	-3.938197419497481	6.0889801505817935	0	LumA	HiSeq 2000
F62	GSM2528140	-2.170842890100603	6.2121834360027375	0	LumB	HiSeq 2000
F63	GSM2528141	-1.667383984277443	6.193018480492813	0	Her2	HiSeq 2000
F64	GSM2528142	-3.6125235082412495	6.195756331279945	0	LumA	HiSeq 2000
F65	GSM2528143	-3.153330718503558	6.209445585215605	0	LumA	HiSeq 2000
F66	GSM2528144	-1.2661932573980186	6.102669404517454	0	LumB	HiSeq 2000
F67	GSM2528145	-1.4499110017696542	6.121834360027378	0	Her2	HiSeq 2000
F68	GSM2528146	-1.2071571758475559	6.165639972621492	0	LumB	HiSeq 2000
F69	GSM2528147	-2.554019072148333	5.971252566735113	0	LumB	HiSeq 2000
F70	GSM2528148	-5.1854091253332575	5.7440109514031485	0	Her2	HiSeq 2000
F71	GSM2528149	-2.602825943541137	6.0424366872005475	0	LumA	HiSeq 2000
F72	GSM2528150	-3.1451381283151587	6.028747433264887	0	LumB	HiSeq 2000
F73	GSM2528151	-2.743636401107046	4.1067761806981515	1	Basal	HiSeq 2000
F74	GSM2528152	-4.629388166798905	6.108145106091718	0	LumA	HiSeq 2000
F75	GSM2528153	-1.145332513451024	6.083504449007529	0	LumB	HiSeq 2000
F76	GSM2528154	-2.1404936916958883	5.620807665982204	0	LumA	HiSeq 2000
F77	GSM2528155	-2.6532413023000876	6.083504449007529	0	LumA	HiSeq 2000
F78	GSM2528156	-2.0878668488397265	6.069815195071868	0	LumA	HiSeq 2000
F79	GSM2528157	-3.8893818979489496	6.009582477754963	0	LumA	HiSeq 2000
F80	GSM2528158	-0.896651843040224	5.990417522245037	0	Basal	HiSeq 2000
F81	GSM2528159	-4.342715632853126	4.780287474332649	1	LumA	HiSeq 2000
F82	GSM2528160	-1.701214965211808	6.006844626967831	0	Her2	HiSeq 2000
F83	GSM2528161	-2.839170855758127	2.4668035592060233	1	LumA	HiSeq 2000
F84	GSM2528162	-2.7067949763171417	3.260780287474333	1	LumA	HiSeq 2000
F85	GSM2528163	-2.270623015968788	5.8288843258042435	0	LumA	HiSeq 2000
F86	GSM2528164	-2.647295773269977	5.8507871321013	0	LumB	HiSeq 2000
F87	GSM2528165	-4.062435458441664	5.607118412046543	0	LumA	HiSeq 2000
F88	GSM2528166	-3.3251067130663703	6.028747433264887	0	LumA	HiSeq 2000
F89	GSM2528167	-2.664992087945413	5.702943189596167	0	LumA	HiSeq 2000
F90	GSM2528168	-2.425681237395792	5.801505817932923	0	LumA	HiSeq 2000
F91	GSM2528169	-2.347508093455744	5.163586584531143	1	LumB	HiSeq 2000
F92	GSM2528170	-3.626262818577991	5.965776865160849	0	LumA	HiSeq 2000
F93	GSM2528171	-2.254612870088412	5.541409993155373	0	LumA	HiSeq 2000
F94	GSM2528172	-1.5660367440691567	5.891854893908282	0	LumB	HiSeq 2000
F95	GSM2528173	-1.504892716058159	5.5277207392197125	0	LumB	HiSeq 2000
F96	GSM2528174	-1.2103865449133864	5.949349760438056	0	Basal	HiSeq 2000
F97	GSM2528175	-3.272516841417847	5.949349760438056	0	LumA	HiSeq 2000
F98	GSM2528176	-3.0733566988280745	5.19917864476386	0	Her2	HiSeq 2000
F99	GSM2528177	-2.6019743341439243	5.519507186858316	0	LumA	HiSeq 2000
F100	GSM2528178	-3.8961124130323737	5.368925393566051	0	LumA	HiSeq 2000
F101	GSM2528179	-1.2552496780072173	5.66735112936345	0	LumB	HiSeq 2000
F102	GSM2528180	-1.4748115766391112	5.71937029431896	0	LumB	HiSeq 2000
F103	GSM2528181	-2.9716979246261075	5.867214236824093	0	LumA	HiSeq 2000
F104	GSM2528182	-1.6950996762213633	5.853524982888432	0	LumB	HiSeq 2000
F105	GSM2528183	-2.4598023751757037	5.645448323066393	0	LumA	HiSeq 2000
F106	GSM2528184	-3.016973679435886	4.610540725530458	1	LumA	HiSeq 2000
F107	GSM2528185	-1.908159801336966	4.2792607802874745	1	Basal	HiSeq 2000
F108	GSM2528186	-3.956813729684355	5.401779603011636	0	LumA	HiSeq 2000
F109	GSM2528187	-5.018262666384985	5.724845995893224	0	LumB	HiSeq 2000
F110	GSM2528188	-6.72412518733203	5.735797399041752	0	LumA	HiSeq 2000
F111	GSM2528189	-2.8305642892056055	5.549623545516769	0	LumA	HiSeq 2000
F112	GSM2528190	-2.393549426643009	5.798767967145791	0	LumB	HiSeq 2000
F113	GSM2528191	-2.8115998060051544	5.66735112936345	0	LumA	HiSeq 2000
F114	GSM2528192	-2.5112852938155363	5.68104038329911	0	LumA	HiSeq 2000
F115	GSM2528193	-2.071053238792394	5.3552361396303905	0	Her2	HiSeq 2000
F116	GSM2528194	-2.3523475867983743	5.776865160848733	0	LumB	HiSeq 2000
F117	GSM2528195	-3.102517794817171	1.7221081451060918	1	LumA	HiSeq 2000
F118	GSM2528196	-3.363309449084037	5.549623545516769	0	LumA	HiSeq 2000
F119	GSM2528197	-2.7679037184626267	5.4072553045859	0	LumB	HiSeq 2000
F120	GSM2528198	-4.890135033865603	5.393566050650239	0	LumA	HiSeq 2000
F121	GSM2528199	-5.061366326432383	5.560574948665297	0	LumA	HiSeq 2000
F122	GSM2528200	-3.95049467677921	5.563312799452429	0	LumA	HiSeq 2000
F123	GSM2528201	-4.109157942884211	5.563312799452429	0	LumA	HiSeq 2000
F124	GSM2528202	-3.529880990051619	5.757700205338809	0	LumA	HiSeq 2000
F125	GSM2528203	-2.644895163074521	5.722108145106092	0	LumA	HiSeq 2000
F126	GSM2528204	-2.427235034712901	5.598904859685147	0	LumA	HiSeq 2000
F127	GSM2528205	-0.95898885436274	5.451060917180014	0	Her2	HiSeq 2000
F128	GSM2528206	-3.2345816645686916	2.5489390828199863	1	LumA	HiSeq 2000
F129	GSM2528207	-2.52492660364832	5.607118412046543	0	LumA	HiSeq 2000
F130	GSM2528208	-2.20810574498086	5.642710472279261	0	LumA	HiSeq 2000
F131	GSM2528209	-3.7854500111090954	5.1827515400410675	0	LumA	HiSeq 2000
F132	GSM2528210	-2.854233419654468	5.661875427789186	0	LumA	HiSeq 2000
F133	GSM2528211	-3.311875439894387	5.639972621492129	0	LumA	HiSeq 2000
F134	GSM2528212	-3.0275945998078195	4.553045859000685	0	Her2	HiSeq 2000
F135	GSM2528213	-2.5035403841782724	5.618069815195072	0	LumA	HiSeq 2000
F136	GSM2528214	-1.8292239123397247	5.639972621492129	0	LumA	HiSeq 2000
F137	GSM2528215	-2.5311903226655557	5.71937029431896	0	Her2	HiSeq 2000
F138	GSM2528216	-2.7425113406741506	5.349760438056126	0	LumB	HiSeq 2000
F139	GSM2528217	-3.2743687560185224	4.6269678302532515	0	LumA	HiSeq 2000
F140	GSM2528218	-2.561199711507159	5.437371663244353	0	LumA	HiSeq 2000
F141	GSM2528219	-4.771461713284802	5.415468856947296	0	LumA	HiSeq 2000
F142	GSM2528220	-0.6907710133777766	5.1827515400410675	0	Basal	NextSeq 500
F143	GSM2528221	-3.138635104332851	5.368925393566051	0	LumA	HiSeq 2000
F144	GSM2528222	-1.2602704845835544	5.314168377823409	0	Basal	HiSeq 2000
F145	GSM2528223	-1.6536181765389801	5.347022587268994	0	Her2	HiSeq 2000
F146	GSM2528224	-3.3177935478294023	5.393566050650239	0	LumA	HiSeq 2000
F147	GSM2528225	-2.0061911578806004	5.333333333333333	0	LumB	HiSeq 2000
F148	GSM2528226	-3.5047518894873697	5.1800136892539355	0	LumA	HiSeq 2000
F149	GSM2528227	-4.04343769176431	5.3114305270362765	0	LumA	HiSeq 2000
F150	GSM2528228	-2.7460829763735393	5.467488021902806	0	Normal	HiSeq 2000
F151	GSM2528229	-2.9725494937470374	5.409993155373032	0	LumA	HiSeq 2000
F152	GSM2528230	-1.9198802850904972	5.327857631759069	0	LumA	HiSeq 2000
F153	GSM2528231	-1.8801430036104956	5.492128678986996	0	LumB	HiSeq 2000
F154	GSM2528232	-1.1979501721803145	5.568788501026694	0	Basal	HiSeq 2000
F155	GSM2528233	-3.8817787565582402	5.582477754962355	0	LumA	HiSeq 2000
F156	GSM2528234	-1.2020500091285702	5.486652977412731	0	LumB	HiSeq 2000
F157	GSM2528235	-3.340958472436485	5.560574948665297	0	LumA	HiSeq 2000
F158	GSM2528236	0.15257000420405017	4.761122518822724	1	Basal	HiSeq 2000
F159	GSM2528237	-2.355655780032234	3.912388774811773	1	LumA	HiSeq 2000
F160	GSM2528238	-2.6106656834652915	4.804928131416838	0	LumB	HiSeq 2000
F161	GSM2528239	-3.8575347293336177	5.500342231348392	0	LumA	HiSeq 2000
F162	GSM2528240	-3.209495338044582	5.492128678986996	0	LumA	HiSeq 2000
F163	GSM2528241	-2.9611690927938548	5.51129363449692	0	LumA	HiSeq 2000
F164	GSM2528242	-3.9869525332096383	5.604380561259411	0	LumA	HiSeq 2000
F165	GSM2528243	-3.034217781428205	5.188227241615332	0	LumA	HiSeq 2000
F166	GSM2528244	-0.847665807888649	5.598904859685147	0	Basal	HiSeq 2000
F167	GSM2528245	-3.1614604311435337	5.125256673511293	0	LumA	HiSeq 2000
F168	GSM2528246	-3.176273357220992	5.1827515400410675	0	LumA	HiSeq 2000
F169	GSM2528247	-2.6998966897909966	4.971937029431896	0	LumA	HiSeq 2000
F170	GSM2528248	-0.18974072145911838	5.295003422313484	0	LumA	HiSeq 2000
F171	GSM2528249	-3.6662739717464405	5.295003422313484	0	LumA	HiSeq 2000
F172	GSM2528250	-3.0835442865138645	5.295003422313484	0	LumA	HiSeq 2000
F173	GSM2528251	-1.1459237657639263	5.295003422313484	0	Basal	HiSeq 2000
F174	GSM2528252	-1.9501824869527384	5.201916495550993	0	LumB	HiSeq 2000
F175	GSM2528253	-3.179399076404492	5.160848733744011	0	LumA	HiSeq 2000
F176	GSM2528254	-4.307212051315889	5.27583846680356	0	LumA	HiSeq 2000
F177	GSM2528255	-3.1031906606352733	4.569472963723477	0	Her2	HiSeq 2000
F178	GSM2528256	-3.741867215435648	5.259411362080766	0	LumA	HiSeq 2000
F179	GSM2528257	-3.2856646935264973	5.259411362080766	0	LumA	HiSeq 2000
F180	GSM2528258	-2.788156303981869	4.629705681040384	0	LumA	HiSeq 2000
F181	GSM2528259	-2.433022104322751	5.256673511293634	0	LumA	HiSeq 2000
F182	GSM2528260	-2.7993211253599894	4.974674880219028	0	LumB	HiSeq 2000
F183	GSM2528261	-3.82170964623118	5.045859000684462	0	LumA	HiSeq 2000
F184	GSM2528262	-2.7628564047487645	5.349760438056126	0	LumA	HiSeq 2000
F185	GSM2528263	-3.558205590430674	5.338809034907597	0	LumA	NextSeq 500
F186	GSM2528264	-3.738147245628603	4.971937029431896	0	LumA	HiSeq 2000
F187	GSM2528265	-3.128631881365134	4.958247775496235	0	LumA	HiSeq 2000
F188	GSM2528266	-4.9150208614746855	5.084188911704312	0	LumA	HiSeq 2000
F189	GSM2528267	-2.7424035985325133	4.785763175906913	0	LumB	HiSeq 2000
F190	GSM2528268	-1.2941857561359404	4.919917864476386	0	LumA	HiSeq 2000
F191	GSM2528269	-3.128225657345719	5.201916495550993	0	LumB	HiSeq 2000
F192	GSM2528270	-4.435017784966357	4.930869267624915	0	LumA	HiSeq 2000
F193	GSM2528271	-2.429527837063459	5.215605749486653	0	LumA	HiSeq 2000
F194	GSM2528272	-1.9688429999065002	5.240246406570842	0	LumB	HiSeq 2000
F195	GSM2528273	-2.701130801520987	4.993839835728953	0	LumA	HiSeq 2000
F196	GSM2528274	-3.6506175716167917	5.215605749486653	0	LumA	HiSeq 2000
F197	GSM2528275	-3.3791786292003474	4.8350444900752905	0	LumA	HiSeq 2000
F198	GSM2528276	-3.2604430676883167	5.007529089664613	0	LumA	HiSeq 2000
F199	GSM2528277	-2.1798519959400684	5.240246406570842	0	LumB	HiSeq 2000
F200	GSM2528278	-2.9627459202078854	5.253935660506502	0	LumA	HiSeq 2000
F201	GSM2528279	-3.24823459566988	5.240246406570842	0	LumA	HiSeq 2000
F202	GSM2528280	-3.333998733779769	5.23750855578371	0	LumA	HiSeq 2000
F203	GSM2528281	-3.4410684069020827	5.218343600273785	0	Normal	HiSeq 2000
F204	GSM2528282	-3.8254171332753337	4.876112251882272	0	LumB	HiSeq 2000
F205	GSM2528283	0.6734400189221436	4.958247775496235	0	Basal	HiSeq 2000
F206	GSM2528284	-3.796606449591082	4.65160848733744	0	LumA	HiSeq 2000
F207	GSM2528285	-3.9670025311419543	4.736481861738535	0	LumA	HiSeq 2000
F208	GSM2528286	-4.373182555628136	4.566735112936345	0	LumA	HiSeq 2000
F209	GSM2528287	-1.7735450183805475	4.681724845995893	0	LumB	HiSeq 2000
F210	GSM2528288	-3.545898759159739	4.952772073921971	0	LumA	HiSeq 2000
F211	GSM2528289	-2.762505754666833	4.6680355920602326	0	LumB	HiSeq 2000
F212	GSM2528290	-4.1627150829455	4.8815879534565365	0	LumA	HiSeq 2000
F213	GSM2528291	-3.0290685016746983	4.969199178644764	0	LumB	HiSeq 2000
F214	GSM2528292	-3.397625302488282	5.084188911704312	0	LumB	HiSeq 2000
F215	GSM2528293	-2.9358585680070073	4.818617385352498	0	LumA	HiSeq 2000
F216	GSM2528294	-4.457145615113114	5.02943189596167	0	LumA	HiSeq 2000
F217	GSM2528295	-3.500789746151822	5.100616016427105	0	LumA	HiSeq 2000
F218	GSM2528296	-2.6236214473577633	4.509240246406571	0	LumA	HiSeq 2000
F219	GSM2528297	-3.4734889879486937	5.149897330595483	0	LumA	NextSeq 500
F220	GSM2528298	-2.737516787334844	5.106091718001369	0	LumA	HiSeq 2000
F221	GSM2528299	-3.584097932183185	4.528405201916495	0	LumA	HiSeq 2000
F222	GSM2528300	-3.0359865621519617	4.815879534565366	0	LumB	HiSeq 2000
F223	GSM2528301	-3.452095675919709	5.026694045174538	0	LumA	HiSeq 2000
F224	GSM2528302	-3.680192485278393	5.045859000684462	0	LumA	HiSeq 2000
F225	GSM2528303	-3.0636376577034063	4.547570157426421	0	LumB	HiSeq 2000
F226	GSM2528304	-2.9281810236710974	5.086926762491444	0	LumA	HiSeq 2000
F227	GSM2528305	-3.0134021082520603	5.070499657768652	0	LumA	NextSeq 500
F228	GSM2528306	-3.0665401707239943	4.268309377138946	0	LumA	HiSeq 2000
F229	GSM2528307	-2.0464754404451106	5.160848733744011	0	LumB	NextSeq 500
F230	GSM2528308	-2.014944116286544	5.144421629021219	0	LumA	HiSeq 2000
F231	GSM2528309	-3.177620691904993	4.856947296372348	0	LumB	HiSeq 2000
F232	GSM2528310	-3.966545944352098	3.619438740588638	1	Her2	HiSeq 2000
F233	GSM2528311	-4.566127906269683	4.583162217659138	0	LumA	HiSeq 2000
F234	GSM2528312	-1.5950436225151605	4.054757015742642	0	Normal	HiSeq 2000
F235	GSM2528313	-2.142342527161629	3.972621492128679	0	LumB	HiSeq 2000
F236	GSM2528314	0.9208265363448145	3.805612594113621	0	Basal	HiSeq 2000
F237	GSM2528315	-0.9166642298745294	3.7234770704996576	0	LumB	HiSeq 2000
F238	GSM2528316	-0.974632036430698	3.693360711841205	0	Her2	HiSeq 2000
F239	GSM2528317	-1.9964476397250448	3.9041752224503763	0	LumA	HiSeq 2000
F240	GSM2528318	-1.579587767402366	4.783025325119781	0	Her2	HiSeq 2000
F241	GSM2528319	-1.599052612099293	4.780287474332649	0	Her2	HiSeq 2000
F242	GSM2528320	-0.9050571642033289	4.468172484599589	0	Her2	NextSeq 500
F243	GSM2528321	-1.6002100956202467	4.706365503080082	0	Her2	HiSeq 2000
F244	GSM2528322	-1.209715033129926	4.399726214921286	0	LumA	HiSeq 2000
F245	GSM2528323	-2.1887354956483738	4.317590691307323	0	Normal	HiSeq 2000
F246	GSM2528324	-2.3689641858364587	4.361396303901437	0	LumA	NextSeq 500
F247	GSM2528325	-5.309753243015183	4.26009582477755	0	LumB	NextSeq 500
F248	GSM2528326	-0.3171924522882413	3.7508555783709787	0	Her2	HiSeq 2000
F249	GSM2528327	-2.75099520792953	4.219028062970568	0	LumA	HiSeq 2000
F250	GSM2528328	-4.286100989245259	4.569472963723477	0	LumA	HiSeq 2000
F251	GSM2528329	-2.586024162294799	4.506502395619439	0	LumA	HiSeq 2000
F252	GSM2528330	-2.1798396456913687	4.605065023956194	0	LumB	HiSeq 2000
F253	GSM2528331	-2.8996079830491364	4.572210814510609	0	LumA	HiSeq 2000
F254	GSM2528332	-4.005965821397347	3.46611909650924	1	LumA	HiSeq 2000
F255	GSM2528333	-1.9461407599474805	4.506502395619439	0	Her2	HiSeq 2000
F256	GSM2528334	-3.579000976717801	4.566735112936345	0	LumA	HiSeq 2000
F257	GSM2528335	-2.4026380312772884	4.629705681040384	0	LumA	HiSeq 2000
F258	GSM2528336	-3.3458181297214695	4.58590006844627	0	Her2	HiSeq 2000
F259	GSM2528337	-2.479529587477867	2.351813826146475	1	Basal	HiSeq 2000
F260	GSM2528338	-2.8988426775148506	4.629705681040384	0	LumA	HiSeq 2000
F261	GSM2528339	-3.234882536460727	4.506502395619439	0	LumB	HiSeq 2000
F262	GSM2528340	-5.983996164091642	4.509240246406571	0	LumA	HiSeq 2000
F263	GSM2528341	-3.878998798502112	4.700889801505818	0	LumA	NextSeq 500
F264	GSM2528342	-3.974587177984904	4.528405201916495	0	LumB	HiSeq 2000
F265	GSM2528343	-3.1764143537901037	4.648870636550308	0	LumA	HiSeq 2000
F266	GSM2528344	-2.136680887523329	4.670773442847365	0	Her2	HiSeq 2000
F267	GSM2528345	-1.444942168917433	4.39151266255989	0	Her2	NextSeq 500
F268	GSM2528346	-3.652451185152908	4.763860369609857	0	LumA	HiSeq 2000
F269	GSM2528347	-3.028945296119731	4.777549623545517	0	LumA	NextSeq 500
F270	GSM2528348	-3.950895142394891	4.528405201916495	0	LumA	HiSeq 2000
F271	GSM2528349	-3.1092639277189704	4.525667351129363	0	LumA	NextSeq 500
F272	GSM2528350	-2.3526525221127343	4.783025325119781	0	Normal	HiSeq 2000
F273	GSM2528351	-3.459499999840637	1.5468856947296372	1	LumA	HiSeq 2000
F274	GSM2528352	-4.35895854035674	4.553045859000685	0	LumA	HiSeq 2000
F275	GSM2528353	-1.6494543522706748	4.815879534565366	0	Her2	HiSeq 2000
F276	GSM2528354	-0.9302449631927778	4.761122518822724	0	LumB	HiSeq 2000
F277	GSM2528355	-2.505534939365614	4.761122518822724	0	LumB	HiSeq 2000
F278	GSM2528356	-3.4683276505050875	4.553045859000685	0	LumA	HiSeq 2000
F279	GSM2528357	-3.763058248188145	4.837782340862423	0	LumA	HiSeq 2000
F280	GSM2528358	-2.4929424201254924	4.413415468856948	0	LumB	HiSeq 2000
F281	GSM2528359	-2.125302202335988	4.41615331964408	0	LumA	HiSeq 2000
F282	GSM2528360	-1.8487997762427633	4.4106776180698155	0	LumA	HiSeq 2000
F283	GSM2528361	-2.785879155547016	4.41615331964408	0	LumA	HiSeq 2000
F284	GSM2528362	-1.097257538337229	4.032854209445585	0	Normal	HiSeq 2000
F285	GSM2528363	-0.9636070883113	4.41615331964408	0	LumB	HiSeq 2000
F286	GSM2528364	-0.8855040007853141	4.394250513347022	0	Basal	HiSeq 2000
F287	GSM2528365	-3.2626164421244184	4.353182751540041	0	LumA	NextSeq 500
F288	GSM2528366	-0.21694124795031783	4.396988364134154	0	Basal	HiSeq 2000
F289	GSM2528367	-0.2706515961186018	4.380561259411362	0	Her2	HiSeq 2000
F290	GSM2528368	-2.9662073161730476	4.375085557837098	0	LumB	HiSeq 2000
F291	GSM2528369	-2.462271652739487	4.375085557837098	0	LumA	HiSeq 2000
F292	GSM2528370	-3.257664953476532	4.372347707049966	0	LumA	HiSeq 2000
F293	GSM2528371	-3.9743888446999605	4.490075290896646	0	LumA	HiSeq 2000
F294	GSM2528372	-4.034651905691715	4.484599589322382	0	LumA	HiSeq 2000
F295	GSM2528373	-2.253383696066344	4.490075290896646	0	LumA	HiSeq 2000
F296	GSM2528374	-3.3926957676596707	4.492813141683778	0	LumA	HiSeq 2000
F297	GSM2528375	-4.277475894258317	4.490075290896646	0	LumA	HiSeq 2000
F298	GSM2528376	-4.315120159441852	4.492813141683778	0	LumB	HiSeq 2000
F299	GSM2528377	-3.4074459157572337	4.167008898015058	0	LumA	HiSeq 2000
F300	GSM2528378	-3.729623899969807	4.375085557837098	0	LumA	HiSeq 2000
F301	GSM2528379	-3.546083903430363	4.375085557837098	0	LumA	HiSeq 2000
F302	GSM2528380	-1.442562125943849	3.5811088295687883	1	Basal	HiSeq 2000
F303	GSM2528381	-3.411523125468824	4.358658453114305	0	LumB	HiSeq 2000
F304	GSM2528382	-0.909955373821838	4.358658453114305	0	Her2	HiSeq 2000
F305	GSM2528383	-2.7633433890003984	4.355920602327173	0	LumA	HiSeq 2000
F306	GSM2528384	-1.8152412757855376	4.353182751540041	0	LumB	HiSeq 2000
F307	GSM2528385	-1.8129159414392086	4.339493497604381	0	LumA	HiSeq 2000
F308	GSM2528386	-3.532992602754492	4.355920602327173	0	LumA	HiSeq 2000
F309	GSM2528387	-4.079772799866868	4.257357973990418	0	LumA	HiSeq 2000
F310	GSM2528388	-3.0907655554539977	4.238193018480493	0	LumA	HiSeq 2000
F311	GSM2528389	-4.510782520632373	4.238193018480493	0	LumA	HiSeq 2000
F312	GSM2528390	-3.758489715355931	4.112251882272417	0	LumA	HiSeq 2000
F313	GSM2528391	-3.5424584536502293	4.224503764544832	0	LumA	HiSeq 2000
F314	GSM2528392	-2.334026357376379	4.224503764544832	0	LumB	NextSeq 500
F315	GSM2528393	-3.809022731878806	4.125941136208077	0	LumA	HiSeq 2000
F316	GSM2528394	-2.3537783816796667	3.02258726899384	1	LumA	HiSeq 2000
F317	GSM2528395	-3.1476579870739965	4.071184120465435	0	LumA	HiSeq 2000
F318	GSM2528396	-0.44120208938340094	4.076659822039699	0	Basal	HiSeq 2000
F319	GSM2528397	-2.779653431259772	4.071184120465435	0	Normal	HiSeq 2000
F320	GSM2528398	-1.2885392487882241	4.1505817932922655	0	LumB	HiSeq 2000
F321	GSM2528399	-3.0535256904719876	4.262833675564682	0	LumA	HiSeq 2000
F322	GSM2528400	-2.747044694187038	4.284736481861739	0	LumB	HiSeq 2000
F323	GSM2528401	-3.137005975160079	4.164271047227926	0	LumB	HiSeq 2000
F324	GSM2528402	-2.229567701353333	4.238193018480493	0	LumB	HiSeq 2000
F325	GSM2528403	-3.1236258583543086	4.243668720054757	0	LumB	HiSeq 2000
F326	GSM2528404	-2.730663411337259	4.147843942505133	0	LumA	NextSeq 500
F327	GSM2528405	-2.4670202409721544	4.317590691307323	0	LumB	HiSeq 2000
F328	GSM2528406	-3.2512069358017412	4.339493497604381	0	LumA	HiSeq 2000
F329	GSM2528407	-2.400364279839088	3.3155373032169746	0	Her2	HiSeq 2000
F330	GSM2528408	-1.4716063509773192	4.298425735797399	0	LumA	HiSeq 2000
F331	GSM2528409	-2.1434908978038045	4.298425735797399	0	LumB	HiSeq 2000
F332	GSM2528410	-2.320513609408333	4.303901437371663	0	LumA	NextSeq 500
F333	GSM2528411	-0.31651629629741473	4.295687885010267	0	Her2	HiSeq 2000
F334	GSM2528412	-1.6224782946919418	4.1505817932922655	0	LumB	HiSeq 2000
F335	GSM2528413	-3.8305809224646303	4.2792607802874745	0	LumA	HiSeq 2000
F336	GSM2528414	-3.8166915177239735	4.2792607802874745	0	LumA	HiSeq 2000
F337	GSM2528415	-3.11904302867675	4.2819986310746065	0	Normal	HiSeq 2000
F338	GSM2528416	-2.8427556397443756	4.2819986310746065	0	LumA	HiSeq 2000
F339	GSM2528417	-5.225800830813185	4.246406570841889	0	LumA	HiSeq 2000
F340	GSM2528418	-2.7293306410172202	4.054757015742642	0	LumA	HiSeq 2000
F341	GSM2528419	-0.6861834217205373	4.049281314168378	0	Basal	NextSeq 500
F342	GSM2528420	-2.5623704759199324	3.920602327173169	0	LumA	HiSeq 2000
F343	GSM2528421	-1.697116062906242	3.028062970568104	1	Basal	HiSeq 2000
F344	GSM2528422	-1.872225912306992	2.209445585215606	1	LumB	HiSeq 2000
F345	GSM2528423	-2.9268039050883163	4.112251882272417	0	LumA	HiSeq 2000
F346	GSM2528424	-1.8240147464475909	4.032854209445585	0	LumA	HiSeq 2000
F347	GSM2528425	-3.482762798542202	4.1067761806981515	0	LumA	HiSeq 2000
F348	GSM2528426	-4.298035973557231	4.030116358658453	0	LumA	HiSeq 2000
F349	GSM2528427	-2.683498686677114	3.4715947980835042	0	LumB	HiSeq 2000
F350	GSM2528428	-3.4750416268580286	2.8993839835728954	0	LumA	HiSeq 2000
F351	GSM2528429	-2.821646483649802	4.016427104722792	0	LumA	HiSeq 2000
F352	GSM2528430	-3.356283971249252	4.01368925393566	0	LumA	HiSeq 2000
F353	GSM2528431	-2.791883801613619	3.4140999315537304	0	LumA	HiSeq 2000
F354	GSM2528432	-1.965996024071839	3.7262149212867897	0	Basal	HiSeq 2000
F355	GSM2528433	-4.415773532154365	4.167008898015058	0	LumA	NextSeq 500
F356	GSM2528434	-4.060741125710508	4.147843942505133	0	LumA	HiSeq 2000
F357	GSM2528435	-3.115905136589681	4.128678986995209	0	LumA	HiSeq 2000
F358	GSM2528436	-2.5287645634562956	4.128678986995209	0	LumB	HiSeq 2000
F359	GSM2528437	-2.1702315409184854	4.172484599589322	0	Normal	NextSeq 500
F360	GSM2528438	-0.6283814797739375	3.9014373716632442	0	Her2	HiSeq 2000
F361	GSM2528439	-2.3337816093422776	4.049281314168378	0	LumA	NextSeq 500
F362	GSM2528440	-4.171479249776518	3.9561943874058865	0	LumA	HiSeq 2000
F363	GSM2528441	-4.028556259483965	4.090349075975359	0	LumA	NextSeq 500
F364	GSM2528442	-2.3612335381771175	4.172484599589322	0	LumB	HiSeq 2000
F365	GSM2528443	-4.301859142442361	4.071184120465435	0	LumB	HiSeq 2000
F366	GSM2528444	-3.0046280351932118	4.1040383299110195	0	LumA	HiSeq 2000
F367	GSM2528445	-2.649866600299487	4.076659822039699	0	LumA	HiSeq 2000
F368	GSM2528446	-3.0565800657824296	4.090349075975359	0	LumA	HiSeq 2000
F369	GSM2528447	-1.349649357061904	3.9589322381930185	0	Basal	HiSeq 2000
F370	GSM2528448	-3.7805660823339235	3.9534565366187544	0	LumA	HiSeq 2000
F371	GSM2528449	-3.4892081815612435	3.9616700889801506	0	LumA	NextSeq 500
F372	GSM2528450	-1.4855722475801807	3.978097193702943	0	LumA	HiSeq 2000
F373	GSM2528451	-1.8590822546773238	3.9589322381930185	0	LumA	HiSeq 2000
F374	GSM2528452	-4.1070975059917325	3.972621492128679	0	LumA	HiSeq 2000
F375	GSM2528453	-3.531897341831223	3.920602327173169	0	LumA	HiSeq 2000
F376	GSM2528454	-2.411566616918512	3.7262149212867897	0	Her2	HiSeq 2000
F377	GSM2528455	-1.563099362737666	3.802874743326489	0	LumA	HiSeq 2000
F378	GSM2528456	-3.624109294734775	3.805612594113621	0	LumA	HiSeq 2000
F379	GSM2528457	0.10474387205938132	3.8275154004106775	0	Basal	NextSeq 500
F380	GSM2528458	-2.2150595052190307	3.7262149212867897	0	LumB	NextSeq 500
F381	GSM2528459	-1.9397458845437316	3.9561943874058865	0	LumB	NextSeq 500
F382	GSM2528460	-2.4329683036235044	3.8603696098562628	0	Her2	HiSeq 2000
F383	GSM2528461	-2.733269352352506	3.5482546201232035	0	LumA	HiSeq 2000
F384	GSM2528462	1.3060679435246871	3.8220396988364134	0	Basal	HiSeq 2000
F385	GSM2528463	-0.15059137921456758	2.620123203285421	1	Her2	HiSeq 2000
F386	GSM2528464	-2.49632498050473	3.575633127994524	0	LumB	HiSeq 2000
F387	GSM2528465	-2.136394191143387	3.9014373716632442	0	LumA	HiSeq 2000
F388	GSM2528466	-1.8389663149562707	3.89596167008898	0	LumB	HiSeq 2000
F389	GSM2528467	-2.2008394324288796	3.7645448323066395	0	LumA	HiSeq 2000
F390	GSM2528468	-1.8002233767720692	3.7426420260095825	0	Her2	HiSeq 2000
F391	GSM2528469	-3.427214182963833	3.8576317590691307	0	LumA	HiSeq 2000
F392	GSM2528470	-2.917741423324299	3.783709787816564	0	LumB	HiSeq 2000
F393	GSM2528471	-4.2231478501344	3.5509924709103355	0	LumA	HiSeq 2000
F394	GSM2528472	-3.6427844293124343	3.589322381930185	0	LumA	HiSeq 2000
F395	GSM2528473	-2.5855197842771167	3.7125256673511293	0	LumA	HiSeq 2000
F396	GSM2528474	-3.068775655852848	3.7508555783709787	0	LumB	HiSeq 2000
F397	GSM2528475	-2.2121366230197297	3.7508555783709787	0	LumB	HiSeq 2000
F398	GSM2528476	-3.294590667574598	3.7426420260095825	0	LumA	HiSeq 2000
F399	GSM2528477	-3.5748275065799433	3.4496919917864477	0	LumA	HiSeq 2000
F400	GSM2528478	-4.321016675937166	3.4743326488706368	0	LumA	HiSeq 2000
F401	GSM2528479	-3.1087541592773342	3.589322381930185	0	LumB	HiSeq 2000
F402	GSM2528480	-0.6252136025523614	3.693360711841205	0	Basal	HiSeq 2000
F403	GSM2528481	-3.0387905497040526	3.567419575633128	0	LumA	HiSeq 2000
F404	GSM2528482	-3.5367210225509353	3.3429158110882957	0	LumA	HiSeq 2000
F405	GSM2528483	-2.5003848013047953	3.6112251882272415	0	LumA	HiSeq 2000
F406	GSM2528484	-3.4540139299828745	3.2060232717316905	0	Her2	HiSeq 2000
F407	GSM2528485	-2.858200581012511	3.479808350444901	0	LumA	HiSeq 2000
F408	GSM2528486	-3.944027345126841	3.4496919917864477	0	LumA	HiSeq 2000
F409	GSM2528487	-4.5816906905699275	3.5263518138261465	0	LumA	HiSeq 2000
F410	GSM2528488	-3.946902838874853	3.6331279945242985	0	LumA	HiSeq 2000
F411	GSM2528489	-4.181059546999462	3.646817248459959	0	LumB	HiSeq 2000
F412	GSM2528490	-4.2163989123483505	3.477070499657769	0	LumB	HiSeq 2000
F413	GSM2528491	-4.031056274511265	3.4934976043805612	0	LumA	HiSeq 2000
F414	GSM2528492	-2.1211343802926605	3.4934976043805612	0	LumB	HiSeq 2000
F415	GSM2528493	-1.3678085698533329	3.693360711841205	0	Basal	HiSeq 2000
F416	GSM2528494	-2.1845289534736643	3.668720054757016	0	LumA	HiSeq 2000
F417	GSM2528495	-2.1067468596696584	1.4209445585215605	1	LumA	HiSeq 2000
F418	GSM2528496	-3.16297821041806	3.6057494866529773	0	LumA	HiSeq 2000
F419	GSM2528497	-4.23085457362307	3.649555099247091	0	LumA	HiSeq 2000
F420	GSM2528498	-3.8802054836332114	1.8480492813141685	1	LumA	HiSeq 2000
F421	GSM2528499	-1.6281998561624373	3.567419575633128	0	LumA	HiSeq 2000
F422	GSM2528500	-5.417267040743103	3.652292950034223	0	LumA	HiSeq 2000
F423	GSM2528501	-3.5493598733780014	3.6303901437371664	0	Normal	HiSeq 2000
F424	GSM2528502	-2.8497213043250667	3.685147159479808	0	LumA	HiSeq 2000
F425	GSM2528503	-2.04677500501595	3.383983572895277	0	Basal	HiSeq 2000
F426	GSM2528504	-3.547603499634885	3.7097878165639973	0	LumA	HiSeq 2000
F427	GSM2528505	-3.0370097348842493	3.6057494866529773	0	LumB	HiSeq 2000
F428	GSM2528506	-2.6041779855003937	3.6084873374401094	0	LumB	HiSeq 2000
F429	GSM2528507	-2.26279301118732	3.5290896646132786	0	LumA	HiSeq 2000
F430	GSM2528508	-2.0629280985090412	3.433264887063655	0	LumB	HiSeq 2000
F431	GSM2528509	-1.0428996419245655	3.4414784394250515	0	Basal	HiSeq 2000
F432	GSM2528510	-1.275232002584521	3.3045859000684463	0	Basal	HiSeq 2000
F433	GSM2528511	-2.6736338983178216	3.260780287474333	0	LumB	HiSeq 2000
F434	GSM2528512	-2.3155487508924577	3.263518138261465	0	LumA	HiSeq 2000
F435	GSM2528513	-2.4468666300336137	2.4202600958247777	0	LumA	HiSeq 2000
F436	GSM2528514	-1.602531576947923	2.4175222450376452	0	Basal	HiSeq 2000
F437	GSM2528515	-2.5971021985158727	3.1129363449691994	0	LumB	HiSeq 2000
F438	GSM2528516	-1.6413667608442388	3.1129363449691994	0	LumA	HiSeq 2000
F439	GSM2528517	-3.017030650234947	2.9815195071868583	0	LumA	HiSeq 2000
F440	GSM2528518	-1.7539316804112466	2.9021218343600275	0	LumB	HiSeq 2000
F441	GSM2528519	-1.159561893758807	2.8829568788501025	0	Basal	HiSeq 2000
F442	GSM2528520	-2.09719600274616	2.707734428473648	0	LumB	HiSeq 2000
F443	GSM2528521	-3.391264824834556	2.674880219028063	0	LumA	HiSeq 2000
F444	GSM2528522	-1.9829462319300726	2.631074606433949	0	Her2	HiSeq 2000
F445	GSM2528523	1.1462710965322946	2.595482546201232	0	Her2	HiSeq 2000
F446	GSM2528524	-0.019311315550341168	1.4264202600958247	1	Basal	HiSeq 2000
F447	GSM2528525	-1.0981392739696374	3.5318275154004106	0	Basal	HiSeq 2000
F448	GSM2528526	-2.1615552299720195	3.2799452429842573	0	LumB	HiSeq 2000
F449	GSM2528527	-3.220658637777782	3.241615331964408	0	LumA	NextSeq 500
F450	GSM2528528	0.45697024912434453	1.4099931553730323	1	Basal	HiSeq 2000
F451	GSM2528529	-0.8581223836050129	3.1978097193702943	1	Basal	HiSeq 2000
F452	GSM2528530	-2.1623638167135186	3.2826830937713893	0	LumA	HiSeq 2000
F453	GSM2528531	-3.1711939750564047	3.263518138261465	0	LumB	HiSeq 2000
F454	GSM2528532	-3.7367467526908675	3.326488706365503	0	LumA	HiSeq 2000
F455	GSM2528533	0.5108427560692174	2.8035592060232717	0	Her2	HiSeq 2000
F456	GSM2528534	-2.74500772949656	3.268993839835729	0	LumB	HiSeq 2000
F457	GSM2528535	0.5256084644744065	3.247091033538672	0	Basal	NextSeq 500
F458	GSM2528536	-1.6851479682860016	3.260780287474333	0	Basal	NextSeq 500
F459	GSM2528537	-3.6036746018361754	3.4989733059548254	0	LumA	HiSeq 2000
F460	GSM2528538	-0.0909058465593445	3.4113620807665983	0	Basal	HiSeq 2000
F461	GSM2528539	-3.787515958630131	3.383983572895277	0	Her2	HiSeq 2000
F462	GSM2528540	-2.238549059521351	2.726899383983573	0	Basal	HiSeq 2000
F463	GSM2528541	-2.7689892525730455	3.2826830937713893	0	LumA	HiSeq 2000
F464	GSM2528542	-3.248802254382654	3.4195756331279945	0	LumA	HiSeq 2000
F465	GSM2528543	-4.534636165142834	3.6139630390143735	0	LumA	HiSeq 2000
F466	GSM2528544	-3.256477317383769	0.7939767282683093	1	LumB	HiSeq 2000
F467	GSM2528545	-4.070566432961167	2.7159479808350446	1	LumA	NextSeq 500
F468	GSM2528546	-3.39663224314653	3.4140999315537304	0	Her2	NextSeq 500
F469	GSM2528547	-3.519776709072616	3.359342915811088	0	LumB	HiSeq 2000
F470	GSM2528548	-2.8350581776853603	3.3347022587268995	0	LumA	NextSeq 500
F471	GSM2528549	0.9883464542179078	3.0198494182067077	0	Normal	HiSeq 2000
F472	GSM2528550	-1.3494038685585379	3.2005475701574264	0	LumA	NextSeq 500
F473	GSM2528551	-2.7806948269401093	3.2060232717316905	0	LumB	NextSeq 500
F474	GSM2528552	-0.6534919165486404	3.2306639288158796	0	Basal	HiSeq 2000
F475	GSM2528553	-0.22443740127372763	3.299110198494182	0	LumB	HiSeq 2000
F476	GSM2528554	-3.4874378482626764	3.3018480492813143	0	LumA	HiSeq 2000
F477	GSM2528555	-3.107588347821377	3.2251882272416155	0	LumA	NextSeq 500
F478	GSM2528556	-4.039284922012769	3.0006844626967832	0	LumA	HiSeq 2000
F479	GSM2528557	-2.8592221599904004	3.381245722108145	0	LumA	HiSeq 2000
F480	GSM2528558	0.18654967747453127	3.1156741957563314	0	Basal	NextSeq 500
F481	GSM2528559	-2.590993686181947	3.241615331964408	0	LumA	NextSeq 500
F482	GSM2528560	-1.898642393238461	3.1950718685831623	0	LumA	HiSeq 2000
F483	GSM2528561	-0.7633728127881487	3.266255989048597	0	Her2	HiSeq 2000
F484	GSM2528562	-4.370586212439757	3.266255989048597	0	LumB	HiSeq 2000
F485	GSM2528563	-3.0991504627258992	3.2799452429842573	0	LumA	HiSeq 2000
F486	GSM2528564	-2.9750864934976335	3.0910335386721424	0	LumB	HiSeq 2000
F487	GSM2528565	-3.0588878078131727	3.2114989733059547	0	LumA	NextSeq 500
F488	GSM2528566	-2.2001549458213714	3.24435318275154	0	LumA	HiSeq 2000
F489	GSM2528567	-3.807791215905881	2.535249828884326	0	LumA	NextSeq 500
F490	GSM2528568	-3.0983875325149484	3.134839151266256	0	LumA	HiSeq 2000
F491	GSM2528569	-2.6578934881003904	3.1184120465434635	0	LumA	HiSeq 2000
F492	GSM2528570	-2.2638383464014304	3.077344284736482	0	LumA	HiSeq 2000
F493	GSM2528571	-3.20125791933955	2.537987679671458	0	LumA	HiSeq 2000
F494	GSM2528572	0.4688016689966317	3.186858316221766	0	Basal	NextSeq 500
F495	GSM2528573	-1.354707081327492	3.186858316221766	0	LumB	NextSeq 500
F496	GSM2528574	-1.5386017652205835	2.847364818617385	0	Basal	HiSeq 2000
F497	GSM2528575	-1.8456454790843089	3.058179329226557	0	LumA	HiSeq 2000
F498	GSM2528576	-1.1433786203612055	3.052703627652293	0	LumB	NextSeq 500
F499	GSM2528577	-2.0344705055561807	3.052703627652293	0	Normal	HiSeq 2000
F500	GSM2528578	-2.350885909749193	2.809034907597536	0	LumA	HiSeq 2000
F501	GSM2528579	-4.329152523494515	2.9568788501026693	0	LumB	HiSeq 2000
F502	GSM2528580	-2.275056838259281	2.751540041067762	0	LumA	HiSeq 2000
F503	GSM2528581	-2.6242754014284952	2.784394250513347	0	LumB	NextSeq 500
F504	GSM2528582	-5.067954588294967	2.8062970568104038	0	LumA	NextSeq 500
F505	GSM2528583	-1.2212837430229648	2.516084873374401	0	LumB	NextSeq 500
F506	GSM2528584	-1.5248513517050462	2.732375085557837	0	Basal	HiSeq 2000
F507	GSM2528585	-4.437492602788917	2.937713894592745	0	LumB	HiSeq 2000
F508	GSM2528586	-2.8620213105468753	1.2101300479123889	1	Normal	HiSeq 2000
F509	GSM2528587	-1.239323950420649	3.0362765229295	0	LumA	HiSeq 2000
F510	GSM2528588	-1.8588451275810036	2.847364818617385	0	Her2	NextSeq 500
F511	GSM2528589	-3.1506220047788296	2.6694045174537986	0	LumA	HiSeq 2000
F512	GSM2528590	-1.9110974930563047	3.0417522245037647	0	LumB	HiSeq 2000
F513	GSM2528591	-2.663337758234018	2.7159479808350446	0	Basal	HiSeq 2000
F514	GSM2528592	-4.4847548123921674	2.9787816563997263	0	LumA	HiSeq 2000
F515	GSM2528593	-3.917130030775598	2.9021218343600275	0	LumA	HiSeq 2000
F516	GSM2528594	-5.424905289884522	2.9815195071868583	0	LumB	HiSeq 2000
F517	GSM2528595	-1.7669108228751755	2.7104722792607805	0	LumA	HiSeq 2000
F518	GSM2528596	-2.6219326818369875	2.6913073237508556	0	Her2	HiSeq 2000
F519	GSM2528597	-3.2413382371890616	2.6858316221765914	0	LumA	HiSeq 2000
F520	GSM2528598	-3.7175077277581625	2.595482546201232	0	LumA	HiSeq 2000
F521	GSM2528599	-3.407638823519104	2.4969199178644765	0	LumA	HiSeq 2000
F522	GSM2528600	-2.787281347620192	2.54072553045859	0	LumA	NextSeq 500
F523	GSM2528601	-2.6509633181368755	2.6967830253251197	0	LumA	HiSeq 2000
F524	GSM2528602	1.4998207543465312	2.5023956194387407	0	Basal	NextSeq 500
F525	GSM2528603	-2.426358464702254	2.6940451745379876	0	LumA	NextSeq 500
F526	GSM2528604	-2.815568011469356	2.6338124572210813	0	LumA	HiSeq 2000
F527	GSM2528605	-2.397998227332932	2.349075975359343	1	Normal	HiSeq 2000
F528	GSM2528606	-1.658989320427596	2.4804928131416837	0	LumA	NextSeq 500
F529	GSM2528607	-1.1826173452587652	2.4777549623545516	0	Her2	HiSeq 2000
F530	GSM2528608	-3.1382372763767803	2.4777549623545516	0	LumA	HiSeq 2000
F531	GSM2528609	-2.8205719912474643	2.535249828884326	0	LumB	HiSeq 2000
F532	GSM2528610	-2.4363322165606434	2.6557152635181382	0	LumA	HiSeq 2000
F533	GSM2528611	-4.047992470157389	2.674880219028063	0	LumA	HiSeq 2000
F534	GSM2528612	-3.2905111272916674	2.674880219028063	0	LumA	HiSeq 2000
F535	GSM2528613	-3.8613870348036357	2.6338124572210813	0	LumA	NextSeq 500
F536	GSM2528614	-1.8972366222294001	2.6776180698151952	0	LumB	NextSeq 500
F537	GSM2528615	-3.714482478926503	2.4804928131416837	0	LumB	NextSeq 500
F538	GSM2528616	-3.320388465417386	2.403832991101985	0	LumB	HiSeq 2000
F539	GSM2528617	-5.233024361018521	2.346338124572211	0	LumA	HiSeq 2000
F540	GSM2528618	-3.5181846533172116	2.401095140314853	0	LumA	HiSeq 2000
F541	GSM2528619	-2.9131212192740845	2.3819301848049284	0	LumA	NextSeq 500
F542	GSM2528620	-3.8967216419405992	2.2888432580424367	0	Her2	HiSeq 2000
F543	GSM2528621	-3.4907591395672317	2.3819301848049284	0	LumA	HiSeq 2000
F544	GSM2528622	-4.92651691222086	2.403832991101985	0	LumA	HiSeq 2000
F545	GSM2528623	0.33890647622782544	2.349075975359343	0	Basal	HiSeq 2000
F546	GSM2528624	-3.689604242978002	2.3819301848049284	0	LumA	HiSeq 2000
F547	GSM2528625	-2.637825240983547	2.324435318275154	0	Her2	HiSeq 2000
F548	GSM2528626	-5.17521105932061	2.327173169062286	0	LumA	HiSeq 2000
F549	GSM2528627	-3.0476530568872597	2.3436002737850785	0	LumA	HiSeq 2000
F550	GSM2528628	-3.9122288535907495	2.3846680355920604	0	LumA	NextSeq 500
F551	GSM2528629	-3.0030972953438697	2.521560574948665	0	LumA	HiSeq 2000
F552	GSM2528630	-2.683336929508732	2.379192334017796	0	Her2	HiSeq 2000
F553	GSM2528631	-4.268920312398233	2.4421629021218343	0	LumA	HiSeq 2000
F554	GSM2528632	-1.9079207105470062	2.4175222450376452	0	Basal	HiSeq 2000
F555	GSM2528633	-4.202551127796811	2.324435318275154	0	LumA	HiSeq 2000
F556	GSM2528634	-2.279680678809129	2.3874058863791925	0	Her2	HiSeq 2000
F557	GSM2528635	-3.0735185789052135	6.6447638603696095	0	LumB	HiSeq 2000
F558	GSM2528636	-1.7817258397682323	3.5017111567419574	1	LumB	HiSeq 2000
F559	GSM2528637	-1.7724508042256386	6.625598904859685	0	Normal	NextSeq 500
F560	GSM2528638	-1.386604434521406	4.5804243668720055	1	LumA	NextSeq 500
F561	GSM2528639	-3.438986461748951	5.377138945927447	1	LumA	NextSeq 500
F562	GSM2528640	-3.8526536330116454	6.614647501711157	0	LumA	HiSeq 2000
F563	GSM2528641	-3.616129876673283	6.6009582477754964	0	LumB	NextSeq 500
F564	GSM2528642	-3.4676340881606724	6.565366187542779	0	LumA	NextSeq 500
F565	GSM2528643	-2.6102737109666587	6.576317590691307	0	LumB	HiSeq 2000
F566	GSM2528644	-3.2777333008159175	6.576317590691307	0	LumA	NextSeq 500
F567	GSM2528645	-3.108832415154606	6.576317590691307	0	LumA	HiSeq 2000
F568	GSM2528646	-3.1678905677114133	6.565366187542779	0	LumA	HiSeq 2000
F569	GSM2528647	-2.9164317255369863	6.562628336755647	0	Basal	HiSeq 2000
F570	GSM2528648	-2.562623358526379	6.54072553045859	0	LumA	HiSeq 2000
F571	GSM2528649	-3.0461400143979676	6.54072553045859	0	Her2	NextSeq 500
F572	GSM2528650	-3.4377453499369994	6.546201232032854	0	LumA	HiSeq 2000
F573	GSM2528651	0.7152258314767116	6.524298425735798	0	Basal	HiSeq 2000
F574	GSM2528652	-2.985500195335714	6.5188227241615335	0	LumA	HiSeq 2000
F575	GSM2528653	1.4678179199486352	6.521560574948666	0	Basal	HiSeq 2000
F576	GSM2528654	-1.3061675596039737	6.505133470225872	0	Basal	NextSeq 500
F577	GSM2528655	-0.9284262058605441	2.220396988364134	1	Her2	NextSeq 500
F578	GSM2528656	-1.6739196980676287	2.3709787816563996	1	Her2	NextSeq 500
F579	GSM2528657	-0.9972512413652611	6.485968514715948	0	Basal	HiSeq 2000
F580	GSM2528658	-0.745148653842957	6.469541409993155	0	Her2	HiSeq 2000
F581	GSM2528659	-3.20015089982912	6.409308692676249	0	LumA	HiSeq 2000
F582	GSM2528660	-1.999159046563879	6.4284736481861735	0	LumB	HiSeq 2000
F583	GSM2528661	-2.487169332438273	6.406570841889117	0	LumA	HiSeq 2000
F584	GSM2528662	-1.7023110651196895	6.442162902121835	0	Her2	HiSeq 2000
F585	GSM2528663	-2.255653837409534	6.392881587953457	0	LumB	HiSeq 2000
F586	GSM2528664	-2.402121601018967	6.403832991101985	0	Normal	HiSeq 2000
F587	GSM2528665	-1.4052263539153869	2.4640657084188913	1	Normal	HiSeq 2000
F588	GSM2528666	0.9184473486779674	6.38466803559206	0	Basal	HiSeq 2000
F589	GSM2528667	-1.7874373591542259	6.365503080082136	0	Her2	HiSeq 2000
F590	GSM2528668	3.4302902590525695	2.11088295687885	1	Basal	HiSeq 2000
F591	GSM2528669	-2.6647963511138046	6.354551676933607	0	LumA	HiSeq 2000
F592	GSM2528670	-2.203518824245912	6.346338124572211	0	LumB	HiSeq 2000
F593	GSM2528671	-3.515106376126218	6.349075975359343	0	LumB	HiSeq 2000
F594	GSM2528672	-0.8042341665303336	6.346338124572211	0	LumB	HiSeq 2000
F595	GSM2528673	-0.40886590372134096	1.2594113620807665	1	Basal	HiSeq 2000
F596	GSM2528674	-2.2661165181058838	6.316221765913758	0	LumB	HiSeq 2000
F597	GSM2528675	-2.4132515201016878	6.324435318275154	0	LumA	HiSeq 2000
F598	GSM2528676	-2.3400625415215033	6.313483915126626	0	Her2	NextSeq 500
F599	GSM2528677	-2.935799699708098	6.329911019849418	0	LumB	HiSeq 2000
F600	GSM2528678	-3.0956473359974117	6.310746064339494	0	LumA	HiSeq 2000
F601	GSM2528679	-3.568717499843054	6.310746064339494	0	LumA	HiSeq 2000
F602	GSM2528680	-2.411799158978921	6.316221765913758	0	LumA	HiSeq 2000
F603	GSM2528681	-2.23690002749204	6.288843258042436	0	Basal	HiSeq 2000
F604	GSM2528682	-1.1170251052283688	4.030116358658453	1	LumA	HiSeq 2000
F605	GSM2528683	-1.882750162583769	6.234086242299795	0	Her2	HiSeq 2000
F606	GSM2528684	-2.957657379273034	6.234086242299795	0	LumA	HiSeq 2000
F607	GSM2528685	-2.9980548230874375	6.231348391512663	0	LumA	HiSeq 2000
F608	GSM2528686	-2.2956795395733565	6.234086242299795	0	Her2	HiSeq 2000
F609	GSM2528687	-3.539423276743195	6.236824093086927	0	LumA	HiSeq 2000
F610	GSM2528688	-3.3748493514486144	2.7405886379192332	1	LumA	HiSeq 2000
F611	GSM2528689	-1.2234214695353753	6.217659137577002	0	Her2	HiSeq 2000
F612	GSM2528690	-3.667980896621386	6.217659137577002	0	LumA	HiSeq 2000
F613	GSM2528691	-3.175025934693277	6.201232032854209	0	LumA	HiSeq 2000
F614	GSM2528692	-1.0458091508715115	2.945927446954141	1	Her2	HiSeq 2000
F615	GSM2528693	-0.3958277856385791	6.203969883641341	0	Basal	HiSeq 2000
F616	GSM2528694	-1.3943414237660903	6.231348391512663	0	Her2	HiSeq 2000
F617	GSM2528695	-1.5945217935615945	6.198494182067077	0	LumB	HiSeq 2000
F618	GSM2528696	-2.805179744236222	4.908966461327857	1	Basal	HiSeq 2000
F619	GSM2528697	-2.8519728228780457	6.179329226557153	0	Normal	HiSeq 2000
F620	GSM2528698	-1.7881477843719098	6.182067077344285	0	Her2	HiSeq 2000
F621	GSM2528699	0.20133328465214387	6.1738535249828885	0	Basal	HiSeq 2000
F622	GSM2528700	-3.7264618416131334	6.179329226557153	0	LumA	HiSeq 2000
F623	GSM2528701	-2.9448379697806444	6.16290212183436	0	LumA	HiSeq 2000
F624	GSM2528702	-1.740716607112367	4.87337440109514	1	LumA	HiSeq 2000
F625	GSM2528703	-3.3777377008232565	6.160164271047228	0	LumA	HiSeq 2000
F626	GSM2528704	-2.4086269429983496	3.189596167008898	1	LumA	HiSeq 2000
F627	GSM2528705	-2.5235345354007306	6.140999315537303	0	Her2	HiSeq 2000
F628	GSM2528706	-3.5555617025172594	6.140999315537303	0	LumB	HiSeq 2000
F629	GSM2528707	-2.4982208143441054	6.119096509240246	0	Normal	HiSeq 2000
F630	GSM2528708	-2.8972438737023882	6.119096509240246	0	LumB	HiSeq 2000
F631	GSM2528709	-3.860183922035521	6.0889801505817935	0	Basal	HiSeq 2000
F632	GSM2528710	-2.1958083156815262	6.119096509240246	0	LumA	HiSeq 2000
F633	GSM2528711	-3.5437931238629243	5.637234770704997	1	LumB	HiSeq 2000
F634	GSM2528712	-1.7247851478222016	6.099931553730322	0	Normal	NextSeq 500
F635	GSM2528713	-2.578823629355269	6.080766598220397	0	LumA	HiSeq 2000
F636	GSM2528714	-2.582559033083176	6.080766598220397	0	LumB	HiSeq 2000
F637	GSM2528715	-3.2522946174869194	6.067077344284736	0	LumA	HiSeq 2000
F638	GSM2528716	-2.5337256284699134	1.3278576317590691	0	LumA	HiSeq 2000
F639	GSM2528717	-1.6229589004773137	6.067077344284736	0	LumB	HiSeq 2000
F640	GSM2528718	-2.935054158930167	6.050650239561944	0	LumA	HiSeq 2000
F641	GSM2528719	-3.4504096547205907	6.064339493497604	0	LumA	HiSeq 2000
F642	GSM2528720	-1.6713870899870458	6.061601642710472	0	LumA	HiSeq 2000
F643	GSM2528721	-0.07047196592287884	6.028747433264887	0	Basal	HiSeq 2000
F644	GSM2528722	-2.9538037407090187	6.009582477754963	0	LumB	HiSeq 2000
F645	GSM2528723	-2.3158698998733365	6.009582477754963	0	LumA	HiSeq 2000
F646	GSM2528724	-1.0197788215411876	4.175222450376454	1	Normal	HiSeq 2000
F647	GSM2528725	-1.0376938956745339	5.984941820670773	0	LumB	HiSeq 2000
F648	GSM2528726	-2.5585521912170694	3.7097878165639973	1	Her2	HiSeq 2000
F649	GSM2528727	-1.940783068609119	4.547570157426421	1	LumA	HiSeq 2000
F650	GSM2528728	-0.6220262529983477	1.6427104722792607	1	Basal	HiSeq 2000
F651	GSM2528729	-3.4117693214198592	5.993155373032169	0	LumA	HiSeq 2000
F652	GSM2528730	-3.3265407848153385	5.993155373032169	0	LumA	HiSeq 2000
F653	GSM2528731	-3.140319141270403	4.824093086926762	1	LumA	HiSeq 2000
F654	GSM2528732	0.004290503301356749	5.965776865160849	0	Basal	HiSeq 2000
F655	GSM2528733	0.6453914975333613	3.9260780287474333	1	Her2	HiSeq 2000
F656	GSM2528734	-2.549082525351724	5.95482546201232	0	LumB	HiSeq 2000
F657	GSM2528735	-2.452592903535126	5.946611909650924	0	Normal	HiSeq 2000
F658	GSM2528736	-2.6860739278535237	5.927446954141	0	LumA	HiSeq 2000
F659	GSM2528737	-3.371473461071031	5.916495550992471	0	LumA	HiSeq 2000
F660	GSM2528738	-1.8766120914367113	5.908281998631074	0	LumA	HiSeq 2000
F661	GSM2528739	-4.773004860902846	5.935660506502396	0	LumA	HiSeq 2000
F662	GSM2528740	-2.870069051295445	5.8507871321013	0	LumA	HiSeq 2000
F663	GSM2528741	-2.4115281855059867	5.839835728952772	0	Normal	HiSeq 2000
F664	GSM2528742	-2.967692674815055	5.839835728952772	0	LumA	HiSeq 2000
F665	GSM2528743	-0.5543000981301097	1.5578370978781657	1	Basal	HiSeq 2000
F666	GSM2528744	-3.1205840445643056	5.831622176591376	0	LumA	HiSeq 2000
F667	GSM2528745	-3.1590924721038594	4.0	1	LumB	HiSeq 2000
F668	GSM2528746	-2.392648024024127	5.8288843258042435	0	Normal	HiSeq 2000
F669	GSM2528747	-2.0557096082053454	5.831622176591376	0	LumA	HiSeq 2000
F670	GSM2528748	-5.549808129017655	5.790554414784395	0	LumA	HiSeq 2000
F671	GSM2528749	-3.1587192889403215	5.801505817932923	0	LumA	HiSeq 2000
F672	GSM2528750	-2.1566373843477566	5.724845995893224	0	Basal	HiSeq 2000
F673	GSM2528751	-3.978071036764414	5.798767967145791	0	Basal	HiSeq 2000
F674	GSM2528752	-3.715623498227037	5.782340862422998	0	LumA	HiSeq 2000
F675	GSM2528753	-2.1165867554214555	5.776865160848733	0	Basal	HiSeq 2000
F676	GSM2528754	-4.625102834094829	5.779603011635865	0	LumA	HiSeq 2000
F677	GSM2528755	-2.8360023757847665	5.757700205338809	0	Normal	HiSeq 2000
F678	GSM2528756	-5.068317597639803	5.754962354551677	0	LumB	HiSeq 2000
F679	GSM2528757	-4.5098536776817335	5.7440109514031485	0	LumB	HiSeq 2000
F680	GSM2528758	-4.045283950284284	5.763175906913073	0	Normal	HiSeq 2000
F681	GSM2528759	-3.732987508330001	5.757700205338809	0	LumB	HiSeq 2000
F682	GSM2528760	-1.5749508372682108	5.7412731006160165	0	Normal	HiSeq 2000
F683	GSM2528761	-3.106809292706261	5.738535249828884	0	LumA	HiSeq 2000
F684	GSM2528762	-2.6364067853556388	5.722108145106092	0	Normal	HiSeq 2000
F685	GSM2528763	-2.552941247381549	5.722108145106092	0	LumB	HiSeq 2000
F686	GSM2528764	-2.3719126975163096	5.724845995893224	0	LumA	HiSeq 2000
F687	GSM2528765	-3.144316049186603	5.724845995893224	0	LumA	HiSeq 2000
F688	GSM2528766	-2.7806530746469837	5.71937029431896	0	LumA	HiSeq 2000
F689	GSM2528767	-2.928256315727494	5.716632443531828	0	LumA	HiSeq 2000
F690	GSM2528768	-0.6303115587972912	5.724845995893224	0	LumA	HiSeq 2000
F691	GSM2528769	-2.870717725289113	5.686516084873374	0	LumB	HiSeq 2000
F692	GSM2528770	-3.7577879917942103	5.68104038329911	0	LumA	HiSeq 2000
F693	GSM2528771	-2.6285264573986664	5.686516084873374	0	LumA	HiSeq 2000
F694	GSM2528772	-0.5320850694942064	5.71937029431896	0	Her2	HiSeq 2000
F695	GSM2528773	-3.7593396770530787	5.66735112936345	0	LumA	HiSeq 2000
F696	GSM2528774	-2.8507653868045275	5.648186173853525	1	LumB	HiSeq 2000
F697	GSM2528775	-2.9459177007696247	5.661875427789186	0	LumA	HiSeq 2000
F698	GSM2528776	-5.104266218247833	5.645448323066393	0	LumA	HiSeq 2000
F699	GSM2528777	-2.804761015987545	5.661875427789186	0	LumA	HiSeq 2000
F700	GSM2528778	-1.8961306367481805	5.664613278576318	0	LumA	HiSeq 2000
F701	GSM2528779	-1.058319717909273	1.8288843258042438	1	Basal	HiSeq 2000
F702	GSM2528780	-2.2039214438239223	5.661875427789186	0	LumA	HiSeq 2000
F703	GSM2528781	-2.4038724538933423	1.2484599589322383	1	LumB	HiSeq 2000
F704	GSM2528782	-1.8066001924043376	5.626283367556468	0	Her2	HiSeq 2000
F705	GSM2528783	-2.1674786212048534	5.626283367556468	0	LumA	HiSeq 2000
F706	GSM2528784	-2.342014969376208	5.623545516769336	0	LumB	HiSeq 2000
F707	GSM2528785	-2.5872831706989987	5.607118412046543	0	LumA	HiSeq 2000
F708	GSM2528786	-3.0401872015194966	5.618069815195072	0	LumA	HiSeq 2000
F709	GSM2528787	-3.4239245493061636	4.117727583846681	1	LumA	HiSeq 2000
F710	GSM2528788	-2.2640068278335574	5.596167008898015	0	LumB	HiSeq 2000
F711	GSM2528789	-3.665393766147125	5.582477754962355	0	LumA	HiSeq 2000
F712	GSM2528790	-2.8992366367898916	5.604380561259411	0	LumA	HiSeq 2000
F713	GSM2528791	1.5535804877103667	5.229295003422314	1	Basal	HiSeq 2000
F714	GSM2528792	-2.960527358809821	5.601642710472279	0	LumB	HiSeq 2000
F715	GSM2528793	-3.5321348339757543	5.601642710472279	0	LumB	HiSeq 2000
F716	GSM2528794	-3.0963974270147427	5.568788501026694	0	Normal	HiSeq 2000
F717	GSM2528795	-3.946332842281479	5.560574948665297	0	LumA	HiSeq 2000
F718	GSM2528796	-2.733701811956046	5.549623545516769	0	LumA	HiSeq 2000
F719	GSM2528797	-1.3443046653579527	5.563312799452429	0	Her2	HiSeq 2000
F720	GSM2528798	-1.8483304454281821	3.7754962354551678	1	Her2	HiSeq 2000
F721	GSM2528799	-2.2892090571257206	5.546885694729637	0	Her2	HiSeq 2000
F722	GSM2528800	-3.7455226936911346	2.7405886379192332	1	LumA	HiSeq 2000
F723	GSM2528801	-4.720072284929236	5.546885694729637	0	LumA	HiSeq 2000
F724	GSM2528802	-1.9327779652932404	5.560574948665297	0	Her2	NextSeq 500
F725	GSM2528803	-3.298615093787245	5.530458590006845	0	Her2	HiSeq 2000
F726	GSM2528804	-2.9483776334019733	5.522245037645448	0	LumB	HiSeq 2000
F727	GSM2528805	-2.9434986459247354	5.492128678986996	0	LumA	HiSeq 2000
F728	GSM2528806	-4.511448687699186	5.486652977412731	0	LumA	HiSeq 2000
F729	GSM2528807	-2.7567592953696023	5.4839151266255985	0	LumA	HiSeq 2000
F730	GSM2528808	-0.3340937418306064	5.464750171115674	0	Basal	HiSeq 2000
F731	GSM2528809	-3.9447267188656565	5.47296372347707	0	LumA	HiSeq 2000
F732	GSM2528810	-0.2896930455874354	2.1492128678986995	1	Basal	HiSeq 2000
F733	GSM2528811	-2.549709817313674	5.426420260095825	0	LumA	HiSeq 2000
F734	GSM2528812	-4.107391498585647	5.415468856947296	0	LumA	HiSeq 2000
F735	GSM2528813	0.8174297472600467	2.1245722108145104	1	Her2	HiSeq 2000
F736	GSM2528814	-2.2924347552290305	5.409993155373032	0	Normal	HiSeq 2000
F737	GSM2528815	-3.2794145419116636	5.404517453798768	0	LumA	HiSeq 2000
F738	GSM2528816	-3.0588757643143616	5.409993155373032	0	LumB	HiSeq 2000
F739	GSM2528817	1.2428424573112087	5.371663244353183	0	LumB	HiSeq 2000
F740	GSM2528818	0.8024710018886391	0.47638603696098564	1	Basal	HiSeq 2000
F741	GSM2528819	-2.5335605704043607	5.388090349075975	0	Normal	HiSeq 2000
F742	GSM2528820	-2.8234265767774214	5.366187542778919	0	LumB	HiSeq 2000
F743	GSM2528821	-1.1443528988719103	5.3552361396303905	0	LumB	HiSeq 2000
F744	GSM2528822	-4.653802000268932	5.3552361396303905	0	LumA	HiSeq 2000
F745	GSM2528823	-2.253731676513917	5.352498288843258	0	LumA	HiSeq 2000
F746	GSM2528824	-2.866782325481733	5.327857631759069	0	Basal	HiSeq 2000
F747	GSM2528825	-2.74012381732366	5.319644079397673	0	LumB	HiSeq 2000
F748	GSM2528826	-2.8518385159119073	5.319644079397673	0	Normal	HiSeq 2000
F749	GSM2528827	-4.95577120999857	5.330595482546201	0	LumA	HiSeq 2000
F750	GSM2528828	-3.073193709148993	5.314168377823409	0	LumA	HiSeq 2000
F751	GSM2528829	-3.4662127381532346	5.336071184120465	0	Normal	HiSeq 2000
F752	GSM2528830	-1.8309972726139674	5.295003422313484	0	Her2	HiSeq 2000
F753	GSM2528831	-2.0934618173107413	5.28952772073922	0	LumA	HiSeq 2000
F754	GSM2528832	-2.7506283301362866	5.295003422313484	0	LumA	HiSeq 2000
F755	GSM2528833	-2.7379435338252485	5.297741273100616	0	Normal	HiSeq 2000
F756	GSM2528834	-2.558238698125163	5.292265571526352	0	LumB	HiSeq 2000
F757	GSM2528835	-3.616489595812746	5.2731006160164275	0	LumA	HiSeq 2000
F758	GSM2528836	-2.508535354319591	5.295003422313484	0	Her2	HiSeq 2000
F759	GSM2528837	-4.180225252178703	5.262149212867898	0	LumB	HiSeq 2000
F760	GSM2528838	-3.576562100419563	5.281314168377824	0	LumA	HiSeq 2000
F761	GSM2528839	-1.0083286493558845	5.242984257357974	0	Basal	HiSeq 2000
F762	GSM2528840	-2.9964821166865927	5.23750855578371	0	LumB	HiSeq 2000
F763	GSM2528841	-0.8147515760605387	5.232032854209446	0	Basal	HiSeq 2000
F764	GSM2528842	-1.5908291420893421	5.234770704996578	0	Normal	HiSeq 2000
F765	GSM2528843	-3.4716360210283175	4.692676249144422	1	LumB	HiSeq 2000
F766	GSM2528844	-0.660013866005316	5.215605749486653	0	Basal	HiSeq 2000
F767	GSM2528845	-1.6490998774694003	5.212867898699521	0	LumB	HiSeq 2000
F768	GSM2528846	-2.9491127331800713	5.234770704996578	0	Normal	HiSeq 2000
F769	GSM2528847	-2.455201587111854	3.5482546201232035	1	Her2	HiSeq 2000
F770	GSM2528848	-1.2199634944398392	5.201916495550993	0	Normal	HiSeq 2000
F771	GSM2528849	-2.9550155291429276	5.201916495550993	0	LumA	HiSeq 2000
F772	GSM2528850	-3.3948066869570868	5.188227241615332	0	LumA	HiSeq 2000
F773	GSM2528851	-2.156707603539617	5.149897330595483	0	LumA	HiSeq 2000
F774	GSM2528852	-2.3399138032771742	3.2361396303901437	1	LumA	HiSeq 2000
F775	GSM2528853	-3.5831280429514347	5.147159479808351	0	LumA	HiSeq 2000
F776	GSM2528854	-4.329216633988384	3.8603696098562628	1	LumA	HiSeq 2000
F777	GSM2528855	-3.062864468727907	5.1416837782340865	0	LumA	HiSeq 2000
F778	GSM2528856	-2.6682826711392753	5.160848733744011	0	LumA	HiSeq 2000
F779	GSM2528857	-3.3283501501758286	4.714579055441479	1	LumB	HiSeq 2000
F780	GSM2528858	-3.2021785352348853	5.127994524298426	0	LumA	HiSeq 2000
F781	GSM2528859	-3.1686094142844516	5.125256673511293	0	Normal	HiSeq 2000
F782	GSM2528860	-3.3578510055310167	5.149897330595483	0	LumA	HiSeq 2000
F783	GSM2528861	-3.275687814418335	5.106091718001369	0	LumA	HiSeq 2000
F784	GSM2528862	-2.203543442760098	5.092402464065708	0	Basal	HiSeq 2000
F785	GSM2528863	1.165871831010262	5.100616016427105	0	Basal	HiSeq 2000
F786	GSM2528864	-1.550973729686066	5.084188911704312	0	LumA	HiSeq 2000
F787	GSM2528865	-1.197229805388353	5.08145106091718	0	LumB	HiSeq 2000
F788	GSM2528866	-2.7717284853013546	5.070499657768652	0	LumA	HiSeq 2000
F789	GSM2528867	0.3196608508144504	5.054072553045859	0	LumB	HiSeq 2000
F790	GSM2528868	-0.7945384716254785	5.0513347022587265	0	LumB	HiSeq 2000
F791	GSM2528869	-3.171668636802027	5.0513347022587265	0	LumA	HiSeq 2000
F792	GSM2528870	-3.335083632492771	5.045859000684462	0	LumA	HiSeq 2000
F793	GSM2528871	-3.9202515682700594	5.045859000684462	0	LumB	HiSeq 2000
F794	GSM2528872	-3.9225988833673204	5.0130047912388775	0	LumB	HiSeq 2000
F795	GSM2528873	-1.641882373061211	5.023956194387406	0	Her2	HiSeq 2000
F796	GSM2528874	-3.477804885328486	2.507871321013005	1	LumB	HiSeq 2000
F797	GSM2528875	-1.4125101693401176	3.430527036276523	1	Her2	HiSeq 2000
F798	GSM2528876	-3.9825614869859716	4.971937029431896	0	LumA	HiSeq 2000
F799	GSM2528877	-3.7428285095560665	4.971937029431896	0	LumA	HiSeq 2000
F800	GSM2528878	-3.3952856510316383	4.996577686516085	0	LumA	HiSeq 2000
F801	GSM2528879	-1.5434223838314824	4.958247775496235	0	Basal	HiSeq 2000
F802	GSM2528880	-2.5909891869582387	4.950034223134839	0	LumB	HiSeq 2000
F803	GSM2528881	-3.026082136648777	4.947296372347707	0	LumA	HiSeq 2000
F804	GSM2528882	-2.495182063139233	4.919917864476386	0	LumB	HiSeq 2000
F805	GSM2528883	-3.01524306368459	4.919917864476386	0	Normal	HiSeq 2000
F806	GSM2528884	-0.9962882754058163	4.914442162902122	0	Basal	HiSeq 2000
F807	GSM2528885	-1.3795138896338328	4.914442162902122	0	Basal	HiSeq 2000
F808	GSM2528886	-1.5764490954731236	4.919917864476386	0	Her2	HiSeq 2000
F809	GSM2528887	-2.614832967703778	4.917180013689254	0	Basal	HiSeq 2000
F810	GSM2528888	-3.1082749971374786	4.914442162902122	0	LumA	HiSeq 2000
F811	GSM2528889	-3.2207301188214394	4.939082819986311	0	LumA	HiSeq 2000
F812	GSM2528890	-2.477492402378947	4.878850102669404	0	LumA	HiSeq 2000
F813	GSM2528891	-2.8765072216646215	1.0239561943874058	1	Basal	HiSeq 2000
F814	GSM2528892	-0.7295372620862147	4.85968514715948	0	LumB	HiSeq 2000
F815	GSM2528893	-1.4414406887235174	4.87337440109514	0	Her2	HiSeq 2000
F816	GSM2528894	-2.406264332610754	4.856947296372348	0	LumA	NextSeq 500
F817	GSM2528895	-3.594261343300059	4.824093086926762	0	LumA	HiSeq 2000
F818	GSM2528896	-3.0934360360901216	4.804928131416838	0	Normal	HiSeq 2000
F819	GSM2528897	-1.9459152702805838	4.804928131416838	0	Her2	NextSeq 500
F820	GSM2528898	-2.3068171827914923	4.783025325119781	0	LumB	HiSeq 2000
F821	GSM2528899	-2.231981475399074	4.777549623545517	0	LumA	NextSeq 500
F822	GSM2528900	-3.1975259246442453	3.482546201232033	0	LumA	HiSeq 2000
F823	GSM2528901	-3.392335309631502	4.758384668035592	0	LumA	HiSeq 2000
F824	GSM2528902	-4.244117478349502	4.744695414099931	0	LumA	HiSeq 2000
F825	GSM2528903	0.0021221987745417437	4.725530458590007	0	LumB	HiSeq 2000
F826	GSM2528904	-3.591784408921989	4.758384668035592	0	LumA	HiSeq 2000
F827	GSM2528905	-2.3954328195448698	4.720054757015743	0	Basal	HiSeq 2000
F828	GSM2528906	-3.603166642310268	4.725530458590007	0	LumA	HiSeq 2000
F829	GSM2528907	-2.5119283448531147	4.7091033538672145	0	LumB	HiSeq 2000
F830	GSM2528908	-0.7322188339988129	4.720054757015743	0	Her2	HiSeq 2000
F831	GSM2528909	-2.8805861722831447	4.70362765229295	0	LumB	HiSeq 2000
F832	GSM2528910	-2.295951111309641	4.722792607802875	0	LumB	HiSeq 2000
F833	GSM2528911	-3.8987579583942913	4.687200547570157	0	LumA	HiSeq 2000
F834	GSM2528912	-3.3490801908541377	4.700889801505818	0	LumA	HiSeq 2000
F835	GSM2528913	-3.0761170334206174	4.687200547570157	0	LumA	HiSeq 2000
F836	GSM2528914	-0.2685945546571491	4.681724845995893	0	Her2	HiSeq 2000
F837	GSM2528915	-2.5999485800494844	4.662559890485968	0	LumB	HiSeq 2000
F838	GSM2528916	-2.7908762222992802	4.6652977412731005	0	LumA	HiSeq 2000
F839	GSM2528917	-3.293974567502263	4.6652977412731005	0	LumA	HiSeq 2000
F840	GSM2528918	-2.3729394309796112	4.65160848733744	0	LumA	HiSeq 2000
F841	GSM2528919	-3.537398362805485	3.29637234770705	1	LumA	HiSeq 2000
F842	GSM2528920	-3.148614531275173	4.646132785763176	0	LumB	HiSeq 2000
F843	GSM2528921	-1.6649750039915368	4.6242299794661195	0	LumA	HiSeq 2000
F844	GSM2528922	-3.5055497684447006	4.591375770020534	0	LumA	HiSeq 2000
F845	GSM2528923	-1.0119737698352087	4.6269678302532515	0	Her2	HiSeq 2000
F846	GSM2528924	-3.3884090926180837	4.58590006844627	0	LumA	HiSeq 2000
F847	GSM2528925	-1.1054344081415182	4.58590006844627	0	LumB	HiSeq 2000
F848	GSM2528926	-0.07696844102210278	4.610540725530458	0	Basal	HiSeq 2000
F849	GSM2528927	-1.4755003658515196	4.569472963723477	0	Basal	HiSeq 2000
F850	GSM2528928	-2.552820993357466	4.566735112936345	0	LumA	HiSeq 2000
F851	GSM2528929	-4.269873953404464	4.583162217659138	0	LumB	HiSeq 2000
F852	GSM2528930	-1.6568780202501148	4.563997262149213	0	Her2	HiSeq 2000
F853	GSM2528931	-5.1568639723156435	4.547570157426421	0	LumA	HiSeq 2000
F854	GSM2528932	-3.69066287936437	4.531143052703627	0	LumB	HiSeq 2000
F855	GSM2528933	-3.5715927551952014	4.5338809034907595	0	LumA	HiSeq 2000
F856	GSM2528934	-2.1326394511557827	4.531143052703627	0	Her2	HiSeq 2000
F857	GSM2528935	-3.5735666461776394	4.553045859000685	0	LumA	HiSeq 2000
F858	GSM2528936	2.747505225791471	0.5393566050650239	1	Basal	HiSeq 2000
F859	GSM2528937	-2.985746281755111	4.506502395619439	0	Her2	HiSeq 2000
F860	GSM2528938	-1.935828093970291	4.509240246406571	0	Normal	NextSeq 500
F861	GSM2528939	-0.9591405054490769	4.566735112936345	0	LumB	HiSeq 2000
F862	GSM2528940	-3.722288120823416	4.473648186173854	0	Normal	HiSeq 2000
F863	GSM2528941	-2.470358827870054	4.476386036960986	0	LumB	HiSeq 2000
F864	GSM2528942	-3.1291021293032477	4.487337440109514	0	LumA	HiSeq 2000
F865	GSM2528943	-3.5285499398507314	4.487337440109514	0	LumA	HiSeq 2000
F866	GSM2528944	-1.6714161013236004	4.468172484599589	0	Her2	HiSeq 2000
F867	GSM2528945	-3.2823248765997914	4.407939767282683	0	LumA	HiSeq 2000
F868	GSM2528946	-3.2850933985369393	4.399726214921286	0	LumB	HiSeq 2000
F869	GSM2528947	-2.8563644487451634	1.4017796030116358	1	LumB	HiSeq 2000
F870	GSM2528948	-3.3344301905080833	3.4743326488706368	0	LumA	HiSeq 2000
F871	GSM2528949	-2.785169100015339	3.4168377823408624	0	Normal	HiSeq 2000
F872	GSM2528950	-2.3723017907597725	3.36208076659822	0	LumA	HiSeq 2000
F873	GSM2528951	1.6135802042293714	0.9828884325804244	1	Basal	HiSeq 2000
F874	GSM2528952	-2.6325530657847094	3.268993839835729	0	LumA	HiSeq 2000
F875	GSM2528953	-0.9935151058297783	2.863791923340178	0	Basal	HiSeq 2000
F876	GSM2528954	-2.4592270828794476	3.701574264202601	0	LumB	HiSeq 2000
F877	GSM2528955	-2.0190295466292056	2.707734428473648	0	Her2	HiSeq 2000
F878	GSM2528956	-2.0995992135533705	2.349075975359343	0	Her2	HiSeq 2000
F879	GSM2528957	-1.6283012854966	2.6091718001368926	0	Normal	HiSeq 2000
F880	GSM2528958	-1.4464734447666017	4.399726214921286	0	LumB	HiSeq 2000
F881	GSM2528959	-2.8643253897282257	4.39151266255989	0	LumA	HiSeq 2000
F882	GSM2528960	0.8926343760699015	4.39151266255989	0	Basal	HiSeq 2000
F883	GSM2528961	-2.2255115746203247	4.372347707049966	0	LumA	HiSeq 2000
F884	GSM2528962	1.2795259448489786	4.372347707049966	0	Basal	HiSeq 2000
F885	GSM2528963	-3.59348266139353	1.1471594798083504	1	LumA	HiSeq 2000
F886	GSM2528964	-2.3583881464916825	4.355920602327173	0	Her2	HiSeq 2000
F887	GSM2528965	-1.9932357629973698	2.5598904859685145	1	Her2	HiSeq 2000
F888	GSM2528966	-1.0823499886138581	4.336755646817249	0	Her2	HiSeq 2000
F889	GSM2528967	-2.216880175547983	4.336755646817249	0	LumA	HiSeq 2000
F890	GSM2528968	-2.7558494945327126	4.317590691307323	0	Basal	HiSeq 2000
F891	GSM2528969	-3.1514989273357794	4.314852840520191	0	LumA	NextSeq 500
F892	GSM2528970	-2.802241025422854	4.26009582477755	0	LumA	NextSeq 500
F893	GSM2528971	-1.4425045054436971	4.254620123203286	1	Normal	HiSeq 2000
F894	GSM2528972	-3.0210663209445587	4.2792607802874745	0	LumA	HiSeq 2000
F895	GSM2528973	-1.9194417683153635	4.276522929500342	0	Basal	HiSeq 2000
F896	GSM2528974	-2.992821559781943	3.030800821355236	1	LumA	NextSeq 500
F897	GSM2528975	-2.4973856635620453	4.276522929500342	0	LumA	HiSeq 2000
F898	GSM2528976	-2.574820536150743	2.9869952087611225	1	LumB	NextSeq 500
F899	GSM2528977	-3.649215339377672	4.240930869267625	0	LumB	HiSeq 2000
F900	GSM2528978	-3.929462184356604	4.246406570841889	0	LumA	HiSeq 2000
F901	GSM2528979	-3.6494567916434315	3.6057494866529773	1	LumA	HiSeq 2000
F902	GSM2528980	-1.5374549423919375	4.240930869267625	0	Her2	HiSeq 2000
F903	GSM2528981	-1.8189939945879354	4.224503764544832	0	Her2	HiSeq 2000
F904	GSM2528982	-3.1365888031179456	4.243668720054757	0	Basal	HiSeq 2000
F905	GSM2528983	0.934794143656636	4.227241615331964	0	Basal	HiSeq 2000
F906	GSM2528984	-3.686422672295374	4.240930869267625	0	LumA	HiSeq 2000
F907	GSM2528985	-4.1537547010076485	4.238193018480493	0	LumA	HiSeq 2000
F908	GSM2528986	-3.316836366793604	4.224503764544832	0	LumA	HiSeq 2000
F909	GSM2528987	-2.8121985931940907	4.205338809034908	0	Normal	HiSeq 2000
F910	GSM2528988	-2.2008454349536626	4.224503764544832	0	LumB	HiSeq 2000
F911	GSM2528989	-3.4855471481539997	4.224503764544832	0	LumB	HiSeq 2000
F912	GSM2528990	-3.3583287536375397	4.219028062970568	0	LumA	HiSeq 2000
F913	GSM2528991	-3.121977674250918	4.2217659137577	0	LumA	HiSeq 2000
F914	GSM2528992	-0.947394446568204	4.205338809034908	0	LumB	NextSeq 500
F915	GSM2528993	-2.636100484591088	4.232717316906228	0	LumA	HiSeq 2000
F916	GSM2528994	-0.8147264964661685	4.186173853524983	0	Basal	HiSeq 2000
F917	GSM2528995	-3.375723986177674	4.199863107460644	0	LumA	HiSeq 2000
F918	GSM2528996	-1.0833324675081903	4.183436002737851	0	LumB	HiSeq 2000
F919	GSM2528997	-4.3403716765898706	4.186173853524983	0	LumA	HiSeq 2000
F920	GSM2528998	-2.5933794621340964	4.147843942505133	0	LumB	HiSeq 2000
F921	GSM2528999	-2.674732796659627	4.16974674880219	0	Basal	HiSeq 2000
F922	GSM2529000	-3.3117870906732625	4.164271047227926	0	LumB	HiSeq 2000
F923	GSM2529001	-3.8118737046132876	4.161533196440794	0	LumA	HiSeq 2000
F924	GSM2529002	-4.503017009930562	4.186173853524983	0	LumA	HiSeq 2000
F925	GSM2529003	-2.308506098864711	1.4948665297741273	1	Basal	HiSeq 2000
F926	GSM2529004	-3.103339183505399	4.142368240930869	0	Normal	HiSeq 2000
F927	GSM2529005	-2.4357271087053287	4.145106091718001	0	Basal	HiSeq 2000
F928	GSM2529006	-4.6505499541010344	3.564681724845996	1	LumA	HiSeq 2000
F929	GSM2529007	-4.04929009429133	4.131416837782341	0	LumA	HiSeq 2000
F930	GSM2529008	-2.530547539108213	4.131416837782341	0	Her2	HiSeq 2000
F931	GSM2529009	-2.5195462008820173	4.114989733059549	0	LumB	HiSeq 2000
F932	GSM2529010	-0.32930228741841244	4.1067761806981515	0	Her2	HiSeq 2000
F933	GSM2529011	-3.8515377819787573	4.1067761806981515	0	LumA	HiSeq 2000
F934	GSM2529012	-3.016599794136667	4.114989733059549	0	LumA	HiSeq 2000
F935	GSM2529013	-2.1980137743639028	4.114989733059549	0	LumA	HiSeq 2000
F936	GSM2529014	-2.7072652082560085	4.095824777549623	0	LumA	HiSeq 2000
F937	GSM2529015	-3.199009484712993	4.076659822039699	0	LumB	HiSeq 2000
F938	GSM2529016	-2.5126212804596277	4.073921971252567	0	Normal	HiSeq 2000
F939	GSM2529017	-3.087984390964044	4.068446269678303	0	LumA	HiSeq 2000
F940	GSM2529018	0.9460419317565033	4.054757015742642	0	LumB	NextSeq 500
F941	GSM2529019	-3.229061746528937	4.05201916495551	0	Normal	HiSeq 2000
F942	GSM2529020	-2.2445451137483214	4.057494866529774	0	Her2	HiSeq 2000
F943	GSM2529021	-0.7730892115724032	4.0	0	LumA	HiSeq 2000
F944	GSM2529022	-1.4456728083982675	3.991786447638604	0	LumB	HiSeq 2000
F945	GSM2529023	-3.6664890699558925	3.994524298425736	0	LumA	HiSeq 2000
F946	GSM2529024	-2.5730134125774553	3.994524298425736	0	LumA	HiSeq 2000
F947	GSM2529025	-2.6351832069343883	4.0	0	LumB	HiSeq 2000
F948	GSM2529026	-0.9130311992932757	3.991786447638604	0	Her2	HiSeq 2000
F949	GSM2529027	-3.29003672584174	3.994524298425736	0	LumA	HiSeq 2000
F950	GSM2529028	-3.0859585787813772	3.994524298425736	0	LumA	HiSeq 2000
F951	GSM2529029	-3.4421868085014733	3.991786447638604	0	LumA	HiSeq 2000
F952	GSM2529030	-3.919735886233473	3.980835044490075	0	LumA	HiSeq 2000
F953	GSM2529031	0.4792025271228971	0.75564681724846	1	Basal	HiSeq 2000
F954	GSM2529032	-2.460098630982253	3.9589322381930185	0	LumA	HiSeq 2000
F955	GSM2529033	-3.13170207986549	3.9534565366187544	0	LumA	HiSeq 2000
F956	GSM2529034	-1.6104863519045187	3.9561943874058865	0	Her2	HiSeq 2000
F957	GSM2529035	-3.1019535756110557	3.9534565366187544	0	LumA	HiSeq 2000
F958	GSM2529036	-1.5349131106392286	3.9397672826830936	0	LumA	HiSeq 2000
F959	GSM2529037	-2.0711072640688992	3.9397672826830936	0	LumB	HiSeq 2000
F960	GSM2529038	-2.3513194265451753	3.9397672826830936	0	LumA	HiSeq 2000
F961	GSM2529039	-3.1477090518133712	3.89596167008898	0	LumA	HiSeq 2000
F962	GSM2529040	0.006537160866990862	2.8966461327857633	1	Basal	HiSeq 2000
F963	GSM2529041	-2.096860127389988	3.8795345653661877	0	LumB	HiSeq 2000
F964	GSM2529042	-2.9668045684361104	3.8795345653661877	0	LumA	HiSeq 2000
F965	GSM2529043	-0.8943341138978964	3.8576317590691307	0	Basal	HiSeq 2000
F966	GSM2529044	-2.6964705095829915	3.8576317590691307	0	LumA	HiSeq 2000
F967	GSM2529045	-3.415810295322281	3.8439425051334704	0	Her2	NextSeq 500
F968	GSM2529046	-2.861049292589577	3.8220396988364134	0	LumA	NextSeq 500
F969	GSM2529047	0.6315557850742374	3.8275154004106775	0	Her2	HiSeq 2000
F970	GSM2529048	-1.643067489578865	3.800136892539357	0	LumB	HiSeq 2000
F971	GSM2529049	-2.517854843341011	3.805612594113621	0	Normal	HiSeq 2000
F972	GSM2529050	-0.7669537336066848	3.8193018480492813	0	LumA	NextSeq 500
F973	GSM2529051	-3.4622954304078584	3.789185489390828	0	LumA	HiSeq 2000
F974	GSM2529052	-3.8732293559861697	3.805612594113621	0	Normal	NextSeq 500
F975	GSM2529053	-3.7638434549798934	2.11088295687885	1	LumB	NextSeq 500
F976	GSM2529054	-2.499341851211077	3.7672826830937716	0	Normal	NextSeq 500
F977	GSM2529055	0.9375799663920252	3.917864476386037	0	Basal	HiSeq 2000
F978	GSM2529056	-1.5569089299659953	3.7672826830937716	0	Basal	HiSeq 2000
F979	GSM2529057	-1.3606122152216047	3.7481177275838466	0	LumA	HiSeq 2000
F980	GSM2529058	-3.0296793138033684	3.7481177275838466	0	LumA	HiSeq 2000
F981	GSM2529059	-2.8912339426033173	3.7481177275838466	0	LumA	HiSeq 2000
F982	GSM2529060	-2.383932411502626	3.7426420260095825	0	Her2	HiSeq 2000
F983	GSM2529061	-0.7323381805106329	3.7125256673511293	0	Her2	HiSeq 2000
F984	GSM2529062	-2.8791691616185706	3.7481177275838466	0	LumA	HiSeq 2000
F985	GSM2529063	-0.22241546971017584	3.7316906228610542	0	Basal	HiSeq 2000
F986	GSM2529064	1.3859855961575362	3.7097878165639973	0	Basal	HiSeq 2000
F987	GSM2529065	-3.1670661597449343	3.783709787816564	0	LumA	HiSeq 2000
F988	GSM2529066	-3.2049873749264806	3.685147159479808	0	LumA	HiSeq 2000
F989	GSM2529067	-3.037526241947536	1.0102669404517455	1	LumA	HiSeq 2000
F990	GSM2529068	0.5373486047257251	3.6550308008213555	0	Basal	NextSeq 500
F991	GSM2529069	-5.178513427049735	3.6139630390143735	0	LumA	NextSeq 500
F992	GSM2529070	-2.1916757869638213	3.6249144421629023	0	LumB	HiSeq 2000
F993	GSM2529071	-3.9047021573122755	3.6276522929500343	0	Normal	HiSeq 2000
F994	GSM2529072	-4.63618126572799	3.701574264202601	0	LumA	HiSeq 2000
F995	GSM2529073	-2.6939451261078555	3.586584531143053	0	LumB	HiSeq 2000
F996	GSM2529074	-3.8661381502961136	3.572895277207392	0	LumB	HiSeq 2000
F997	GSM2529075	-3.859136731759321	3.572895277207392	0	LumA	HiSeq 2000
F998	GSM2529076	-1.1394433162670699	3.649555099247091	0	LumB	HiSeq 2000
F999	GSM2529077	-0.6403545873700176	3.567419575633128	0	Basal	HiSeq 2000
F1000	GSM2529078	-2.293553824864348	3.572895277207392	0	LumB	HiSeq 2000
F1001	GSM2529079	-3.2920207061758044	3.57015742642026	0	LumA	HiSeq 2000
F1002	GSM2529080	-1.3470195624210306	3.586584531143053	0	LumB	HiSeq 2000
F1003	GSM2529081	-1.951689215171262	3.575633127994524	0	LumA	HiSeq 2000
F1004	GSM2529082	-1.6391327914752927	3.5564681724845997	0	Basal	HiSeq 2000
F1005	GSM2529083	-2.447691073008475	1.3114305270362765	1	LumA	HiSeq 2000
F1006	GSM2529084	-2.103028476617172	3.6112251882272415	0	LumA	HiSeq 2000
F1007	GSM2529085	-4.086945698515258	3.5482546201232035	0	LumA	HiSeq 2000
F1008	GSM2529086	-3.1953862108918716	3.575633127994524	0	LumA	HiSeq 2000
F1009	GSM2529087	-1.3256169206153707	3.5318275154004106	0	LumB	HiSeq 2000
F1010	GSM2529088	-4.0404879359407095	3.479808350444901	0	LumB	HiSeq 2000
F1011	GSM2529089	-3.4469070957598733	3.477070499657769	0	LumB	HiSeq 2000
F1012	GSM2529090	-0.27332607397251135	3.4743326488706368	0	Basal	HiSeq 2000
F1013	GSM2529091	-1.877121796469991	3.4989733059548254	0	Normal	HiSeq 2000
F1014	GSM2529092	-2.6217009887857925	3.4195756331279945	0	LumA	HiSeq 2000
F1015	GSM2529093	-0.48170023772543125	3.2032854209445585	1	Basal	HiSeq 2000
F1016	GSM2529094	-3.0269874720757315	3.40041067761807	0	LumA	HiSeq 2000
F1017	GSM2529095	-2.7356069298155097	3.4168377823408624	0	LumA	HiSeq 2000
F1018	GSM2529096	-3.5424666797909334	3.383983572895277	0	LumA	HiSeq 2000
F1019	GSM2529097	-3.6119456735903466	3.381245722108145	0	LumA	HiSeq 2000
F1020	GSM2529098	-3.2792088929958987	3.381245722108145	0	LumA	HiSeq 2000
F1021	GSM2529099	-3.0950287240646697	3.3949349760438055	0	LumA	HiSeq 2000
F1022	GSM2529100	-1.8252071027007524	3.3648186173853527	0	LumB	HiSeq 2000
F1023	GSM2529101	-3.4417817107518744	3.359342915811088	0	LumA	NextSeq 500
F1024	GSM2529102	-4.038736738152333	3.3976728268309375	0	LumA	HiSeq 2000
F1025	GSM2529103	-4.250404871969783	3.345653661875428	0	LumB	HiSeq 2000
F1026	GSM2529104	-3.407134843596146	3.3210130047912387	0	LumA	HiSeq 2000
F1027	GSM2529105	-5.543406365415329	3.323750855578371	0	LumA	HiSeq 2000
F1028	GSM2529106	-4.182601669708505	3.3921971252566734	0	LumA	HiSeq 2000
F1029	GSM2529107	-1.4574427739033051	3.3374401095140316	0	LumB	HiSeq 2000
F1030	GSM2529108	-3.46875321485245	2.113620807665982	1	LumA	HiSeq 2000
F1031	GSM2529109	-2.0715812159613938	3.3182751540041067	0	LumA	HiSeq 2000
F1032	GSM2529110	-3.4757247529983113	3.3210130047912387	0	LumA	HiSeq 2000
F1033	GSM2529111	-2.186651592378226	3.3182751540041067	0	LumA	HiSeq 2000
F1034	GSM2529112	-3.5903716039079248	3.268993839835729	0	LumA	HiSeq 2000
F1035	GSM2529113	-1.2039806277791107	2.099931553730322	1	LumB	HiSeq 2000
F1036	GSM2529114	-3.2202069149511736	3.3073237508555784	0	LumA	HiSeq 2000
F1037	GSM2529115	-3.7210512717495505	3.3182751540041067	0	LumA	HiSeq 2000
F1038	GSM2529116	-2.322860398861422	3.2881587953456535	0	Normal	HiSeq 2000
F1039	GSM2529117	-3.4408802638714824	3.3073237508555784	0	Normal	HiSeq 2000
F1040	GSM2529118	-2.2878370863467716	3.2881587953456535	0	LumA	HiSeq 2000
F1041	GSM2529119	-1.7125855610820035	3.2881587953456535	0	Normal	HiSeq 2000
F1042	GSM2529120	-3.531403986942251	3.263518138261465	0	LumA	HiSeq 2000
F1043	GSM2529121	-3.57097896285783	3.263518138261465	0	LumA	HiSeq 2000
F1044	GSM2529122	-3.569810643265455	3.263518138261465	0	LumA	HiSeq 2000
F1045	GSM2529123	-4.6447366743442435	3.266255989048597	0	LumA	HiSeq 2000
F1046	GSM2529124	-2.475801348659204	3.3401779603011637	0	Normal	HiSeq 2000
F1047	GSM2529125	-2.6125042483819585	3.249828884325804	0	LumB	HiSeq 2000
F1048	GSM2529126	-3.67545022991503	3.268993839835729	0	Basal	HiSeq 2000
F1049	GSM2529127	-2.3887048107815603	3.2251882272416155	0	Basal	HiSeq 2000
F1050	GSM2529128	-1.3552261520078996	3.24435318275154	0	Normal	HiSeq 2000
F1051	GSM2529129	-3.6096092635374415	3.2114989733059547	0	LumA	HiSeq 2000
F1052	GSM2529130	-3.865443607613901	3.24435318275154	0	LumA	HiSeq 2000
F1053	GSM2529131	-3.1159899033530145	3.2224503764544834	0	LumA	HiSeq 2000
F1054	GSM2529132	-2.471715418746548	3.2580424366872007	0	LumA	HiSeq 2000
F1055	GSM2529133	-0.8652790670876808	3.2087611225188226	0	Her2	HiSeq 2000
F1056	GSM2529134	-3.568013164795524	0.758384668035592	1	LumB	HiSeq 2000
F1057	GSM2529135	-2.517372913900831	3.1950718685831623	0	LumB	HiSeq 2000
F1058	GSM2529136	-2.564693742477894	3.184120465434634	0	LumA	HiSeq 2000
F1059	GSM2529137	-3.182822555248707	3.186858316221766	0	LumA	HiSeq 2000
F1060	GSM2529138	-2.1594558909520045	3.19233401779603	0	LumB	HiSeq 2000
F1061	GSM2529139	0.07750971281002642	3.1759069130732374	0	Basal	HiSeq 2000
F1062	GSM2529140	-3.141186373388694	3.167693360711841	0	LumA	HiSeq 2000
F1063	GSM2529141	-2.86802691201833	3.132101300479124	0	LumB	HiSeq 2000
F1064	GSM2529142	-4.387369265222539	3.1759069130732374	0	LumA	HiSeq 2000
F1065	GSM2529143	-2.0075549192957345	3.154004106776181	0	LumA	HiSeq 2000
F1066	GSM2529144	-3.1196537794049357	3.189596167008898	0	LumA	HiSeq 2000
F1067	GSM2529145	-3.8803299101648494	3.167693360711841	0	LumA	HiSeq 2000
F1068	GSM2529146	-1.0949295972375324	3.1704312114989732	0	LumB	HiSeq 2000
F1069	GSM2529147	-1.5946306498125733	3.0965092402464065	0	LumA	NextSeq 500
F1070	GSM2529148	-2.939704836147534	3.1129363449691994	0	LumB	NextSeq 500
F1071	GSM2529149	-2.947436434605047	3.080082135523614	0	Normal	HiSeq 2000
F1072	GSM2529150	-2.067455643170267	3.0937713894592744	0	Her2	NextSeq 500
F1073	GSM2529151	-2.668509052329019	3.1156741957563314	0	Normal	NextSeq 500
F1074	GSM2529152	-3.5282711915657266	3.1156741957563314	0	LumA	NextSeq 500
F1075	GSM2529153	-3.367201614577496	3.052703627652293	0	LumA	HiSeq 2000
F1076	GSM2529154	-1.304367493099105	2.0725530458590007	1	Her2	NextSeq 500
F1077	GSM2529155	-2.229482866338137	3.0937713894592744	0	Her2	NextSeq 500
F1078	GSM2529156	-2.3457231494212265	3.0965092402464065	0	LumA	HiSeq 2000
F1079	GSM2529157	-2.8271120400153538	3.0992470910335386	0	LumA	NextSeq 500
F1080	GSM2529158	-2.9010240800211795	3.060917180013689	0	LumA	HiSeq 2000
F1081	GSM2529159	-2.209852606433089	1.834360027378508	1	LumB	HiSeq 2000
F1082	GSM2529160	-3.0611811489636938	3.0417522245037647	0	LumA	HiSeq 2000
F1083	GSM2529161	-0.5787176875412411	0.16153319644079397	0	Basal	NextSeq 500
F1084	GSM2529162	-1.3945923477372606	3.0417522245037647	0	Her2	HiSeq 2000
F1085	GSM2529163	-3.0441124923832694	3.0417522245037647	0	Basal	HiSeq 2000
F1086	GSM2529164	-0.504341283469492	3.049965776865161	0	Normal	HiSeq 2000
F1087	GSM2529165	-0.8158749557179661	3.055441478439425	0	Basal	HiSeq 2000
F1088	GSM2529166	0.511664241357855	3.0362765229295	0	Basal	HiSeq 2000
F1089	GSM2529167	-2.788505077770008	3.0034223134839153	0	LumA	HiSeq 2000
F1090	GSM2529168	-2.396818717325838	3.02258726899384	0	LumB	HiSeq 2000
F1091	GSM2529169	-3.9154933555236093	2.9952087611225187	0	LumA	NextSeq 500
F1092	GSM2529170	-3.1463848391150133	3.0390143737166326	0	Normal	NextSeq 500
F1093	GSM2529171	-2.2872502643135806	3.0390143737166326	0	LumA	NextSeq 500
F1094	GSM2529172	-1.1299338826762926	2.026009582477755	1	Basal	NextSeq 500
F1095	GSM2529173	-3.5017537612623144	2.9623545516769334	0	LumB	NextSeq 500
F1096	GSM2529174	-1.944788921148594	2.9979466119096507	0	LumB	HiSeq 2000
F1097	GSM2529175	-1.8705826139581578	3.0143737166324436	0	Her2	NextSeq 500
F1098	GSM2529176	-3.066354897998698	2.9596167008898013	0	LumB	NextSeq 500
F1099	GSM2529177	-4.3307166890856035	2.8829568788501025	0	LumA	NextSeq 500
F1100	GSM2529178	-1.7930841753431355	2.844626967830253	0	LumB	NextSeq 500
F1101	GSM2529179	-2.709925178648593	2.869267624914442	0	LumB	NextSeq 500
F1102	GSM2529180	-1.624085325678244	2.809034907597536	0	LumA	HiSeq 2000
F1103	GSM2529181	-3.2709746842194436	2.7926078028747434	0	LumA	HiSeq 2000
F1104	GSM2529182	-3.5801052182671205	2.809034907597536	0	LumA	HiSeq 2000
F1105	GSM2529183	-3.7010020761000058	2.8035592060232717	0	LumA	HiSeq 2000
F1106	GSM2529184	-2.203700586761111	2.729637234770705	0	Normal	HiSeq 2000
F1107	GSM2529185	-3.0442569794511902	2.751540041067762	0	LumA	HiSeq 2000
F1108	GSM2529186	-2.611225624237729	2.726899383983573	0	Normal	HiSeq 2000
F1109	GSM2529187	-2.507813172622321	2.732375085557837	0	LumA	HiSeq 2000
F1110	GSM2529188	-1.7759923891810792	2.732375085557837	0	LumB	HiSeq 2000
F1111	GSM2529189	-3.1857158401493435	2.7159479808350446	0	LumA	HiSeq 2000
F1112	GSM2529190	-3.4295716443539463	2.6967830253251197	0	LumA	HiSeq 2000
F1113	GSM2529191	-3.18522909218818	2.7104722792607805	0	Normal	NextSeq 500
F1114	GSM2529192	-1.245174085698494	2.674880219028063	0	LumB	HiSeq 2000
F1115	GSM2529193	-2.4652785845426535	2.674880219028063	0	LumA	HiSeq 2000
F1116	GSM2529194	-2.761344140170933	2.652977412731006	0	Normal	HiSeq 2000
F1117	GSM2529195	-2.289198822215703	2.674880219028063	0	Normal	HiSeq 2000
F1118	GSM2529196	-1.5787854032845412	2.6557152635181382	0	Her2	HiSeq 2000
F1119	GSM2529197	-2.935325651612204	2.6365503080082138	0	LumA	HiSeq 2000
F1120	GSM2529198	-4.018204439299228	2.614647501711157	0	LumA	HiSeq 2000
F1121	GSM2529199	-2.4253225517062598	2.652977412731006	0	Normal	HiSeq 2000
F1122	GSM2529200	-1.9873000479062746	2.6119096509240247	0	Basal	NextSeq 500
F1123	GSM2529201	-3.6659608106375057	2.6091718001368926	0	LumA	HiSeq 2000
F1124	GSM2529202	-0.745657374378965	2.614647501711157	0	Basal	HiSeq 2000
F1125	GSM2529203	-2.5022678725681473	2.6119096509240247	0	LumA	HiSeq 2000
F1126	GSM2529204	-2.3181017849410654	2.6091718001368926	0	Normal	HiSeq 2000
F1127	GSM2529205	-2.8063077622606913	2.6091718001368926	0	LumA	HiSeq 2000
F1128	GSM2529206	-2.7034481180271217	2.6940451745379876	0	LumB	HiSeq 2000
F1129	GSM2529207	-2.048277610828586	2.6338124572210813	0	Normal	HiSeq 2000
F1130	GSM2529208	-3.185455017576746	2.614647501711157	0	LumA	HiSeq 2000
F1131	GSM2529209	-5.132005771530484	2.5927446954141	0	LumA	NextSeq 500
F1132	GSM2529210	-4.332888564720467	2.5872689938398357	0	LumA	HiSeq 2000
F1133	GSM2529211	-4.133721292591385	2.532511978097194	0	LumB	HiSeq 2000
F1134	GSM2529212	-2.2685725204931257	1.5578370978781657	1	LumA	NextSeq 500
F1135	GSM2529213	-2.6907126691750016	2.4996577686516086	0	Normal	HiSeq 2000
F1136	GSM2529214	-3.64821717332655	2.5516769336071183	0	LumA	NextSeq 500
F1137	GSM2529215	-3.892970193259794	2.5763175906913074	0	Normal	NextSeq 500
F1138	GSM2529216	-4.588181556318453	2.513347022587269	0	LumA	NextSeq 500
F1139	GSM2529217	-2.750118842565384	2.537987679671458	0	LumA	HiSeq 2000
F1140	GSM2529218	-3.5120946767889483	2.4832306639288158	0	LumA	NextSeq 500
F1141	GSM2529219	-2.1094237527215505	2.521560574948665	0	LumA	NextSeq 500
F1142	GSM2529220	-0.9415117446537917	2.516084873374401	0	Her2	HiSeq 2000
F1143	GSM2529221	-0.9977106190252933	2.4832306639288158	0	Her2	NextSeq 500
F1144	GSM2529222	-3.5683651233142157	2.5544147843942504	0	LumA	NextSeq 500
F1145	GSM2529223	-3.2207970637758616	2.4804928131416837	0	LumA	NextSeq 500
F1146	GSM2529224	-2.212146379177468	2.4996577686516086	0	LumA	NextSeq 500
F1147	GSM2529225	-0.6670643436418716	2.4750171115674195	0	Basal	NextSeq 500
F1148	GSM2529226	-3.4697412550933793	2.4421629021218343	0	LumA	HiSeq 2000
F1149	GSM2529227	-4.125428747191991	2.4722792607802875	0	Normal	HiSeq 2000
F1150	GSM2529228	-3.9372209850059057	2.4941820670773445	0	LumB	HiSeq 2000
F1151	GSM2529229	-1.4540147105019137	2.4640657084188913	0	Her2	HiSeq 2000
F1152	GSM2529230	-3.983771834059583	2.4175222450376452	0	LumA	HiSeq 2000
F1153	GSM2529231	-4.7304123998670216	2.401095140314853	0	LumA	HiSeq 2000
F1154	GSM2529232	-1.8701708211177646	2.401095140314853	0	LumA	HiSeq 2000
F1155	GSM2529233	-3.729088195679974	2.3983572895277208	0	LumA	HiSeq 2000
F1156	GSM2529234	-3.7949442748184588	2.3874058863791925	0	LumA	HiSeq 2000
F1157	GSM2529235	-3.5157241947722087	2.3874058863791925	0	LumA	HiSeq 2000
F1158	GSM2529236	-6.434467136498071	2.3682409308692676	0	LumA	HiSeq 2000
F1159	GSM2529237	-2.5417545937901216	2.3600273785078714	0	Basal	HiSeq 2000
F1160	GSM2529238	-2.681245996379495	2.327173169062286	0	Basal	HiSeq 2000
F1161	GSM2529239	-1.9520058813681038	2.321697467488022	0	Her2	HiSeq 2000
F1162	GSM2529240	-3.8021272436490077	2.2833675564681726	0	LumA	HiSeq 2000
F1163	GSM2529241	-2.6671757378806578	2.329911019849418	0	Her2	HiSeq 2000
F1164	GSM2529242	-6.1280956110681855	2.291581108829569	0	LumA	HiSeq 2000
F1165	GSM2529243	-2.787114393546423	1.998631074606434	1	LumA	HiSeq 2000
F1166	GSM2529244	-2.7956906984020202	6.691307323750856	0	LumA	HiSeq 2000
F1167	GSM2529245	-1.4605320852142463	6.6447638603696095	0	LumA	HiSeq 2000
F1168	GSM2529246	-1.8419882408096857	6.6447638603696095	0	LumB	HiSeq 2000
F1169	GSM2529247	-3.492388354145643	6.6420260095824775	0	LumA	HiSeq 2000
F1170	GSM2529248	-2.9454730530255286	6.639288158795345	0	Her2	HiSeq 2000
F1171	GSM2529249	-3.107583908815779	6.595482546201232	0	LumA	NextSeq 500
F1172	GSM2529250	-3.3312962753809927	6.573579739904175	0	LumA	HiSeq 2000
F1173	GSM2529251	-4.1645159616482355	6.524298425735798	0	LumA	HiSeq 2000
F1174	GSM2529252	-0.8216492100516027	6.524298425735798	0	Her2	HiSeq 2000
F1175	GSM2529253	-1.9199632002481408	5.771389459274469	1	LumB	HiSeq 2000
F1176	GSM2529254	-3.5534636958403554	6.425735797399041	0	LumA	HiSeq 2000
F1177	GSM2529255	-2.616112055096287	6.409308692676249	0	LumA	HiSeq 2000
F1178	GSM2529256	-3.7573400861130266	6.392881587953457	0	LumA	HiSeq 2000
F1179	GSM2529257	-2.5795315925900693	6.327173169062286	0	LumA	HiSeq 2000
F1180	GSM2529258	-2.372191022959985	6.310746064339494	0	LumA	HiSeq 2000
F1181	GSM2529259	-3.107268131928801	6.310746064339494	0	LumA	HiSeq 2000
F1182	GSM2529260	-2.1144181612673747	6.316221765913758	0	LumA	NextSeq 500
F1183	GSM2529261	-0.04836100745982016	6.294318959616701	0	Basal	NextSeq 500
F1184	GSM2529262	-2.9965382558972817	6.277891854893908	0	LumA	NextSeq 500
F1185	GSM2529263	-2.437569807533667	6.2559890485968515	0	LumA	HiSeq 2000
F1186	GSM2529264	-1.2599254281554155	6.2559890485968515	0	LumB	HiSeq 2000
F1187	GSM2529265	-1.763047474546747	6.220396988364135	0	Her2	HiSeq 2000
F1188	GSM2529266	-3.7373607774202973	6.253251197809719	0	LumA	NextSeq 500
F1189	GSM2529267	-2.2332332804450377	6.2121834360027375	0	LumA	NextSeq 500
F1190	GSM2529268	-4.011869247600726	6.201232032854209	0	LumA	HiSeq 2000
F1191	GSM2529269	-3.5708032454397527	6.102669404517454	0	LumA	HiSeq 2000
F1192	GSM2529270	-1.9822669560946315	6.203969883641341	0	Normal	HiSeq 2000
F1193	GSM2529271	-3.5152721275037515	6.201232032854209	0	LumA	HiSeq 2000
F1194	GSM2529272	-3.350369335739404	6.184804928131417	0	LumA	HiSeq 2000
F1195	GSM2529273	-1.759611472380678	6.1273100616016425	1	LumA	HiSeq 2000
F1196	GSM2529274	-0.1927934778550026	6.160164271047228	0	Basal	HiSeq 2000
F1197	GSM2529275	-2.035717049877521	6.1738535249828885	0	Her2	HiSeq 2000
F1198	GSM2529276	-3.4273254647977485	6.119096509240246	0	LumA	HiSeq 2000
F1199	GSM2529277	0.46626206984997853	6.12457221081451	0	LumB	HiSeq 2000
F1200	GSM2529278	-2.848327446153658	6.116358658453114	0	LumA	HiSeq 2000
F1201	GSM2529279	-3.408586825369927	6.105407255304586	0	LumA	NextSeq 500
F1202	GSM2529280	-2.0747221550972204	6.099931553730322	0	LumA	HiSeq 2000
F1203	GSM2529281	-3.2938935980166777	6.105407255304586	0	LumA	HiSeq 2000
F1204	GSM2529282	-3.1098865838901815	6.0862422997946615	0	LumB	HiSeq 2000
F1205	GSM2529283	-0.025385011988258325	4.459958932238193	1	Normal	NextSeq 500
F1206	GSM2529284	-2.776062835564287	6.0862422997946615	0	LumA	HiSeq 2000
F1207	GSM2529285	-2.350181616954756	6.0889801505817935	0	LumA	NextSeq 500
F1208	GSM2529286	-0.05432843897586603	6.067077344284736	0	Basal	HiSeq 2000
F1209	GSM2529287	-1.7286388193324278	6.028747433264887	0	Her2	HiSeq 2000
F1210	GSM2529288	-0.9082443745305233	6.078028747433265	0	Her2	HiSeq 2000
F1211	GSM2529289	-3.6155198340074666	5.990417522245037	0	LumA	NextSeq 500
F1212	GSM2529290	-2.8517615474083393	6.0013689253935665	0	LumA	HiSeq 2000
F1213	GSM2529291	-1.1863906369505453	6.047912388774812	0	Her2	HiSeq 2000
F1214	GSM2529292	-1.8345791182552595	5.793292265571527	0	LumB	NextSeq 500
F1215	GSM2529293	-2.6880952144536736	5.88911704312115	0	LumB	NextSeq 500
F1216	GSM2529294	-3.347047513755599	5.908281998631074	0	LumA	NextSeq 500
F1217	GSM2529295	-3.5411041475016063	5.859000684462697	0	LumA	NextSeq 500
F1218	GSM2529296	-3.396291924086326	5.820670773442847	0	LumA	HiSeq 2000
F1219	GSM2529297	-2.489838382027699	5.716632443531828	0	Normal	HiSeq 2000
F1220	GSM2529298	-3.0456151118836754	5.754962354551677	0	LumB	HiSeq 2000
F1221	GSM2529299	-1.8645205365901536	5.779603011635865	0	Basal	HiSeq 2000
F1222	GSM2529300	-5.750239262503784	5.66735112936345	0	LumA	HiSeq 2000
F1223	GSM2529301	-1.1901055569386505	5.7412731006160165	0	Her2	HiSeq 2000
F1224	GSM2529302	-1.496554966967868	5.73305954825462	0	LumB	HiSeq 2000
F1225	GSM2529303	-1.475228201611863	4.262833675564682	1	LumB	HiSeq 2000
F1226	GSM2529304	-3.613852309215338	5.642710472279261	0	LumA	HiSeq 2000
F1227	GSM2529305	-2.038424037585017	2.948665297741273	1	LumA	HiSeq 2000
F1228	GSM2529306	-3.149996280811098	5.639972621492129	0	LumB	HiSeq 2000
F1229	GSM2529307	-3.427703269399321	5.604380561259411	0	Normal	HiSeq 2000
F1230	GSM2529308	-4.224347432541704	5.623545516769336	0	LumA	HiSeq 2000
F1231	GSM2529309	-1.4463931474372846	5.604380561259411	0	Basal	HiSeq 2000
F1232	GSM2529310	-1.825296144037467	5.598904859685147	0	LumB	HiSeq 2000
F1233	GSM2529311	-1.8266314660979286	5.563312799452429	0	Normal	HiSeq 2000
F1234	GSM2529312	-3.1877607892888786	5.71937029431896	0	LumA	HiSeq 2000
F1235	GSM2529313	-1.4141407804255004	5.7440109514031485	0	LumA	HiSeq 2000
F1236	GSM2529314	-1.9418557812401762	4.27378507871321	1	LumB	HiSeq 2000
F1237	GSM2529315	-3.0221449139653846	5.544147843942505	0	LumB	HiSeq 2000
F1238	GSM2529316	-1.0531596386957702	5.566050650239562	0	Basal	HiSeq 2000
F1239	GSM2529317	-0.3812695876635892	5.598904859685147	0	Her2	HiSeq 2000
F1240	GSM2529318	-3.260314882461587	5.13347022587269	1	LumA	HiSeq 2000
F1241	GSM2529319	0.31148326389022485	2.7159479808350446	1	Basal	HiSeq 2000
F1242	GSM2529320	-2.735597320789747	5.47296372347707	0	LumA	HiSeq 2000
F1243	GSM2529321	-2.814437466965517	5.4811772758384665	0	Her2	HiSeq 2000
F1244	GSM2529322	-2.378632341126796	5.486652977412731	0	LumB	HiSeq 2000
F1245	GSM2529323	-4.369194055387586	5.431895961670089	0	LumA	HiSeq 2000
F1246	GSM2529324	-3.253959070033441	5.429158110882957	0	LumB	HiSeq 2000
F1247	GSM2529325	-3.624063629975458	5.377138945927447	0	LumA	HiSeq 2000
F1248	GSM2529326	-4.472360084392935	5.336071184120465	0	Her2	HiSeq 2000
F1249	GSM2529327	-3.2692454237683832	5.336071184120465	0	Normal	HiSeq 2000
F1250	GSM2529328	-3.431388541283769	5.3114305270362765	0	LumB	HiSeq 2000
F1251	GSM2529329	1.5342075753659439	2.294318959616701	1	Basal	HiSeq 2000
F1252	GSM2529330	-2.7833202785692293	5.292265571526352	0	LumB	HiSeq 2000
F1253	GSM2529331	-3.375750567163958	5.262149212867898	0	LumA	HiSeq 2000
F1254	GSM2529332	-3.5815904407942964	5.300479123887748	0	LumA	HiSeq 2000
F1255	GSM2529333	-2.6947161460988207	5.259411362080766	0	LumA	HiSeq 2000
F1256	GSM2529334	-2.7263092084093423	5.242984257357974	0	LumA	HiSeq 2000
F1257	GSM2529335	-3.6075828657946185	4.358658453114305	1	LumA	HiSeq 2000
F1258	GSM2529336	-1.3996722002831508	4.958247775496235	1	Her2	HiSeq 2000
F1259	GSM2529337	-4.056922934366626	4.97741273100616	0	LumA	HiSeq 2000
F1260	GSM2529338	-1.5317724988224426	4.8405201916495555	0	Her2	HiSeq 2000
F1261	GSM2529339	-2.5504494672622218	5.034907597535934	0	LumA	HiSeq 2000
F1262	GSM2529340	-2.5188935420627954	5.0513347022587265	0	LumB	HiSeq 2000
F1263	GSM2529341	-1.9212388821775417	5.032169746748802	0	Basal	HiSeq 2000
F1264	GSM2529342	-3.3170759717475886	4.971937029431896	0	LumA	HiSeq 2000
F1265	GSM2529343	-1.3672437908526365	4.876112251882272	0	LumB	HiSeq 2000
F1266	GSM2529344	-2.1361364675995382	4.8405201916495555	0	LumA	HiSeq 2000
F1267	GSM2529345	-2.7406247865465403	4.7967145790554415	0	LumA	HiSeq 2000
F1268	GSM2529346	0.10466020414863732	4.744695414099931	0	Basal	HiSeq 2000
F1269	GSM2529347	-2.324223158781909	4.7939767282683095	0	Normal	HiSeq 2000
F1270	GSM2529348	-3.0428221811102603	4.6652977412731005	0	LumA	HiSeq 2000
F1271	GSM2529349	-2.629893514460243	4.662559890485968	0	LumB	HiSeq 2000
F1272	GSM2529350	-2.9056011717019943	4.662559890485968	0	LumA	HiSeq 2000
F1273	GSM2529351	-2.6182336079255175	4.6652977412731005	0	LumA	HiSeq 2000
F1274	GSM2529352	-2.5340359364465663	4.6652977412731005	0	LumA	HiSeq 2000
F1275	GSM2529353	-2.3009628038644823	4.6680355920602326	0	Normal	HiSeq 2000
F1276	GSM2529354	-1.9490292478199458	4.720054757015743	0	Her2	HiSeq 2000
F1277	GSM2529355	-3.394121932471236	4.632443531827516	0	LumA	HiSeq 2000
F1278	GSM2529356	-1.6506879768883431	4.610540725530458	0	LumB	HiSeq 2000
F1279	GSM2529357	-3.38383074797451	4.58590006844627	0	LumA	HiSeq 2000
F1280	GSM2529358	-3.8258621290103383	4.569472963723477	0	LumA	HiSeq 2000
F1281	GSM2529359	-3.0971475924581315	4.553045859000685	0	LumB	HiSeq 2000
F1282	GSM2529360	-2.841845377878197	4.531143052703627	0	LumA	HiSeq 2000
F1283	GSM2529361	-3.3037038781313375	4.2354551676933605	1	LumB	HiSeq 2000
F1284	GSM2529362	-3.204781373431986	4.476386036960986	0	LumA	HiSeq 2000
F1285	GSM2529363	-2.028558162281133	4.413415468856948	0	LumA	HiSeq 2000
F1286	GSM2529364	-1.1871341296492979	4.394250513347022	0	Basal	HiSeq 2000
F1287	GSM2529365	-3.1859587147412523	4.380561259411362	0	LumA	HiSeq 2000
F1288	GSM2529366	-2.3946506581075004	4.369609856262834	0	LumB	HiSeq 2000
F1289	GSM2529367	-2.7528477991314793	4.511978097193703	0	LumA	HiSeq 2000
F1290	GSM2529368	-2.5013161018314882	4.511978097193703	0	Normal	HiSeq 2000
F1291	GSM2529369	-1.1948375128535722	0.6324435318275154	1	Basal	HiSeq 2000
F1292	GSM2529370	-0.5486815108732245	4.314852840520191	0	Her2	HiSeq 2000
F1293	GSM2529371	-4.521181067331877	4.334017796030117	0	LumB	HiSeq 2000
F1294	GSM2529372	-1.0400582744850684	4.298425735797399	0	Her2	HiSeq 2000
F1295	GSM2529373	-1.344442893436275	4.292950034223135	0	Her2	HiSeq 2000
F1296	GSM2529374	-2.2423198399062407	4.2354551676933605	0	LumA	HiSeq 2000
F1297	GSM2529375	-3.1350590657055264	4.490075290896646	0	LumA	HiSeq 2000
F1298	GSM2529376	-2.328003356462529	1.834360027378508	1	Basal	HiSeq 2000
F1299	GSM2529377	-1.8722009918552724	4.323066392881588	0	LumB	HiSeq 2000
F1300	GSM2529378	-1.7091019545913366	4.224503764544832	0	Basal	HiSeq 2000
F1301	GSM2529379	-2.527852155889898	1.754962354551677	1	LumB	NextSeq 500
F1302	GSM2529380	-3.795827428891748	4.054757015742642	0	Her2	HiSeq 2000
F1303	GSM2529381	-2.2564575912439624	4.054757015742642	0	LumA	HiSeq 2000
F1304	GSM2529382	-1.5821758288754897	3.805612594113621	0	Basal	HiSeq 2000
F1305	GSM2529383	-3.447251552174165	3.780971937029432	0	LumB	HiSeq 2000
F1306	GSM2529384	-1.3022198960837394	3.704312114989733	0	Basal	HiSeq 2000
F1307	GSM2529385	-2.8174537217387967	4.1505817932922655	0	LumA	HiSeq 2000
F1308	GSM2529386	-1.42108065824935	4.1505817932922655	0	LumB	HiSeq 2000
F1309	GSM2529387	-2.5859883701482325	4.265571526351814	0	LumA	HiSeq 2000
F1310	GSM2529388	-3.3069914890792673	4.090349075975359	0	LumB	HiSeq 2000
F1311	GSM2529389	-3.903104890315701	4.057494866529774	0	LumA	HiSeq 2000
F1312	GSM2529390	-2.7899217803465968	4.095824777549623	0	LumA	HiSeq 2000
F1313	GSM2529391	-3.2671512650475076	3.9014373716632442	0	LumA	HiSeq 2000
F1314	GSM2529392	-2.7529411581606276	3.9425051334702257	0	Normal	HiSeq 2000
F1315	GSM2529393	-2.900047892422667	3.9370294318959616	0	LumA	HiSeq 2000
F1316	GSM2529394	-1.8223566113840752	3.8795345653661877	0	LumB	HiSeq 2000
F1317	GSM2529395	-2.8536115281389534	3.893223819301848	0	LumA	HiSeq 2000
F1318	GSM2529396	0.5470967974731191	3.8795345653661877	0	LumB	HiSeq 2000
F1319	GSM2529397	-3.150678794698238	3.8247775496235454	0	LumA	HiSeq 2000
F1320	GSM2529398	-1.1727120615566515	3.786447638603696	0	LumA	HiSeq 2000
F1321	GSM2529399	-1.6570500139379285	3.783709787816564	0	Her2	HiSeq 2000
F1322	GSM2529400	-1.498638757384371	3.7672826830937716	0	LumB	HiSeq 2000
F1323	GSM2529401	-4.121927729257302	3.7316906228610542	0	Normal	HiSeq 2000
F1324	GSM2529402	-4.329715587990704	3.7097878165639973	0	LumA	HiSeq 2000
F1325	GSM2529403	-1.9057710822596097	3.7097878165639973	0	LumA	HiSeq 2000
F1326	GSM2529404	-1.2905463837475062	3.7316906228610542	0	Basal	HiSeq 2000
F1327	GSM2529405	-4.805825972962879	3.786447638603696	0	LumA	HiSeq 2000
F1328	GSM2529406	-2.4926700909777475	3.7262149212867897	0	LumA	HiSeq 2000
F1329	GSM2529407	-4.667695371732799	3.1101984941820673	1	LumA	HiSeq 2000
F1330	GSM2529408	-4.0401035958288185	3.589322381930185	0	LumA	HiSeq 2000
F1331	GSM2529409	-3.3515570282454203	3.586584531143053	0	LumA	HiSeq 2000
F1332	GSM2529410	-2.5103208487750717	3.5537303216974676	0	LumA	HiSeq 2000
F1333	GSM2529411	-3.9325839114851107	3.564681724845996	0	LumA	HiSeq 2000
F1334	GSM2529412	-3.048542658362888	3.5509924709103355	0	LumA	HiSeq 2000
F1335	GSM2529413	-0.8425721994556451	3.515400410677618	0	Basal	NextSeq 500
F1336	GSM2529414	-1.7719871800154912	3.4934976043805612	0	Her2	NextSeq 500
F1337	GSM2529415	-3.961715152276427	3.586584531143053	0	LumB	NextSeq 500
F1338	GSM2529416	-2.66990580996772	3.567419575633128	0	LumB	HiSeq 2000
F1339	GSM2529417	-0.7818864675631305	3.5290896646132786	0	LumB	HiSeq 2000
F1340	GSM2529418	-1.657752231630078	3.567419575633128	0	LumB	HiSeq 2000
F1341	GSM2529419	-2.5321746053181857	3.356605065023956	0	LumA	HiSeq 2000
F1342	GSM2529420	-2.215897264829497	3.2224503764544834	0	LumA	HiSeq 2000
F1343	GSM2529421	-3.4491616840354102	3.4414784394250515	0	LumA	HiSeq 2000
F1344	GSM2529422	-3.9090328713637383	3.375770020533881	0	LumA	HiSeq 2000
F1345	GSM2529423	-3.781851896263051	3.572895277207392	0	Normal	HiSeq 2000
F1346	GSM2529424	-3.6329644523741553	3.3949349760438055	0	LumA	HiSeq 2000
F1347	GSM2529425	-3.2799965313787	3.433264887063655	0	LumA	HiSeq 2000
F1348	GSM2529426	-3.6313567677019054	3.381245722108145	0	LumA	HiSeq 2000
F1349	GSM2529427	-4.227390644382715	3.3182751540041067	0	LumA	HiSeq 2000
F1350	GSM2529428	-4.044971927282573	3.3182751540041067	0	LumA	HiSeq 2000
F1351	GSM2529429	-2.46461405774819	3.3045859000684463	0	LumA	HiSeq 2000
F1352	GSM2529430	-4.289380083687621	3.3018480492813143	0	LumB	HiSeq 2000
F1353	GSM2529431	-2.640500309383253	3.2580424366872007	0	Normal	HiSeq 2000
F1354	GSM2529432	-3.5903295648632816	3.381245722108145	0	Normal	NextSeq 500
F1355	GSM2529433	-0.9809317980214632	3.2224503764544834	0	LumB	HiSeq 2000
F1356	GSM2529434	-2.3141938073428103	2.3627652292950034	0	Normal	HiSeq 2000
F1357	GSM2529435	-1.5899138514956028	3.2580424366872007	0	LumA	HiSeq 2000
F1358	GSM2529436	-2.692277089509391	3.186858316221766	0	LumB	HiSeq 2000
F1359	GSM2529437	-3.0110628540605218	3.2279260780287475	0	LumA	HiSeq 2000
F1360	GSM2529438	-5.48482081309002	3.1704312114989732	0	LumA	NextSeq 500
F1361	GSM2529439	-2.897897213002765	3.167693360711841	0	LumA	HiSeq 2000
F1362	GSM2529440	-1.21137381092296	3.1129363449691994	0	LumA	HiSeq 2000
F1363	GSM2529441	-2.47285371888156	3.1293634496919918	0	LumA	HiSeq 2000
F1364	GSM2529442	-2.084709476144072	3.1266255989048597	0	LumA	HiSeq 2000
F1365	GSM2529443	-4.783030351765992	2.9924709103353866	0	LumA	HiSeq 2000
F1366	GSM2529444	-2.6279383962034326	1.5468856947296372	1	LumB	HiSeq 2000
F1367	GSM2529445	-1.324578475048944	2.9568788501026693	0	Basal	NextSeq 500
F1368	GSM2529446	-3.660071185015053	2.811772758384668	0	LumA	NextSeq 500
F1369	GSM2529447	-3.8205517264059217	2.8254620123203287	0	LumA	HiSeq 2000
F1370	GSM2529448	-2.8708994221982813	2.754277891854894	0	LumA	HiSeq 2000
F1371	GSM2529449	-3.0643603391698124	2.74880219028063	0	LumA	HiSeq 2000
F1372	GSM2529450	-3.06229437880418	2.6858316221765914	0	LumA	HiSeq 2000
F1373	GSM2529451	-2.582592853157027	2.652977412731006	0	LumA	HiSeq 2000
F1374	GSM2529452	-2.6428661630881174	2.652977412731006	0	LumB	HiSeq 2000
F1375	GSM2529453	-1.2034008749250085	2.9075975359342916	0	Normal	HiSeq 2000
F1376	GSM2529454	-2.0786279580975986	2.6776180698151952	0	LumB	HiSeq 2000
F1377	GSM2529455	0.5846779754024569	2.6119096509240247	0	Basal	HiSeq 2000
F1378	GSM2529456	-2.74900066377702	2.6091718001368926	0	LumA	HiSeq 2000
F1379	GSM2529457	1.1847894128446477	2.5598904859685145	0	Basal	HiSeq 2000
F1380	GSM2529458	-4.068581499028584	2.4202600958247777	0	LumA	NextSeq 500
F1381	GSM2529459	-2.5436789991187267	2.4750171115674195	0	LumA	HiSeq 2000
F1382	GSM2529460	-2.9197350193593983	2.379192334017796	0	LumA	HiSeq 2000
F1383	GSM2529461	-3.5644635147919916	2.349075975359343	0	LumA	HiSeq 2000
F1384	GSM2529462	-2.9305631139900843	2.3600273785078714	0	LumA	HiSeq 2000
F1385	GSM2529463	-3.12921728208423	2.291581108829569	0	LumB	HiSeq 2000
F1386	GSM2529464	-3.807518160416646	6.694045174537988	0	LumA	HiSeq 2000
F1387	GSM2529465	-2.9587650306284763	6.715947980835044	0	LumB	HiSeq 2000
F1388	GSM2529466	-1.6493509783511318	5.388090349075975	1	Basal	HiSeq 2000
F1389	GSM2529467	-0.688538604407321	0.4736481861738535	1	LumB	HiSeq 2000
F1390	GSM2529468	-2.4943844918601505	6.661190965092403	0	LumB	HiSeq 2000
F1391	GSM2529469	-3.201670412023439	6.663928815879535	0	LumA	HiSeq 2000
F1392	GSM2529470	-3.706215553761623	6.6420260095824775	0	LumA	HiSeq 2000
F1393	GSM2529471	-2.560956177861823	5.965776865160849	1	LumB	HiSeq 2000
F1394	GSM2529472	-2.430981053288756	6.6009582477754964	0	LumA	HiSeq 2000
F1395	GSM2529473	-4.22541399230384	6.598220396988364	0	LumA	HiSeq 2000
F1396	GSM2529474	-0.2506156024701962	6.5927446954141	1	LumB	HiSeq 2000
F1397	GSM2529475	-2.676927453658043	6.617385352498289	0	Normal	HiSeq 2000
F1398	GSM2529476	-3.6092404389922144	6.622861054072553	0	LumA	HiSeq 2000
F1399	GSM2529477	-0.4880466813521567	6.6009582477754964	0	LumB	HiSeq 2000
F1400	GSM2529478	-3.1963192459421395	3.4168377823408624	1	LumA	HiSeq 2000
F1401	GSM2529479	-2.8414717873756237	6.576317590691307	0	LumB	NextSeq 500
F1402	GSM2529480	-3.75145274507656	6.535249828884326	0	LumA	NextSeq 500
F1403	GSM2529481	-3.3018948098482395	6.546201232032854	0	LumA	HiSeq 2000
F1404	GSM2529482	-2.4130379773291377	6.54072553045859	0	LumA	HiSeq 2000
F1405	GSM2529483	-2.4795404124173825	6.5571526351813825	0	LumB	HiSeq 2000
F1406	GSM2529484	-1.4057944712920583	4.454483230663929	1	LumB	NextSeq 500
F1407	GSM2529485	-2.7601325555430347	6.562628336755647	0	LumB	HiSeq 2000
F1408	GSM2529486	-0.9817744748987438	5.420944558521561	1	Basal	HiSeq 2000
F1409	GSM2529487	-1.9935160059250703	3.887748117727584	1	Her2	HiSeq 2000
F1410	GSM2529488	-3.6482532489321966	6.499657768651608	0	LumA	NextSeq 500
F1411	GSM2529489	-3.513040035339289	6.499657768651608	0	LumA	HiSeq 2000
F1412	GSM2529490	-1.284380756331989	6.496919917864476	0	LumB	HiSeq 2000
F1413	GSM2529491	-3.935081725547418	6.496919917864476	0	LumA	NextSeq 500
F1414	GSM2529492	-3.717316784243739	3.9288158795345653	1	LumA	HiSeq 2000
F1415	GSM2529493	-2.5677656771913955	6.483230663928816	0	LumB	HiSeq 2000
F1416	GSM2529494	-4.107708780333731	2.9596167008898013	1	LumA	HiSeq 2000
F1417	GSM2529495	-0.7513526230599026	6.477754962354552	0	LumA	HiSeq 2000
F1418	GSM2529496	-3.6763257920267085	6.4284736481861735	0	LumB	HiSeq 2000
F1419	GSM2529497	-2.724860191532423	6.52703627652293	0	Her2	HiSeq 2000
F1420	GSM2529498	-2.3600238534133555	6.412046543463381	0	LumA	HiSeq 2000
F1421	GSM2529499	-2.8341034452901113	6.38466803559206	0	LumA	HiSeq 2000
F1422	GSM2529500	-1.7180214735144597	6.38466803559206	0	LumA	NextSeq 500
F1423	GSM2529501	-4.3242984106724505	6.362765229295003	0	LumA	HiSeq 2000
F1424	GSM2529502	-2.258657030714432	6.349075975359343	0	LumB	HiSeq 2000
F1425	GSM2529503	-1.4765023932777768	6.329911019849418	0	Her2	HiSeq 2000
F1426	GSM2529504	-2.873546380361552	6.294318959616701	0	LumA	HiSeq 2000
F1427	GSM2529505	-3.429322042900398	6.253251197809719	0	LumA	HiSeq 2000
F1428	GSM2529506	-2.9612990775931793	6.272416153319644	0	LumA	HiSeq 2000
F1429	GSM2529507	-2.4717187280579425	6.239561943874059	0	LumB	HiSeq 2000
F1430	GSM2529508	-0.9474696553633731	6.250513347022587	0	LumB	HiSeq 2000
F1431	GSM2529509	-1.4456369381738627	6.250513347022587	0	LumB	HiSeq 2000
F1432	GSM2529510	-2.8955972582163767	6.247775496235455	0	LumA	HiSeq 2000
F1433	GSM2529511	-1.4556368829047708	6.234086242299795	0	LumB	HiSeq 2000
F1434	GSM2529512	-1.4463601251432892	1.0951403148528405	1	LumB	HiSeq 2000
F1435	GSM2529513	-0.8815925576300812	2.518822724161533	1	Basal	HiSeq 2000
F1436	GSM2529514	-3.6090562192461637	6.203969883641341	0	LumA	HiSeq 2000
F1437	GSM2529515	-2.3182378901147445	6.198494182067077	0	LumB	HiSeq 2000
F1438	GSM2529516	-3.10253162203392	6.182067077344285	0	Her2	NextSeq 500
F1439	GSM2529517	-0.8209180857035121	6.160164271047228	0	Normal	NextSeq 500
F1440	GSM2529518	-3.0166857642893414	6.160164271047228	0	LumA	NextSeq 500
F1441	GSM2529519	-2.7522095043711166	5.6098562628336754	1	Her2	NextSeq 500
F1442	GSM2529520	-2.1864154958266995	6.165639972621492	0	LumA	HiSeq 2000
F1443	GSM2529521	-0.10278506991264941	6.157426420260096	0	Her2	HiSeq 2000
F1444	GSM2529522	-2.796486580020511	6.16290212183436	0	LumB	HiSeq 2000
F1445	GSM2529523	-1.9170391660353328	6.0862422997946615	0	LumA	HiSeq 2000
F1446	GSM2529524	-3.084842776331217	2.951403148528405	1	LumA	HiSeq 2000
F1447	GSM2529525	-2.8067474861954516	5.757700205338809	1	Normal	HiSeq 2000
F1448	GSM2529526	-3.0330224038029905	6.105407255304586	0	LumB	HiSeq 2000
F1449	GSM2529527	-3.16220978239984	6.176591375770021	0	LumB	HiSeq 2000
F1450	GSM2529528	1.7411106422213276	2.9787816563997263	1	Basal	HiSeq 2000
F1451	GSM2529529	-2.0050645956784376	6.105407255304586	0	LumB	HiSeq 2000
F1452	GSM2529530	-2.3397188913246967	6.09719370294319	0	LumA	HiSeq 2000
F1453	GSM2529531	-3.0380270024028495	6.176591375770021	0	LumA	HiSeq 2000
F1454	GSM2529532	-3.192754818156889	6.0889801505817935	0	LumA	HiSeq 2000
F1455	GSM2529533	-1.2218486912081556	6.0862422997946615	0	LumB	HiSeq 2000
F1456	GSM2529534	-1.6416840930816434	6.061601642710472	0	LumA	HiSeq 2000
F1457	GSM2529535	-2.1826710062661516	6.069815195071868	0	LumA	HiSeq 2000
F1458	GSM2529536	-2.5744745408658867	6.04517453798768	0	LumA	HiSeq 2000
F1459	GSM2529537	-2.649290402718774	2.0533880903490758	1	LumA	HiSeq 2000
F1460	GSM2529538	-3.121723915491121	6.105407255304586	0	LumA	HiSeq 2000
F1461	GSM2529539	-2.4244990432833067	6.146475017111568	0	LumB	HiSeq 2000
F1462	GSM2529540	-3.2505275361487733	5.927446954141	0	LumB	HiSeq 2000
F1463	GSM2529541	-0.09924602311656329	6.031485284052019	0	Basal	HiSeq 2000
F1464	GSM2529542	-1.8015075121251776	5.25119780971937	1	Her2	HiSeq 2000
F1465	GSM2529543	-2.4813897520061876	6.0041067761806985	0	LumB	HiSeq 2000
F1466	GSM2529544	-1.5377219170589618	5.993155373032169	0	Her2	HiSeq 2000
F1467	GSM2529545	-1.6559448752931212	1.5770020533880904	1	Her2	HiSeq 2000
F1468	GSM2529546	-4.502284537899807	5.965776865160849	0	LumA	HiSeq 2000
F1469	GSM2529547	-0.5902242636996855	5.514031485284052	1	Basal	HiSeq 2000
F1470	GSM2529548	-3.376351599193089	5.971252566735113	0	LumA	HiSeq 2000
F1471	GSM2529549	-0.5609921036597372	2.245037645448323	1	Basal	HiSeq 2000
F1472	GSM2529550	-1.436273885615503	5.971252566735113	0	Normal	HiSeq 2000
F1473	GSM2529551	0.39553147504298425	2.236824093086927	1	Basal	HiSeq 2000
F1474	GSM2529552	-3.6651346858860436	5.927446954141	0	LumB	HiSeq 2000
F1475	GSM2529553	-3.7791547594956962	5.891854893908282	0	LumA	HiSeq 2000
F1476	GSM2529554	-3.5991888994708083	5.9110198494182065	0	LumA	HiSeq 2000
F1477	GSM2529555	-2.880090741432732	5.894592744695414	0	LumA	HiSeq 2000
F1478	GSM2529556	-3.0468824822735328	5.894592744695414	0	LumA	HiSeq 2000
F1479	GSM2529557	-0.692384373825918	1.1964407939767283	1	Her2	HiSeq 2000
F1480	GSM2529558	0.6812246066827513	5.88911704312115	0	LumB	HiSeq 2000
F1481	GSM2529559	-3.605862497174524	5.878165639972622	0	LumA	HiSeq 2000
F1482	GSM2529560	-0.9749461285271922	4.172484599589322	1	LumB	HiSeq 2000
F1483	GSM2529561	-3.8864635346614786	5.834360027378508	0	Her2	HiSeq 2000
F1484	GSM2529562	-2.440535667728219	2.724161533196441	1	Her2	HiSeq 2000
F1485	GSM2529563	-5.941418403844279	5.798767967145791	0	LumA	HiSeq 2000
F1486	GSM2529564	0.5170071068498702	5.796030116358659	0	Her2	HiSeq 2000
F1487	GSM2529565	-4.395913751389845	5.776865160848733	0	LumA	HiSeq 2000
F1488	GSM2529566	-4.318477749353509	5.779603011635865	0	Basal	HiSeq 2000
F1489	GSM2529567	-2.6283930887104177	5.796030116358659	0	Basal	HiSeq 2000
F1490	GSM2529568	-5.350710485014551	5.771389459274469	0	LumA	HiSeq 2000
F1491	GSM2529569	-2.828051468264982	5.700205338809035	0	LumA	HiSeq 2000
F1492	GSM2529570	-4.925688982767635	5.774127310061601	0	LumA	HiSeq 2000
F1493	GSM2529571	-3.8191814846287078	2.023271731690623	1	Basal	HiSeq 2000
F1494	GSM2529572	-4.413676635165893	5.7412731006160165	0	LumA	HiSeq 2000
F1495	GSM2529573	-1.1862805272433201	5.754962354551677	0	Basal	HiSeq 2000
F1496	GSM2529574	-4.5125662525706005	5.722108145106092	0	LumA	HiSeq 2000
F1497	GSM2529575	-5.44690742997857	4.566735112936345	1	LumB	HiSeq 2000
F1498	GSM2529576	-2.7354902401233065	5.73305954825462	0	LumA	HiSeq 2000
F1499	GSM2529577	-3.0288817511768045	5.705681040383299	0	LumA	HiSeq 2000
F1500	GSM2529578	-2.131528163903897	5.700205338809035	0	Her2	HiSeq 2000
F1501	GSM2529579	-1.8836387458033248	5.705681040383299	0	Her2	HiSeq 2000
F1502	GSM2529580	-3.26555408255839	5.702943189596167	0	LumA	HiSeq 2000
F1503	GSM2529581	-3.4204815057140805	4.1040383299110195	1	LumA	HiSeq 2000
F1504	GSM2529582	-1.5257763319254494	5.661875427789186	0	Normal	HiSeq 2000
F1505	GSM2529583	-3.076616584133271	5.664613278576318	0	Normal	HiSeq 2000
F1506	GSM2529584	-3.0782638913517215	5.66735112936345	0	LumA	HiSeq 2000
F1507	GSM2529585	-1.8627708528448732	5.73305954825462	0	LumA	HiSeq 2000
F1508	GSM2529586	-2.517388861234441	5.66735112936345	0	LumA	HiSeq 2000
F1509	GSM2529587	-2.2601088139099605	5.66735112936345	0	LumA	HiSeq 2000
F1510	GSM2529588	0.1900780070121382	5.645448323066393	0	Basal	HiSeq 2000
F1511	GSM2529589	-2.039847862091199	5.642710472279261	0	LumA	HiSeq 2000
F1512	GSM2529590	-3.78160101125247	5.6591375770020536	0	LumA	HiSeq 2000
F1513	GSM2529591	-4.7260204009801425	5.642710472279261	0	LumA	HiSeq 2000
F1514	GSM2529592	-2.814104860027982	5.645448323066393	0	LumB	HiSeq 2000
F1515	GSM2529593	-4.689721535660387	5.645448323066393	0	LumA	HiSeq 2000
F1516	GSM2529594	-1.5257103998226946	5.623545516769336	0	Her2	HiSeq 2000
F1517	GSM2529595	-2.6535409283551603	5.607118412046543	0	LumB	HiSeq 2000
F1518	GSM2529596	-1.1212984281320055	5.661875427789186	0	Basal	HiSeq 2000
F1519	GSM2529597	-0.23431685720929704	1.6563997262149213	1	Basal	HiSeq 2000
F1520	GSM2529598	-2.7769398952910693	5.607118412046543	0	LumB	HiSeq 2000
F1521	GSM2529599	-2.615860465274112	5.601642710472279	0	Basal	HiSeq 2000
F1522	GSM2529600	-3.731997516983233	5.582477754962355	0	LumA	HiSeq 2000
F1523	GSM2529601	-2.9479662035746506	5.582477754962355	0	LumA	HiSeq 2000
F1524	GSM2529602	-2.6115668413147772	5.716632443531828	0	LumA	HiSeq 2000
F1525	GSM2529603	-2.1057507915762064	5.577002053388091	0	LumB	HiSeq 2000
F1526	GSM2529604	-3.3586356407711278	5.549623545516769	0	LumA	HiSeq 2000
F1527	GSM2529605	-3.6751898926683926	5.587953456536619	0	LumB	HiSeq 2000
F1528	GSM2529606	-3.4757335176804256	5.5277207392197125	0	LumA	HiSeq 2000
F1529	GSM2529607	-2.872753436285411	5.582477754962355	0	LumB	HiSeq 2000
F1530	GSM2529608	-3.8530126158714997	5.541409993155373	0	LumA	HiSeq 2000
F1531	GSM2529609	-3.808696896785028	5.541409993155373	0	LumA	HiSeq 2000
F1532	GSM2529610	-1.7907108169710417	1.6563997262149213	1	Basal	HiSeq 2000
F1533	GSM2529611	-4.19804367065878	5.448323066392882	0	LumA	HiSeq 2000
F1534	GSM2529612	-0.7803635732227586	5.544147843942505	0	LumA	HiSeq 2000
F1535	GSM2529613	-2.882374065503879	5.4811772758384665	0	LumA	HiSeq 2000
F1536	GSM2529614	-4.019881337355939	5.467488021902806	0	LumA	HiSeq 2000
F1537	GSM2529615	-1.0489304902912258	5.4839151266255985	0	LumB	HiSeq 2000
F1538	GSM2529616	-2.4859851474456414	5.47296372347707	0	Basal	HiSeq 2000
F1539	GSM2529617	-3.3301208317106115	5.467488021902806	0	LumA	HiSeq 2000
F1540	GSM2529618	-3.4203284713377013	5.541409993155373	0	LumB	HiSeq 2000
F1541	GSM2529619	-1.5475388275823239	5.431895961670089	0	LumB	HiSeq 2000
F1542	GSM2529620	-3.072664906858182	5.412731006160164	0	LumA	HiSeq 2000
F1543	GSM2529621	-2.696246985543441	5.409993155373032	0	LumB	HiSeq 2000
F1544	GSM2529622	-3.6632431996932233	5.409993155373032	0	LumA	HiSeq 2000
F1545	GSM2529623	-2.5029766267185387	5.409993155373032	0	Normal	HiSeq 2000
F1546	GSM2529624	-0.048983100037423136	4.889801505817933	1	Basal	HiSeq 2000
F1547	GSM2529625	-3.1004674296541905	5.4072553045859	0	LumA	HiSeq 2000
F1548	GSM2529626	-4.42022467662747	5.390828199863107	0	LumB	HiSeq 2000
F1549	GSM2529627	-1.9219238638311755	5.374401095140315	0	Her2	HiSeq 2000
F1550	GSM2529628	-3.5400354399130967	5.374401095140315	0	LumA	HiSeq 2000
F1551	GSM2529629	-2.6116129010330895	5.004791238877481	1	Her2	HiSeq 2000
F1552	GSM2529630	-3.138304288015602	5.385352498288843	0	LumA	HiSeq 2000
F1553	GSM2529631	-3.542007073287083	5.368925393566051	0	Normal	HiSeq 2000
F1554	GSM2529632	-3.319766946472702	5.347022587268994	0	LumB	HiSeq 2000
F1555	GSM2529633	-4.240042144402295	5.3552361396303905	0	LumA	HiSeq 2000
F1556	GSM2529634	-2.411880477406841	5.314168377823409	0	LumA	HiSeq 2000
F1557	GSM2529635	-1.856210306620305	5.338809034907597	0	LumB	HiSeq 2000
F1558	GSM2529636	-3.41645919420374	5.28952772073922	0	LumA	HiSeq 2000
F1559	GSM2529637	-3.62913020512725	5.27583846680356	0	LumB	HiSeq 2000
F1560	GSM2529638	-1.6943494687883867	5.292265571526352	0	Her2	HiSeq 2000
F1561	GSM2529639	-3.7676630360539876	5.234770704996578	0	LumA	HiSeq 2000
F1562	GSM2529640	-2.5637318643746188	1.1444216290212184	1	LumA	HiSeq 2000
F1563	GSM2529641	-2.902895772929609	5.262149212867898	0	LumB	HiSeq 2000
F1564	GSM2529642	-2.0494929710139607	0.5995893223819302	1	Her2	HiSeq 2000
F1565	GSM2529643	-3.130480397074074	5.201916495550993	0	LumA	HiSeq 2000
F1566	GSM2529644	-3.202369865127206	5.1854893908282	0	LumA	HiSeq 2000
F1567	GSM2529645	-2.532134373069886	5.188227241615332	0	Her2	HiSeq 2000
F1568	GSM2529646	-0.7190424163902173	2.6009582477754964	1	Her2	HiSeq 2000
F1569	GSM2529647	-2.4161821373621057	5.207392197125257	0	LumA	HiSeq 2000
F1570	GSM2529648	-3.753801004361006	5.201916495550993	0	LumA	HiSeq 2000
F1571	GSM2529649	-2.871912529212759	5.19917864476386	0	LumA	HiSeq 2000
F1572	GSM2529650	-2.6230572350729853	5.1800136892539355	0	Her2	HiSeq 2000
F1573	GSM2529651	-0.6295582382367417	5.147159479808351	0	Her2	HiSeq 2000
F1574	GSM2529652	-2.3778226109520326	5.147159479808351	0	LumB	HiSeq 2000
F1575	GSM2529653	-2.5787450098122218	5.196440793976728	0	LumA	HiSeq 2000
F1576	GSM2529654	-2.5272172433814535	5.1827515400410675	0	LumA	NextSeq 500
F1577	GSM2529655	-3.1359321722867888	5.163586584531143	0	LumA	HiSeq 2000
F1578	GSM2529656	-1.5777592672030685	5.144421629021219	0	LumB	HiSeq 2000
F1579	GSM2529657	-1.758135634242476	5.130732375085558	0	LumA	HiSeq 2000
F1580	GSM2529658	-2.5895615532742444	5.127994524298426	0	Her2	HiSeq 2000
F1581	GSM2529659	-3.59036250153846	5.147159479808351	0	LumA	HiSeq 2000
F1582	GSM2529660	-3.6235868539614886	5.127994524298426	0	LumA	HiSeq 2000
F1583	GSM2529661	-3.623469082229429	5.147159479808351	0	LumA	HiSeq 2000
F1584	GSM2529662	-3.288140707443544	5.147159479808351	0	LumA	HiSeq 2000
F1585	GSM2529663	-1.211712435189967	5.122518822724161	0	LumB	HiSeq 2000
F1586	GSM2529664	-3.884910688048019	5.100616016427105	0	LumA	HiSeq 2000
F1587	GSM2529665	-3.8153955247279714	5.089664613278576	0	LumA	HiSeq 2000
F1588	GSM2529666	-3.376485802123919	5.106091718001369	0	LumA	HiSeq 2000
F1589	GSM2529667	-2.2357434005482038	4.298425735797399	1	LumB	HiSeq 2000
F1590	GSM2529668	-2.464790718548562	5.092402464065708	0	LumA	HiSeq 2000
F1591	GSM2529669	-2.143109647868782	5.08145106091718	0	Basal	HiSeq 2000
F1592	GSM2529670	-1.4975468830726724	5.103353867214237	0	Normal	HiSeq 2000
F1593	GSM2529671	-1.3223769783404307	5.089664613278576	0	Normal	HiSeq 2000
F1594	GSM2529672	-3.443285533906038	5.06776180698152	0	LumA	HiSeq 2000
F1595	GSM2529673	-2.3589410719091037	5.054072553045859	0	Normal	HiSeq 2000
F1596	GSM2529674	-3.397840766436664	5.048596851471594	0	LumA	NextSeq 500
F1597	GSM2529675	-3.0305523227568507	5.048596851471594	0	LumB	HiSeq 2000
F1598	GSM2529676	-3.366711064890346	5.0513347022587265	0	Normal	HiSeq 2000
F1599	GSM2529677	-3.823243425866586	5.492128678986996	0	LumA	HiSeq 2000
F1600	GSM2529678	-1.509141305203253	5.026694045174538	0	Her2	HiSeq 2000
F1601	GSM2529679	-2.9609200168268375	5.048596851471594	0	LumB	HiSeq 2000
F1602	GSM2529680	-1.7138572194639181	5.073237508555784	0	LumA	HiSeq 2000
F1603	GSM2529681	-2.125675683843523	4.774811772758385	1	LumB	HiSeq 2000
F1604	GSM2529682	-2.170832452612769	5.086926762491444	0	Basal	HiSeq 2000
F1605	GSM2529683	-1.0964399245709415	4.991101984941821	0	LumB	HiSeq 2000
F1606	GSM2529684	-3.4333423330048047	4.930869267624915	0	LumA	HiSeq 2000
F1607	GSM2529685	-3.001514594329053	5.0130047912388775	0	LumA	HiSeq 2000
F1608	GSM2529686	-3.4295025268490815	5.092402464065708	0	LumA	HiSeq 2000
F1609	GSM2529687	-3.8209749822662773	4.971937029431896	0	LumA	HiSeq 2000
F1610	GSM2529688	-2.962127709799616	4.969199178644764	0	LumA	HiSeq 2000
F1611	GSM2529689	-5.154945372278696	4.969199178644764	0	LumA	HiSeq 2000
F1612	GSM2529690	-3.263841688184472	4.947296372347707	0	Basal	HiSeq 2000
F1613	GSM2529691	-3.3863820393350452	4.988364134154689	0	LumA	HiSeq 2000
F1614	GSM2529692	-3.216929973984509	4.985626283367557	0	LumB	HiSeq 2000
F1615	GSM2529693	-4.237421196796228	4.958247775496235	0	LumB	HiSeq 2000
F1616	GSM2529694	-2.3587225209616203	4.97741273100616	0	Her2	HiSeq 2000
F1617	GSM2529695	-0.8869852255640174	4.969199178644764	0	LumB	HiSeq 2000
F1618	GSM2529696	-2.915506969416186	4.955509924709103	0	LumB	HiSeq 2000
F1619	GSM2529697	-3.763007894201194	4.908966461327857	0	LumB	HiSeq 2000
F1620	GSM2529698	-3.228670466126881	4.900752908966461	0	LumA	HiSeq 2000
F1621	GSM2529699	-3.9012565060841626	4.952772073921971	0	LumA	HiSeq 2000
F1622	GSM2529700	-1.8885019564639989	0.27652292950034224	1	LumB	HiSeq 2000
F1623	GSM2529701	-2.4935974852400764	4.900752908966461	0	LumA	HiSeq 2000
F1624	GSM2529702	-1.105354509706412	1.9603011635865846	1	Basal	HiSeq 2000
F1625	GSM2529703	-1.544164174699122	4.892539356605065	0	LumB	HiSeq 2000
F1626	GSM2529704	-4.055354856130966	4.85968514715948	0	LumA	HiSeq 2000
F1627	GSM2529705	-2.890019363062998	4.851471594798084	0	Normal	HiSeq 2000
F1628	GSM2529706	-2.828225230672573	4.939082819986311	0	LumA	HiSeq 2000
F1629	GSM2529707	-1.1413946270415622	4.876112251882272	0	Her2	HiSeq 2000
F1630	GSM2529708	-0.3760158172951664	4.824093086926762	0	LumB	HiSeq 2000
F1631	GSM2529709	-2.91992638592454	4.851471594798084	0	LumA	HiSeq 2000
F1632	GSM2529710	-3.4012775740730694	4.813141683778234	0	LumA	HiSeq 2000
F1633	GSM2529711	1.1630965070178918	4.802190280629706	0	Basal	HiSeq 2000
F1634	GSM2529712	-3.178983185696021	4.837782340862423	0	LumA	HiSeq 2000
F1635	GSM2529713	-2.3836026598343514	4.824093086926762	0	LumB	HiSeq 2000
F1636	GSM2529714	-2.7507823396330457	4.824093086926762	0	LumB	HiSeq 2000
F1637	GSM2529715	-2.736514444395647	4.862422997946612	0	LumB	HiSeq 2000
F1638	GSM2529716	-2.3534376384375677	4.799452429842574	0	LumB	HiSeq 2000
F1639	GSM2529717	-2.847120003148864	4.804928131416838	0	Normal	HiSeq 2000
F1640	GSM2529718	-4.415347116475984	4.799452429842574	0	LumA	HiSeq 2000
F1641	GSM2529719	-0.45954343958520427	4.728268309377139	0	Basal	HiSeq 2000
F1642	GSM2529720	-2.282129129209002	5.092402464065708	0	LumB	HiSeq 2000
F1643	GSM2529721	-4.140288388423424	4.818617385352498	0	LumA	HiSeq 2000
F1644	GSM2529722	-0.19496644219996684	4.818617385352498	0	Basal	NextSeq 500
F1645	GSM2529723	-1.51453117348675	0.837782340862423	1	Basal	HiSeq 2000
F1646	GSM2529724	-2.784587756427353	4.698151950718686	0	LumA	NextSeq 500
F1647	GSM2529725	-3.666934998140398	4.739219712525667	0	LumA	HiSeq 2000
F1648	GSM2529726	-3.5000355726979753	4.7967145790554415	0	LumA	NextSeq 500
F1649	GSM2529727	-4.195366008616709	2.7433264887063653	1	LumA	HiSeq 2000
F1650	GSM2529728	-3.4526265484301395	4.700889801505818	0	LumA	HiSeq 2000
F1651	GSM2529729	-3.440960748823656	4.689938398357289	0	LumA	NextSeq 500
F1652	GSM2529730	-2.178595525636021	4.687200547570157	0	Normal	HiSeq 2000
F1653	GSM2529731	1.4029153549774689	4.689938398357289	0	Basal	HiSeq 2000
F1654	GSM2529732	-3.315364315669276	4.681724845995893	0	LumB	HiSeq 2000
F1655	GSM2529733	-4.40540553189663	2.9952087611225187	1	LumA	NextSeq 500
F1656	GSM2529734	-1.7295577495412056	4.670773442847365	0	LumB	HiSeq 2000
F1657	GSM2529735	-3.914244323690755	4.670773442847365	0	LumA	HiSeq 2000
F1658	GSM2529736	-3.311917592781817	4.646132785763176	0	LumA	HiSeq 2000
F1659	GSM2529737	-0.6825440949065507	4.643394934976044	0	Her2	HiSeq 2000
F1660	GSM2529738	-3.1328382301870947	4.629705681040384	0	LumA	HiSeq 2000
F1661	GSM2529739	-3.4504569125422315	4.6269678302532515	0	LumA	HiSeq 2000
F1662	GSM2529740	-3.9695581484966795	4.605065023956194	0	LumA	HiSeq 2000
F1663	GSM2529741	-4.165976287696287	4.629705681040384	0	LumA	HiSeq 2000
F1664	GSM2529742	-3.455070478501838	4.591375770020534	0	LumA	HiSeq 2000
F1665	GSM2529743	-2.2630227247624015	4.646132785763176	0	Basal	HiSeq 2000
F1666	GSM2529744	-1.734594128688826	4.58590006844627	0	LumB	HiSeq 2000
F1667	GSM2529745	-5.2887982324853535	4.588637919233402	0	LumB	HiSeq 2000
F1668	GSM2529746	-4.839054809093342	4.58590006844627	0	LumB	HiSeq 2000
F1669	GSM2529747	-3.6423573499137407	4.479123887748118	0	LumA	HiSeq 2000
F1670	GSM2529748	-3.071038888549878	4.6269678302532515	0	Her2	HiSeq 2000
F1671	GSM2529749	-1.5813675908543534	4.588637919233402	0	LumA	HiSeq 2000
F1672	GSM2529750	-4.225541401999135	4.58590006844627	0	LumA	HiSeq 2000
F1673	GSM2529751	-2.2493336116327045	4.605065023956194	0	LumA	HiSeq 2000
F1674	GSM2529752	-3.3106918018911187	4.566735112936345	0	LumA	HiSeq 2000
F1675	GSM2529753	-2.623289797744674	4.531143052703627	0	LumA	HiSeq 2000
F1676	GSM2529754	-3.7229764011306012	4.5338809034907595	0	LumA	HiSeq 2000
F1677	GSM2529755	-3.1493408362205884	4.528405201916495	0	LumA	HiSeq 2000
F1678	GSM2529756	-3.488522251789756	4.528405201916495	0	LumB	HiSeq 2000
F1679	GSM2529757	-2.556779154307234	4.4955509924709105	0	LumB	HiSeq 2000
F1680	GSM2529758	-2.608624239819877	4.4955509924709105	0	Basal	HiSeq 2000
F1681	GSM2529759	-2.5931358669692584	4.490075290896646	0	LumA	HiSeq 2000
F1682	GSM2529760	-2.1402283436722866	4.492813141683778	0	LumB	HiSeq 2000
F1683	GSM2529761	-2.5597118139212083	4.514715947980835	0	LumA	HiSeq 2000
F1684	GSM2529762	-3.658986938541015	4.487337440109514	0	LumA	HiSeq 2000
F1685	GSM2529763	-2.289483828072378	4.490075290896646	0	LumB	HiSeq 2000
F1686	GSM2529764	-3.042356366684861	3.405886379192334	1	Normal	HiSeq 2000
F1687	GSM2529765	-3.4501718566753357	4.490075290896646	0	LumA	HiSeq 2000
F1688	GSM2529766	-3.283176302355629	4.470910335386721	0	LumA	HiSeq 2000
F1689	GSM2529767	-2.6424623310014286	4.511978097193703	0	LumA	HiSeq 2000
F1690	GSM2529768	-0.10829445494126251	4.42984257357974	0	Basal	HiSeq 2000
F1691	GSM2529769	-1.9522891107358855	4.41615331964408	0	LumA	HiSeq 2000
F1692	GSM2529770	-2.91325133110192	4.41615331964408	0	LumA	HiSeq 2000
F1693	GSM2529771	-3.1162652828043726	4.42984257357974	0	LumA	HiSeq 2000
F1694	GSM2529772	-2.2783264488147075	4.418891170431212	0	LumB	HiSeq 2000
F1695	GSM2529773	-3.4471330887489358	4.413415468856948	0	LumA	HiSeq 2000
F1696	GSM2529774	-2.8933187203718624	4.432580424366872	0	LumA	HiSeq 2000
F1697	GSM2529775	-2.802579694433115	4.413415468856948	0	LumB	HiSeq 2000
F1698	GSM2529776	-3.263020511074026	4.358658453114305	0	LumA	HiSeq 2000
F1699	GSM2529777	-2.575182009591109	4.37782340862423	0	Normal	HiSeq 2000
F1700	GSM2529778	-3.1063893662345077	4.361396303901437	0	Normal	HiSeq 2000
F1701	GSM2529779	-2.7195611462542937	4.353182751540041	0	LumA	HiSeq 2000
F1702	GSM2529780	-2.7334103889271173	4.353182751540041	0	LumA	HiSeq 2000
F1703	GSM2529781	-2.354410442031558	4.26009582477755	0	LumA	HiSeq 2000
F1704	GSM2529782	-2.873558839327296	4.317590691307323	0	LumA	HiSeq 2000
F1705	GSM2529783	-4.309184209004153	4.314852840520191	0	LumB	HiSeq 2000
F1706	GSM2529784	-3.450766949593472	4.1095140314852845	1	LumA	HiSeq 2000
F1707	GSM2529785	-2.6839882537352455	4.20807665982204	0	LumA	HiSeq 2000
F1708	GSM2529786	-2.345902903735398	4.301163586584531	0	Her2	HiSeq 2000
F1709	GSM2529787	-2.990223290962035	4.298425735797399	0	Normal	HiSeq 2000
F1710	GSM2529788	-3.3480002006912897	1.1143052703627652	1	LumA	HiSeq 2000
F1711	GSM2529789	-3.247780585164854	4.301163586584531	0	LumA	HiSeq 2000
F1712	GSM2529790	-2.5772400465193726	4.202600958247776	0	LumA	HiSeq 2000
F1713	GSM2529791	-1.8157789309105778	4.2792607802874745	0	Basal	NextSeq 500
F1714	GSM2529792	-2.919405530432293	4.758384668035592	0	Normal	HiSeq 2000
F1715	GSM2529793	-4.567392308157994	2.598220396988364	1	LumA	HiSeq 2000
F1716	GSM2529794	-2.9898562145491585	0.49007529089664614	1	LumA	HiSeq 2000
F1717	GSM2529795	-3.62339878413268	4.761122518822724	0	LumA	HiSeq 2000
F1718	GSM2529796	-3.5918353628116186	4.418891170431212	0	LumA	HiSeq 2000
F1719	GSM2529797	-3.0918220005483676	4.629705681040384	0	LumB	HiSeq 2000
F1720	GSM2529798	-1.6173337383339785	4.073921971252567	0	Basal	HiSeq 2000
F1721	GSM2529799	-1.8136755709613201	4.112251882272417	0	Basal	HiSeq 2000
F1722	GSM2529800	-2.5448854603221056	4.224503764544832	0	LumA	HiSeq 2000
F1723	GSM2529801	-1.3240226562097188	3.433264887063655	0	Basal	HiSeq 2000
F1724	GSM2529802	-2.4871328947567766	2.809034907597536	0	Her2	HiSeq 2000
F1725	GSM2529803	-1.516149366326459	2.6666666666666665	0	LumA	HiSeq 2000
F1726	GSM2529804	-3.3401437877245463	2.4750171115674195	0	LumA	HiSeq 2000
F1727	GSM2529805	-2.758362429269065	4.2792607802874745	0	LumA	HiSeq 2000
F1728	GSM2529806	-3.461661663812519	4.2792607802874745	0	Her2	HiSeq 2000
F1729	GSM2529807	-2.960514424583256	4.26009582477755	0	LumB	HiSeq 2000
F1730	GSM2529808	-2.686216403967743	4.257357973990418	0	Normal	HiSeq 2000
F1731	GSM2529809	-1.815911377032243	4.334017796030117	0	LumB	HiSeq 2000
F1732	GSM2529810	-2.813693127150499	4.240930869267625	0	LumA	HiSeq 2000
F1733	GSM2529811	-2.216485290781919	4.295687885010267	0	Her2	HiSeq 2000
F1734	GSM2529812	-3.4004300040442255	4.240930869267625	0	Normal	HiSeq 2000
F1735	GSM2529813	-1.7138150325006356	2.91854893908282	1	LumB	HiSeq 2000
F1736	GSM2529814	-1.9201310531151317	4.20807665982204	0	Normal	HiSeq 2000
F1737	GSM2529815	-3.9776842748608545	4.186173853524983	0	LumA	HiSeq 2000
F1738	GSM2529816	-1.074418778376797	4.167008898015058	0	Basal	NextSeq 500
F1739	GSM2529817	-3.132170511698287	4.202600958247776	0	LumA	NextSeq 500
F1740	GSM2529818	-2.9850698521601813	4.164271047227926	0	LumB	NextSeq 500
F1741	GSM2529819	-2.3177390989548448	3.761806981519507	1	LumA	HiSeq 2000
F1742	GSM2529820	-3.8879550493303507	4.16974674880219	0	LumB	NextSeq 500
F1743	GSM2529821	-2.8903538840671086	4.219028062970568	0	LumA	NextSeq 500
F1744	GSM2529822	0.8978684290937111	4.164271047227926	0	Basal	NextSeq 500
F1745	GSM2529823	-1.435727290679868	4.1505817932922655	0	Her2	NextSeq 500
F1746	GSM2529824	-2.8775604989688177	4.188911704312115	0	LumA	NextSeq 500
F1747	GSM2529825	-2.922801975433467	0.8542094455852156	1	LumA	HiSeq 2000
F1748	GSM2529826	-3.79249217014047	4.16974674880219	0	LumB	NextSeq 500
F1749	GSM2529827	-2.756573845141852	4.131416837782341	0	LumB	HiSeq 2000
F1750	GSM2529828	-1.832897605893346	4.153319644079398	0	Her2	HiSeq 2000
F1751	GSM2529829	-2.6829701333310756	4.134154688569473	0	LumA	HiSeq 2000
F1752	GSM2529830	-3.3709682235585	4.142368240930869	0	LumA	HiSeq 2000
F1753	GSM2529831	-3.046583558674769	4.095824777549623	0	LumA	HiSeq 2000
F1754	GSM2529832	-1.8519406627025918	3.969883641341547	1	Her2	HiSeq 2000
F1755	GSM2529833	-0.5008348477368759	4.1067761806981515	0	Basal	HiSeq 2000
F1756	GSM2529834	-3.623296004856355	4.131416837782341	0	Normal	HiSeq 2000
F1757	GSM2529835	-3.923765757253677	4.1040383299110195	0	LumB	HiSeq 2000
F1758	GSM2529836	-2.827130272445135	4.090349075975359	0	Normal	HiSeq 2000
F1759	GSM2529837	-3.2106612547225932	4.093086926762491	0	LumA	HiSeq 2000
F1760	GSM2529838	-3.324177347809667	4.054757015742642	0	LumA	HiSeq 2000
F1761	GSM2529839	-2.8067023642230793	4.049281314168378	0	LumA	HiSeq 2000
F1762	GSM2529840	-0.789813227498402	4.049281314168378	0	LumB	HiSeq 2000
F1763	GSM2529841	-3.3321107397530643	4.076659822039699	0	LumA	HiSeq 2000
F1764	GSM2529842	-1.9595463096773071	4.073921971252567	0	LumA	HiSeq 2000
F1765	GSM2529843	-3.7940477808164363	4.073921971252567	0	LumA	HiSeq 2000
F1766	GSM2529844	-2.4184690435768155	3.6057494866529773	1	LumA	HiSeq 2000
F1767	GSM2529845	-0.9967774502617379	1.4401095140314852	1	Her2	HiSeq 2000
F1768	GSM2529846	-3.0753778444663618	3.994524298425736	0	LumA	HiSeq 2000
F1769	GSM2529847	-0.5627234751260926	3.978097193702943	0	Basal	HiSeq 2000
F1770	GSM2529848	0.1412405542182981	1.5578370978781657	1	Basal	HiSeq 2000
F1771	GSM2529849	-2.1152386368127662	3.978097193702943	0	LumA	HiSeq 2000
F1772	GSM2529850	0.15262766336709271	3.9561943874058865	0	Basal	HiSeq 2000
F1773	GSM2529851	1.4750915062283563	1.9603011635865846	1	Basal	HiSeq 2000
F1774	GSM2529852	-1.5719108140864968	3.975359342915811	0	Basal	HiSeq 2000
F1775	GSM2529853	-3.053964839940563	3.9370294318959616	0	LumA	HiSeq 2000
F1776	GSM2529854	-2.211591477795277	3.920602327173169	0	LumA	HiSeq 2000
F1777	GSM2529855	-3.461520907456895	3.9315537303216974	0	LumB	HiSeq 2000
F1778	GSM2529856	-0.38683011601060396	3.62217659137577	1	Her2	HiSeq 2000
F1779	GSM2529857	-1.4941676238918338	3.9014373716632442	0	Her2	HiSeq 2000
F1780	GSM2529858	-2.0095437989814577	3.885010266940452	0	LumB	HiSeq 2000
F1781	GSM2529859	-2.8154351810723717	3.898699520876112	0	LumA	HiSeq 2000
F1782	GSM2529860	-2.8792825638476125	3.975359342915811	0	LumA	HiSeq 2000
F1783	GSM2529861	-2.0942701768469605	3.915126625598905	1	LumB	HiSeq 2000
F1784	GSM2529862	-1.487334352064673	1.9356605065023955	1	Basal	HiSeq 2000
F1785	GSM2529863	-0.20382677195248672	3.8412046543463383	0	Basal	HiSeq 2000
F1786	GSM2529864	-1.755809870398541	3.8767967145790556	0	LumA	HiSeq 2000
F1787	GSM2529865	-1.823937089335174	3.838466803559206	0	Normal	HiSeq 2000
F1788	GSM2529866	-1.6541336249171839	3.783709787816564	0	Normal	HiSeq 2000
F1789	GSM2529867	-3.712568963301992	3.805612594113621	0	Normal	HiSeq 2000
F1790	GSM2529868	-3.8680561676094616	3.800136892539357	0	LumA	HiSeq 2000
F1791	GSM2529869	-1.8403665553625894	3.7672826830937716	0	Basal	HiSeq 2000
F1792	GSM2529870	-2.5218299174077345	3.783709787816564	0	Normal	HiSeq 2000
F1793	GSM2529871	-3.9806608382799693	3.800136892539357	0	LumA	HiSeq 2000
F1794	GSM2529872	-2.923145159695451	3.7426420260095825	0	LumB	HiSeq 2000
F1795	GSM2529873	-0.6614762276668992	3.759069130732375	0	Basal	HiSeq 2000
F1796	GSM2529874	-2.956569381035406	3.7481177275838466	0	LumA	HiSeq 2000
F1797	GSM2529875	-2.0512654040188436	3.2279260780287475	1	LumB	HiSeq 2000
F1798	GSM2529876	-2.8372471403331563	3.802874743326489	0	LumA	HiSeq 2000
F1799	GSM2529877	-2.2489687782790173	3.7645448323066395	0	LumA	HiSeq 2000
F1800	GSM2529878	-2.9522158792997737	3.671457905544148	0	Normal	HiSeq 2000
F1801	GSM2529879	-3.1869030836168575	3.6659822039698837	0	LumA	NextSeq 500
F1802	GSM2529880	-3.588492331289907	3.701574264202601	0	LumA	HiSeq 2000
F1803	GSM2529881	-3.524492546034757	3.668720054757016	0	Her2	HiSeq 2000
F1804	GSM2529882	-3.749916843917263	3.7481177275838466	0	LumA	HiSeq 2000
F1805	GSM2529883	-3.377437514672774	3.6112251882272415	0	LumA	HiSeq 2000
F1806	GSM2529884	-1.4155703985197527	3.646817248459959	0	Her2	HiSeq 2000
F1807	GSM2529885	-1.326367893897421	3.6358658453114305	0	Basal	HiSeq 2000
F1808	GSM2529886	-1.0331476371222497	3.6057494866529773	0	Basal	HiSeq 2000
F1809	GSM2529887	-2.8172649250551354	3.57015742642026	0	LumA	HiSeq 2000
F1810	GSM2529888	-2.0534096841639164	3.567419575633128	0	LumB	HiSeq 2000
F1811	GSM2529889	-2.8066524804004533	3.572895277207392	0	LumA	NextSeq 500
F1812	GSM2529890	-2.901436259738877	3.572895277207392	0	LumA	HiSeq 2000
F1813	GSM2529891	-2.4353668722648254	3.572895277207392	0	LumA	HiSeq 2000
F1814	GSM2529892	-2.1727834005846445	3.572895277207392	0	LumA	NextSeq 500
F1815	GSM2529893	-3.4656449906939497	3.567419575633128	0	Normal	NextSeq 500
F1816	GSM2529894	-1.323475834877871	3.4934976043805612	0	LumB	HiSeq 2000
F1817	GSM2529895	-1.6796058961234872	3.509924709103354	0	LumB	HiSeq 2000
F1818	GSM2529896	-3.395541676222117	3.5811088295687883	0	Normal	HiSeq 2000
F1819	GSM2529897	-3.891672629700839	3.5373032169746748	0	LumA	NextSeq 500
F1820	GSM2529898	-2.81045703673265	3.490759753593429	0	LumA	HiSeq 2000
F1821	GSM2529899	-1.5190459675109196	3.509924709103354	0	LumB	HiSeq 2000
F1822	GSM2529900	-3.7034468677808126	3.512662559890486	0	LumB	NextSeq 500
F1823	GSM2529901	-3.384638398235373	3.512662559890486	0	LumA	HiSeq 2000
F1824	GSM2529902	-3.1965822570786773	1.3990417522245038	1	LumB	HiSeq 2000
F1825	GSM2529903	-2.4963845051580327	3.515400410677618	0	Her2	HiSeq 2000
F1826	GSM2529904	-3.244724647041939	3.477070499657769	0	LumA	HiSeq 2000
F1827	GSM2529905	-2.9007292661176534	3.4743326488706368	0	LumB	HiSeq 2000
F1828	GSM2529906	-1.4701823221728505	3.433264887063655	0	Basal	HiSeq 2000
F1829	GSM2529907	-3.2682763741433374	3.4743326488706368	0	LumA	NextSeq 500
F1830	GSM2529908	-1.5087779265174852	3.468856947296372	0	LumA	NextSeq 500
F1831	GSM2529909	-2.361274351946275	3.433264887063655	0	LumA	NextSeq 500
F1832	GSM2529910	-3.1640057950031255	3.4715947980835042	0	LumA	HiSeq 2000
F1833	GSM2529911	-1.8245358422957296	1.4373716632443532	1	Her2	NextSeq 500
F1834	GSM2529912	-2.7743883206249778	3.40041067761807	0	Normal	NextSeq 500
F1835	GSM2529913	-2.5432926023154865	3.378507871321013	0	LumA	NextSeq 500
F1836	GSM2529914	-3.0908980917054207	3.4715947980835042	0	LumA	NextSeq 500
F1837	GSM2529915	-4.478990449623188	3.381245722108145	0	LumA	NextSeq 500
F1838	GSM2529916	-3.099842502228859	3.3976728268309375	0	Normal	HiSeq 2000
F1839	GSM2529917	-3.1497829234968338	3.356605065023956	0	Basal	HiSeq 2000
F1840	GSM2529918	-4.275722836070266	3.381245722108145	0	LumA	HiSeq 2000
F1841	GSM2529919	-3.989662370339176	3.477070499657769	0	LumA	HiSeq 2000
F1842	GSM2529920	-0.34223745603553946	3.356605065023956	0	Her2	HiSeq 2000
F1843	GSM2529921	-2.2291971768526313	3.3429158110882957	0	LumB	HiSeq 2000
F1844	GSM2529922	-2.830036959730983	3.3429158110882957	0	LumA	HiSeq 2000
F1845	GSM2529923	-3.901682389282536	3.323750855578371	0	LumA	HiSeq 2000
F1846	GSM2529924	-4.062730949133904	3.2799452429842573	0	LumA	HiSeq 2000
F1847	GSM2529925	-0.977951164116976	3.2826830937713893	0	LumB	HiSeq 2000
F1848	GSM2529926	-3.368180086105267	3.3429158110882957	0	LumA	HiSeq 2000
F1849	GSM2529927	-1.4401672905386433	3.3182751540041067	0	LumB	HiSeq 2000
F1850	GSM2529928	-0.880260706577419	3.3045859000684463	0	Basal	HiSeq 2000
F1851	GSM2529929	0.11571852218926362	3.345653661875428	0	Her2	HiSeq 2000
F1852	GSM2529930	-3.200790434299092	3.326488706365503	0	LumA	HiSeq 2000
F1853	GSM2529931	-3.617893585849131	3.2826830937713893	0	LumB	HiSeq 2000
F1854	GSM2529932	-3.9699002356549182	3.2826830937713893	0	LumA	HiSeq 2000
F1855	GSM2529933	-3.138308659321852	3.3073237508555784	0	LumA	HiSeq 2000
F1856	GSM2529934	-3.3983551566636496	3.266255989048597	0	LumA	HiSeq 2000
F1857	GSM2529935	-4.496458618068859	3.326488706365503	0	LumA	HiSeq 2000
F1858	GSM2529936	-0.8301035594543473	3.29637234770705	0	Basal	HiSeq 2000
F1859	GSM2529937	-3.751992767984269	3.249828884325804	0	LumB	HiSeq 2000
F1860	GSM2529938	-3.060904589356412	3.24435318275154	0	LumA	HiSeq 2000
F1861	GSM2529939	-3.405799203875933	3.3018480492813143	0	LumA	HiSeq 2000
F1862	GSM2529940	-2.9137378693462708	3.260780287474333	0	Her2	HiSeq 2000
F1863	GSM2529941	-3.2070512798109694	3.3045859000684463	0	Normal	HiSeq 2000
F1864	GSM2529942	-2.8029921218642095	3.323750855578371	0	LumA	HiSeq 2000
F1865	GSM2529943	-3.251217319472759	3.1156741957563314	1	LumA	HiSeq 2000
F1866	GSM2529944	-3.0678686395379815	3.249828884325804	0	LumA	HiSeq 2000
F1867	GSM2529945	0.5194763983709263	2.4804928131416837	1	Her2	HiSeq 2000
F1868	GSM2529946	-0.7579404074974092	3.2032854209445585	0	Basal	NextSeq 500
F1869	GSM2529947	-1.8523297218876813	3.2306639288158796	0	LumA	HiSeq 2000
F1870	GSM2529948	-2.2000606402181204	3.2060232717316905	0	LumA	HiSeq 2000
F1871	GSM2529949	-0.4233451496326949	1.158110882956879	1	Her2	HiSeq 2000
F1872	GSM2529950	-2.4534994575938778	3.1485284052019167	0	LumA	NextSeq 500
F1873	GSM2529951	-1.6492377765305644	3.19233401779603	0	LumB	HiSeq 2000
F1874	GSM2529952	-2.028401306960265	3.189596167008898	0	Her2	HiSeq 2000
F1875	GSM2529953	-3.6661253501538287	3.0965092402464065	0	LumA	HiSeq 2000
F1876	GSM2529954	-3.307053802750963	3.052703627652293	0	LumB	HiSeq 2000
F1877	GSM2529955	-3.916257734406644	3.0937713894592744	0	LumA	HiSeq 2000
F1878	GSM2529956	-6.051067086610724	3.0937713894592744	0	LumA	HiSeq 2000
F1879	GSM2529957	-1.12199658581468	3.030800821355236	0	Her2	HiSeq 2000
F1880	GSM2529958	-3.904966240719938	3.080082135523614	0	LumB	HiSeq 2000
F1881	GSM2529959	-2.4539370350831993	3.07460643394935	0	LumA	HiSeq 2000
F1882	GSM2529960	-1.8613406769194196	3.0390143737166326	0	Basal	HiSeq 2000
F1883	GSM2529961	-4.248904447612317	2.1683778234086244	1	LumA	HiSeq 2000
F1884	GSM2529962	-3.323258606600344	3.02258726899384	0	LumA	HiSeq 2000
F1885	GSM2529963	-3.7069608493993	3.1485284052019167	0	LumA	HiSeq 2000
F1886	GSM2529964	-2.9528848079940575	3.189596167008898	0	LumA	HiSeq 2000
F1887	GSM2529965	-2.8398515459275275	3.132101300479124	0	LumB	HiSeq 2000
F1888	GSM2529966	-2.78004965030664	0.6981519507186859	1	LumA	HiSeq 2000
F1889	GSM2529967	-4.629106083798574	3.189596167008898	0	LumA	HiSeq 2000
F1890	GSM2529968	-0.9849652300928606	3.1184120465434635	0	Her2	HiSeq 2000
F1891	GSM2529969	-4.561711537348152	3.0910335386721424	0	LumA	HiSeq 2000
F1892	GSM2529970	-1.5756041430763423	3.167693360711841	0	LumB	HiSeq 2000
F1893	GSM2529971	-2.786630127485385	3.1293634496919918	0	LumA	HiSeq 2000
F1894	GSM2529972	-1.2806573944711703	0.7227926078028748	1	Her2	HiSeq 2000
F1895	GSM2529973	-2.5788158995159627	3.1266255989048597	0	LumA	HiSeq 2000
F1896	GSM2529974	-0.6463970187011782	3.0718685831622174	0	LumB	HiSeq 2000
F1897	GSM2529975	-4.478233347780582	2.9815195071868583	0	LumA	HiSeq 2000
F1898	GSM2529976	-2.2564453442437995	2.9979466119096507	0	LumB	HiSeq 2000
F1899	GSM2529977	-4.7612529589296715	3.0198494182067077	0	LumA	HiSeq 2000
F1900	GSM2529978	-3.1221144132823127	2.9787816563997263	0	LumA	HiSeq 2000
F1901	GSM2529979	-5.237850630410124	3.052703627652293	0	LumA	HiSeq 2000
F1902	GSM2529980	-2.649169072816685	3.0006844626967832	0	LumA	HiSeq 2000
F1903	GSM2529981	-4.255608811835464	2.976043805612594	0	LumA	HiSeq 2000
F1904	GSM2529982	-3.738439752182314	2.9596167008898013	0	LumA	HiSeq 2000
F1905	GSM2529983	-2.349208817745289	2.9568788501026693	0	LumB	HiSeq 2000
F1906	GSM2529984	-1.0221448706411564	2.965092402464066	0	LumB	HiSeq 2000
F1907	GSM2529985	-3.1636346901634065	2.937713894592745	0	LumA	HiSeq 2000
F1908	GSM2529986	-2.847032295191351	2.940451745379877	0	LumA	HiSeq 2000
F1909	GSM2529987	-4.258051243265034	2.3436002737850785	1	LumA	HiSeq 2000
F1910	GSM2529988	-2.7259082648996635	2.926762491444216	0	Normal	HiSeq 2000
F1911	GSM2529989	-2.397098110342328	2.9568788501026693	0	LumA	HiSeq 2000
F1912	GSM2529990	-1.7592809973052637	2.9623545516769334	0	LumB	HiSeq 2000
F1913	GSM2529991	-4.723414981939778	2.8774811772758384	0	LumB	HiSeq 2000
F1914	GSM2529992	-2.8021492234852503	2.8884325804243667	0	LumA	HiSeq 2000
F1915	GSM2529993	-0.672781583499118	2.8281998631074607	0	Her2	NextSeq 500
F1916	GSM2529994	0.32040588328011643	2.7898699520876113	0	Basal	NextSeq 500
F1917	GSM2529995	-2.8337525849085474	2.8062970568104038	0	LumA	NextSeq 500
F1918	GSM2529996	-1.378096613784044	2.7871321013004793	0	LumB	NextSeq 500
F1919	GSM2529997	-2.1709267454715744	2.7816563997262147	0	LumA	NextSeq 500
F1920	GSM2529998	-0.6929237961458709	2.8035592060232717	0	LumB	HiSeq 2000
F1921	GSM2529999	-3.8821015193345607	2.751540041067762	0	LumB	HiSeq 2000
F1922	GSM2530000	-2.304406268251007	2.809034907597536	0	LumB	HiSeq 2000
F1923	GSM2530001	-3.0455122917555015	2.746064339493498	0	LumB	HiSeq 2000
F1924	GSM2530002	-3.733579086542312	2.726899383983573	0	LumA	NextSeq 500
F1925	GSM2530003	-3.8975904276640874	2.6940451745379876	0	LumA	NextSeq 500
F1926	GSM2530004	-3.1474909317077	2.6940451745379876	0	LumA	HiSeq 2000
F1927	GSM2530005	-1.6677440327186555	2.732375085557837	0	LumA	HiSeq 2000
F1928	GSM2530006	-1.4543971611663427	2.652977412731006	0	LumB	NextSeq 500
F1929	GSM2530007	-2.7435892436815266	2.6721423682409307	0	LumA	HiSeq 2000
F1930	GSM2530008	-1.6552302292180288	2.6721423682409307	0	LumB	HiSeq 2000
F1931	GSM2530009	-3.470212301600945	2.6557152635181382	0	Normal	NextSeq 500
F1932	GSM2530010	-3.5982236762502615	2.6338124572210813	0	LumA	NextSeq 500
F1933	GSM2530011	-3.297879657941988	2.650239561943874	0	LumA	NextSeq 500
F1934	GSM2530012	-2.6248072266612827	2.6557152635181382	0	Her2	HiSeq 2000
F1935	GSM2530013	-3.1171632279315955	2.598220396988364	0	LumA	NextSeq 500
F1936	GSM2530014	-2.8098898662766674	2.5598904859685145	0	LumA	HiSeq 2000
F1937	GSM2530015	-2.3787346866032126	2.5763175906913074	0	LumA	NextSeq 500
F1938	GSM2530016	-2.4287053665572413	2.5900068446269677	0	LumA	HiSeq 2000
F1939	GSM2530017	-3.9321735940722404	2.537987679671458	0	LumA	NextSeq 500
F1940	GSM2530018	-2.239416541304693	2.521560574948665	0	LumB	HiSeq 2000
F1941	GSM2530019	-2.9838612918209657	2.5023956194387407	0	LumB	NextSeq 500
F1942	GSM2530020	-2.0304936229618247	2.4996577686516086	0	Normal	NextSeq 500
F1943	GSM2530021	-1.9040708974629537	2.4202600958247777	0	Her2	NextSeq 500
F1944	GSM2530022	-3.8460658046843745	2.4832306639288158	0	LumA	HiSeq 2000
F1945	GSM2530023	-2.5458256941596993	2.521560574948665	0	LumB	HiSeq 2000
F1946	GSM2530024	-2.496333087335355	2.510609171800137	0	LumA	HiSeq 2000
F1947	GSM2530025	-3.1214789487536585	2.461327857631759	0	LumA	HiSeq 2000
F1948	GSM2530026	-2.5679127756670628	2.4640657084188913	0	LumA	HiSeq 2000
F1949	GSM2530027	-2.6368740824560675	2.516084873374401	0	LumB	HiSeq 2000
F1950	GSM2530028	-2.7102312662068804	2.4832306639288158	0	LumB	HiSeq 2000
F1951	GSM2530029	-3.5601034882540628	2.4421629021218343	0	LumA	HiSeq 2000
F1952	GSM2530030	-0.6240281414310999	0.6023271731690623	1	Basal	HiSeq 2000
F1953	GSM2530031	-2.3092275913663105	2.4722792607802875	0	LumB	HiSeq 2000
F1954	GSM2530032	-3.3483272465676532	2.401095140314853	0	LumA	NextSeq 500
F1955	GSM2530033	-3.3796231766162093	2.4640657084188913	0	LumA	HiSeq 2000
F1956	GSM2530034	-3.309893370690849	2.414784394250513	0	LumB	NextSeq 500
F1957	GSM2530035	-1.57273569372214	2.3874058863791925	0	Her2	NextSeq 500
F1958	GSM2530036	-1.7709491981293226	2.3956194387405887	0	LumB	NextSeq 500
F1959	GSM2530037	-1.7623236070851667	2.3874058863791925	0	Basal	NextSeq 500
F1960	GSM2530038	-3.356276745920755	2.3846680355920604	0	LumA	NextSeq 500
F1961	GSM2530039	-2.8003943975327963	2.3682409308692676	0	LumA	NextSeq 500
F1962	GSM2530040	-3.2678927941328375	2.349075975359343	0	LumA	HiSeq 2000
F1963	GSM2530041	-4.362959765762579	2.3983572895277208	0	LumA	NextSeq 500
F1964	GSM2530042	-1.8965294406385038	2.379192334017796	0	Basal	HiSeq 2000
F1965	GSM2530043	-3.160002814365358	2.3874058863791925	0	LumA	HiSeq 2000
F1966	GSM2530044	-3.209049441460912	2.329911019849418	0	LumA	HiSeq 2000
F1967	GSM2530045	-3.916870991010103	2.324435318275154	0	LumA	HiSeq 2000
F1968	GSM2530046	-3.118620158384673	2.324435318275154	0	Normal	HiSeq 2000
F1969	GSM2530047	-3.524341600486372	2.3107460643394937	0	LumA	HiSeq 2000
F1970	GSM2530048	-2.911829258670075	6.680355920602327	0	LumA	NextSeq 500
F1971	GSM2530049	-2.0216355791295726	6.702258726899384	0	LumB	HiSeq 2000
F1972	GSM2530050	-0.9018887750685041	6.691307323750856	0	LumA	HiSeq 2000
F1973	GSM2530051	-1.74806295410918	6.674880219028063	0	Her2	HiSeq 2000
F1974	GSM2530052	-1.4728223687775104	5.234770704996578	1	LumA	HiSeq 2000
F1975	GSM2530053	-0.4082989048702851	6.622861054072553	0	Basal	HiSeq 2000
F1976	GSM2530054	-2.440072071821786	6.617385352498289	0	LumB	NextSeq 500
F1977	GSM2530055	-2.199623779969211	6.617385352498289	0	LumA	NextSeq 500
F1978	GSM2530056	-2.474171445835141	2.42299794661191	1	Normal	NextSeq 500
F1979	GSM2530057	-3.2293664684999936	6.562628336755647	0	LumA	NextSeq 500
F1980	GSM2530058	-1.8148271809288996	6.562628336755647	0	LumA	NextSeq 500
F1981	GSM2530059	-3.2063195602603654	6.543463381245722	0	LumA	HiSeq 2000
F1982	GSM2530060	-1.3706414435527872	6.55441478439425	0	LumB	NextSeq 500
F1983	GSM2530061	-2.3010351677453276	6.543463381245722	0	LumA	NextSeq 500
F1984	GSM2530062	-1.70693170747884	1.623545516769336	1	LumA	NextSeq 500
F1985	GSM2530063	-2.9489090315602033	6.537987679671458	0	LumA	NextSeq 500
F1986	GSM2530064	-0.482238314454436	6.636550308008213	0	Her2	HiSeq 2000
F1987	GSM2530065	-4.257502028183657	6.636550308008213	0	LumA	HiSeq 2000
F1988	GSM2530066	-2.970297325889906	6.636550308008213	0	LumA	HiSeq 2000
F1989	GSM2530067	-3.3521087906698495	6.524298425735798	0	Basal	NextSeq 500
F1990	GSM2530068	-3.49163665488814	6.5188227241615335	0	LumA	HiSeq 2000
F1991	GSM2530069	-1.0071938663300606	6.54072553045859	0	Basal	HiSeq 2000
F1992	GSM2530070	-1.6727986946337705	6.485968514715948	0	LumB	HiSeq 2000
F1993	GSM2530071	-3.1844400817639795	6.485968514715948	0	LumA	HiSeq 2000
F1994	GSM2530072	-2.7209083139300176	3.5290896646132786	1	Normal	HiSeq 2000
F1995	GSM2530073	-1.7762399363066073	6.477754962354552	0	Her2	HiSeq 2000
F1996	GSM2530074	-3.3509822112279206	6.499657768651608	0	LumA	HiSeq 2000
F1997	GSM2530075	-3.1045978281315927	6.447638603696099	0	Normal	HiSeq 2000
F1998	GSM2530076	-3.372781962860514	6.412046543463381	0	Normal	HiSeq 2000
F1999	GSM2530077	-0.6893251844647178	6.409308692676249	0	LumB	HiSeq 2000
F2000	GSM2530078	-2.2848019621336704	6.38466803559206	0	LumA	HiSeq 2000
F2001	GSM2530079	-2.1993205345777906	6.346338124572211	0	LumB	HiSeq 2000
F2002	GSM2530080	-2.0286711740306846	6.38466803559206	0	LumA	HiSeq 2000
F2003	GSM2530081	-3.745813808889516	6.392881587953457	0	LumA	HiSeq 2000
F2004	GSM2530082	-1.119880044771452	6.365503080082136	0	LumB	HiSeq 2000
F2005	GSM2530083	-2.44322095854759	6.365503080082136	0	LumB	HiSeq 2000
F2006	GSM2530084	-2.256744420675972	6.3709787816564	0	Basal	HiSeq 2000
F2007	GSM2530085	-1.6898681917758747	6.351813826146475	0	Her2	HiSeq 2000
F2008	GSM2530086	-2.4930526210370574	6.346338124572211	0	LumA	HiSeq 2000
F2009	GSM2530087	-2.345456219012033	6.365503080082136	0	Her2	HiSeq 2000
F2010	GSM2530088	-1.517044815814827	6.327173169062286	0	Her2	HiSeq 2000
F2011	GSM2530089	-2.0252536270455423	6.313483915126626	0	LumA	HiSeq 2000
F2012	GSM2530090	-2.571921282825422	2.21492128678987	1	LumA	HiSeq 2000
F2013	GSM2530091	-2.1546208835207747	6.335386721423682	0	Her2	HiSeq 2000
F2014	GSM2530092	-2.7143107948614604	6.297056810403833	0	Normal	HiSeq 2000
F2015	GSM2530093	-3.0288105408207953	6.288843258042436	0	LumA	HiSeq 2000
F2016	GSM2530094	-3.817310495297773	6.272416153319644	0	LumA	HiSeq 2000
F2017	GSM2530095	-2.816673957886788	6.2559890485968515	0	LumB	HiSeq 2000
F2018	GSM2530096	-3.026485102988337	6.250513347022587	0	LumB	HiSeq 2000
F2019	GSM2530097	-1.5651082092268045	6.217659137577002	0	LumA	HiSeq 2000
F2020	GSM2530098	-1.9458750574210555	6.203969883641341	0	LumB	HiSeq 2000
F2021	GSM2530099	-3.7479577032214633	6.234086242299795	0	LumA	HiSeq 2000
F2022	GSM2530100	-3.130448080448302	4.887063655030801	1	LumB	HiSeq 2000
F2023	GSM2530101	-1.309964033290589	6.201232032854209	0	Basal	HiSeq 2000
F2024	GSM2530102	-2.836025763839699	6.176591375770021	0	Her2	HiSeq 2000
F2025	GSM2530103	-1.9103934043817257	6.138261464750171	0	Normal	HiSeq 2000
F2026	GSM2530104	-3.082003151621749	6.119096509240246	0	LumA	HiSeq 2000
F2027	GSM2530105	-2.9364673720161956	4.4106776180698155	1	Normal	HiSeq 2000
F2028	GSM2530106	-1.9898402516965596	6.119096509240246	0	LumA	HiSeq 2000
F2029	GSM2530107	-2.7082355094846657	6.069815195071868	0	Normal	HiSeq 2000
F2030	GSM2530108	-2.8078130851927194	6.031485284052019	0	LumB	HiSeq 2000
F2031	GSM2530109	-1.9761721066028763	6.047912388774812	0	LumA	HiSeq 2000
F2032	GSM2530110	-1.8176242207323121	6.067077344284736	0	Her2	HiSeq 2000
F2033	GSM2530111	-1.1539574236019559	4.098562628336755	1	Basal	HiSeq 2000
F2034	GSM2530112	-1.9629107806218777	4.824093086926762	1	LumB	HiSeq 2000
F2035	GSM2530113	-0.5010095014507605	6.0424366872005475	0	LumA	HiSeq 2000
F2036	GSM2530114	1.857513817330242	6.1300479123887746	0	Basal	NextSeq 500
F2037	GSM2530115	-2.5533859885670482	6.028747433264887	0	LumB	HiSeq 2000
F2038	GSM2530116	-1.372067199334576	6.031485284052019	0	Her2	NextSeq 500
F2039	GSM2530117	-1.7778951153065996	2.0150581793292264	1	LumB	NextSeq 500
F2040	GSM2530118	-2.610262336988377	5.993155373032169	0	Her2	HiSeq 2000
F2041	GSM2530119	-3.8212541567667695	5.984941820670773	0	LumA	NextSeq 500
F2042	GSM2530120	-2.3910107018411972	5.984941820670773	0	Basal	HiSeq 2000
F2043	GSM2530121	-3.5544179131795786	5.952087611225188	0	LumA	NextSeq 500
F2044	GSM2530122	-2.209676342140197	6.009582477754963	0	Normal	HiSeq 2000
F2045	GSM2530123	-2.0251689330033	5.908281998631074	0	Normal	HiSeq 2000
F2046	GSM2530124	-3.3211107310127326	4.553045859000685	1	LumA	NextSeq 500
F2047	GSM2530125	-2.948220775123734	3.6550308008213555	1	LumB	NextSeq 500
F2048	GSM2530126	-1.8244331534100646	5.817932922655715	0	LumB	HiSeq 2000
F2049	GSM2530127	-2.7009437139592736	5.798767967145791	0	LumA	HiSeq 2000
F2050	GSM2530128	-0.4416414366748118	5.774127310061601	0	Basal	HiSeq 2000
F2051	GSM2530129	-6.336380195281758	5.763175906913073	0	LumA	NextSeq 500
F2052	GSM2530130	-5.063187481860276	5.779603011635865	0	Normal	HiSeq 2000
F2053	GSM2530131	-2.958934904533923	5.812457221081451	0	LumA	HiSeq 2000
F2054	GSM2530132	0.9157385846244056	5.716632443531828	0	Basal	HiSeq 2000
F2055	GSM2530133	-3.1855342259324666	5.760438056125941	0	LumA	HiSeq 2000
F2056	GSM2530134	-2.5677394585624143	5.722108145106092	0	LumB	HiSeq 2000
F2057	GSM2530135	-1.957743381313155	5.6974674880219025	0	Basal	HiSeq 2000
F2058	GSM2530136	-3.057382280076909	5.754962354551677	0	LumA	HiSeq 2000
F2059	GSM2530137	0.5743039454100831	5.705681040383299	0	Basal	HiSeq 2000
F2060	GSM2530138	-0.41842763990432225	4.5338809034907595	1	LumB	HiSeq 2000
F2061	GSM2530139	-2.074121470451865	3.1184120465434635	1	LumA	HiSeq 2000
F2062	GSM2530140	-2.8103053012010726	5.579739904175223	0	LumA	HiSeq 2000
F2063	GSM2530141	-0.07807984378787304	5.664613278576318	0	Normal	HiSeq 2000
F2064	GSM2530142	-2.3278205406500057	5.6591375770020536	0	LumA	HiSeq 2000
F2065	GSM2530143	-2.168262476396315	5.68104038329911	0	LumA	HiSeq 2000
F2066	GSM2530144	-3.0417453536396666	5.6591375770020536	0	LumA	HiSeq 2000
F2067	GSM2530145	0.7872097352244188	5.639972621492129	0	Basal	HiSeq 2000
F2068	GSM2530146	-0.9569063654584457	5.637234770704997	0	LumB	HiSeq 2000
F2069	GSM2530147	-2.3899201825371024	5.6591375770020536	0	Her2	HiSeq 2000
F2070	GSM2530148	-2.9294831933160514	5.604380561259411	0	LumA	HiSeq 2000
F2071	GSM2530149	-3.9452644015756273	5.500342231348392	1	LumA	HiSeq 2000
F2072	GSM2530150	-3.920910084956864	5.585215605749487	0	LumB	HiSeq 2000
F2073	GSM2530151	-1.4415109220171773	5.607118412046543	0	Her2	HiSeq 2000
F2074	GSM2530152	-3.1243198575869693	5.582477754962355	0	LumA	HiSeq 2000
F2075	GSM2530153	-2.8302360199365766	5.566050650239562	0	LumA	HiSeq 2000
F2076	GSM2530154	-3.915574341300935	5.560574948665297	0	LumA	HiSeq 2000
F2077	GSM2530155	-3.067209208652643	5.568788501026694	0	LumB	HiSeq 2000
F2078	GSM2530156	-3.059574222877349	5.541409993155373	0	LumA	HiSeq 2000
F2079	GSM2530157	-3.310037542077322	5.541409993155373	0	LumA	HiSeq 2000
F2080	GSM2530158	-1.0857019606293188	5.508555783709788	0	LumB	HiSeq 2000
F2081	GSM2530159	1.7171082011759942	2.891170431211499	1	Basal	HiSeq 2000
F2082	GSM2530160	-2.7201193628283633	5.5249828884325805	0	LumA	HiSeq 2000
F2083	GSM2530161	-1.088631148040506	5.522245037645448	0	Normal	HiSeq 2000
F2084	GSM2530162	-2.877187547332582	5.47296372347707	0	LumA	HiSeq 2000
F2085	GSM2530163	-2.9123261683247867	5.47296372347707	0	LumA	HiSeq 2000
F2086	GSM2530164	-0.6106425071672448	5.47296372347707	0	Her2	HiSeq 2000
F2087	GSM2530165	-0.5637291144162025	5.4839151266255985	0	LumB	HiSeq 2000
F2088	GSM2530166	0.876442892280383	4.2792607802874745	1	Her2	HiSeq 2000
F2089	GSM2530167	-1.3668296707687324	5.464750171115674	0	Basal	HiSeq 2000
F2090	GSM2530168	-0.6045932656003701	5.467488021902806	0	LumA	HiSeq 2000
F2091	GSM2530169	-1.4100833324671995	5.541409993155373	0	Basal	HiSeq 2000
F2092	GSM2530170	-1.7286706967828227	5.366187542778919	0	Her2	HiSeq 2000
F2093	GSM2530171	-1.7609754880540311	5.201916495550993	0	LumA	HiSeq 2000
F2094	GSM2530172	1.1735038811177938	5.4839151266255985	0	Basal	HiSeq 2000
F2095	GSM2530173	-3.385431276325816	5.3552361396303905	0	LumA	HiSeq 2000
F2096	GSM2530174	-0.11646606971829224	2.97056810403833	1	Basal	HiSeq 2000
F2097	GSM2530175	-2.5767692279271404	5.144421629021219	0	LumB	HiSeq 2000
F2098	GSM2530176	-3.8312653703141524	0.3860369609856263	1	LumB	HiSeq 2000
F2099	GSM2530177	-2.0568005020527593	5.333333333333333	0	Basal	HiSeq 2000
F2100	GSM2530178	-1.6361197853100702	5.333333333333333	0	Her2	HiSeq 2000
F2101	GSM2530179	-4.502657097672846	5.352498288843258	0	LumA	HiSeq 2000
F2102	GSM2530180	-2.1208889996733893	5.3114305270362765	0	LumA	HiSeq 2000
F2103	GSM2530181	-2.4816469149216127	5.336071184120465	0	LumA	HiSeq 2000
F2104	GSM2530182	-2.9027688082084007	5.292265571526352	0	LumA	HiSeq 2000
F2105	GSM2530183	-3.893530040364718	5.292265571526352	0	LumA	HiSeq 2000
F2106	GSM2530184	-2.4496291771444603	2.0971937029431897	1	LumB	HiSeq 2000
F2107	GSM2530185	-3.401997800012826	5.27583846680356	0	LumA	HiSeq 2000
F2108	GSM2530186	-2.540545349009655	5.270362765229295	0	Normal	HiSeq 2000
F2109	GSM2530187	-1.6619715827690364	5.221081451060917	0	LumB	HiSeq 2000
F2110	GSM2530188	-2.242856581368753	5.19917864476386	0	LumB	HiSeq 2000
F2111	GSM2530189	-2.3913949690278264	5.045859000684462	0	LumA	HiSeq 2000
F2112	GSM2530190	-3.0728923571765856	5.234770704996578	0	Normal	HiSeq 2000
F2113	GSM2530191	-4.3048010022947745	5.160848733744011	0	LumA	HiSeq 2000
F2114	GSM2530192	-2.660593878678843	5.02943189596167	0	LumA	HiSeq 2000
F2115	GSM2530193	-3.1226562444935766	5.103353867214237	0	LumA	HiSeq 2000
F2116	GSM2530194	-3.7705067784135675	5.103353867214237	0	LumA	HiSeq 2000
F2117	GSM2530195	-3.048054878142683	5.1800136892539355	0	LumA	HiSeq 2000
F2118	GSM2530196	-3.3175463694270615	5.070499657768652	0	LumA	HiSeq 2000
F2119	GSM2530197	-1.5061377726682492	5.04312114989733	0	LumA	HiSeq 2000
F2120	GSM2530198	-2.6117673066336526	5.007529089664613	0	LumB	HiSeq 2000
F2121	GSM2530199	-0.8220641968163099	5.045859000684462	0	Her2	HiSeq 2000
F2122	GSM2530200	-2.2506717228296904	4.969199178644764	0	LumB	HiSeq 2000
F2123	GSM2530201	-2.4541316527015664	4.878850102669404	0	LumA	HiSeq 2000
F2124	GSM2530202	-1.736262112499054	4.862422997946612	0	LumA	HiSeq 2000
F2125	GSM2530203	-5.342618551387185	4.813141683778234	0	LumA	HiSeq 2000
F2126	GSM2530204	-2.143399954245178	4.82135523613963	0	LumB	HiSeq 2000
F2127	GSM2530205	-2.1457198542421922	4.804928131416838	0	LumB	HiSeq 2000
F2128	GSM2530206	-0.9734796123673833	4.134154688569473	1	Her2	HiSeq 2000
F2129	GSM2530207	-2.38429935911052	4.777549623545517	0	LumA	HiSeq 2000
F2130	GSM2530208	-1.8383071449547237	2.321697467488022	1	Her2	HiSeq 2000
F2131	GSM2530209	-1.6296669595168256	4.298425735797399	0	LumB	HiSeq 2000
F2132	GSM2530210	-2.689862578024609	4.747433264887063	0	LumA	HiSeq 2000
F2133	GSM2530211	-2.5841275274283513	4.741957563312799	0	LumB	HiSeq 2000
F2134	GSM2530212	-1.198175602242028	4.722792607802875	0	Basal	HiSeq 2000
F2135	GSM2530213	-0.16212152703296148	4.65160848733744	0	Basal	HiSeq 2000
F2136	GSM2530214	-4.323434110671158	4.728268309377139	0	LumB	HiSeq 2000
F2137	GSM2530215	-2.3444368777279734	4.706365503080082	0	LumA	HiSeq 2000
F2138	GSM2530216	-3.253644692132988	4.700889801505818	0	LumA	HiSeq 2000
F2139	GSM2530217	-2.29111954498883	4.687200547570157	0	LumB	HiSeq 2000
F2140	GSM2530218	-2.078357162786235	4.681724845995893	0	LumB	HiSeq 2000
F2141	GSM2530219	-3.2415135192758666	4.6680355920602326	0	LumA	HiSeq 2000
F2142	GSM2530220	-3.0731514315683053	4.7091033538672145	0	LumA	HiSeq 2000
F2143	GSM2530221	-2.8337768671430497	4.648870636550308	0	LumB	HiSeq 2000
F2144	GSM2530222	-2.358745947622565	4.6242299794661195	0	LumA	HiSeq 2000
F2145	GSM2530223	-2.370161690756385	4.629705681040384	0	Normal	HiSeq 2000
F2146	GSM2530224	-2.903882877867464	4.563997262149213	0	LumB	HiSeq 2000
F2147	GSM2530225	-2.538686154933765	4.566735112936345	0	LumA	HiSeq 2000
F2148	GSM2530226	-2.977850291723101	4.531143052703627	0	LumA	HiSeq 2000
F2149	GSM2530227	-3.97552795633564	4.071184120465435	0	LumA	HiSeq 2000
F2150	GSM2530228	-2.5852938708433983	4.511978097193703	0	LumB	HiSeq 2000
F2151	GSM2530229	-2.667673113401466	4.490075290896646	0	LumA	HiSeq 2000
F2152	GSM2530230	-2.892438962972079	4.292950034223135	1	Normal	HiSeq 2000
F2153	GSM2530231	-1.976830326566058	4.41615331964408	0	Her2	HiSeq 2000
F2154	GSM2530232	-3.026891901568143	4.413415468856948	0	LumA	HiSeq 2000
F2155	GSM2530233	-2.4967694853215487	4.470910335386721	0	LumB	NextSeq 500
F2156	GSM2530234	-2.9536850265914865	4.39151266255989	0	LumA	HiSeq 2000
F2157	GSM2530235	-2.6760523482124947	4.394250513347022	0	LumA	HiSeq 2000
F2158	GSM2530236	-2.7705278108573377	4.3203285420944555	0	LumA	HiSeq 2000
F2159	GSM2530237	-3.340333072134468	4.369609856262834	0	LumA	HiSeq 2000
F2160	GSM2530238	-3.597489180032405	4.336755646817249	0	LumA	HiSeq 2000
F2161	GSM2530239	-2.012816764701204	2.9048596851471595	0	Basal	HiSeq 2000
F2162	GSM2530240	-1.458365710858289	2.652977412731006	0	LumB	HiSeq 2000
F2163	GSM2530241	-1.5593573871098427	4.287474332648871	0	LumA	HiSeq 2000
F2164	GSM2530242	-2.3467692419683197	4.298425735797399	0	LumB	HiSeq 2000
F2165	GSM2530243	-1.5469710225548226	4.323066392881588	0	LumB	HiSeq 2000
F2166	GSM2530244	-2.0295945782667535	4.262833675564682	0	LumB	HiSeq 2000
F2167	GSM2530245	-0.5007600140736407	4.27378507871321	0	Basal	HiSeq 2000
F2168	GSM2530246	-2.4700506510184512	4.284736481861739	0	LumA	HiSeq 2000
F2169	GSM2530247	-2.8126086001241637	4.262833675564682	0	LumA	HiSeq 2000
F2170	GSM2530248	-1.22679661858001	4.224503764544832	0	LumB	HiSeq 2000
F2171	GSM2530249	-2.858872375301802	4.240930869267625	0	LumA	HiSeq 2000
F2172	GSM2530250	-1.2888567179418307	4.246406570841889	0	LumB	HiSeq 2000
F2173	GSM2530251	-2.6778129947832605	4.202600958247776	0	Normal	HiSeq 2000
F2174	GSM2530252	-2.401591289031224	4.205338809034908	0	LumB	HiSeq 2000
F2175	GSM2530253	-1.4444794264798344	4.188911704312115	0	Basal	HiSeq 2000
F2176	GSM2530254	-2.255751276952004	4.188911704312115	0	Normal	HiSeq 2000
F2177	GSM2530255	-2.94464873210374	4.167008898015058	0	LumA	HiSeq 2000
F2178	GSM2530256	-2.8144197328705065	4.153319644079398	0	LumA	HiSeq 2000
F2179	GSM2530257	-3.0861493016610173	4.164271047227926	0	LumA	HiSeq 2000
F2180	GSM2530258	-0.09665214114956791	4.188911704312115	0	LumB	HiSeq 2000
F2181	GSM2530259	-3.1589274920843473	4.128678986995209	0	LumB	HiSeq 2000
F2182	GSM2530260	0.7418881709002236	4.142368240930869	0	Basal	HiSeq 2000
F2183	GSM2530261	-3.3046913125208106	4.125941136208077	0	LumB	HiSeq 2000
F2184	GSM2530262	-2.4988692762254625	4.134154688569473	0	Her2	HiSeq 2000
F2185	GSM2530263	-2.383281707979263	4.095824777549623	0	LumB	HiSeq 2000
F2186	GSM2530264	-1.8128622448678469	2.967830253251198	1	LumB	HiSeq 2000
F2187	GSM2530265	-1.5689066970331813	4.035592060232717	0	Basal	HiSeq 2000
F2188	GSM2530266	-3.320887614871255	4.073921971252567	0	LumA	HiSeq 2000
F2189	GSM2530267	-3.147548892949747	4.068446269678303	0	LumA	HiSeq 2000
F2190	GSM2530268	-2.8473435816991812	4.046543463381246	0	LumA	HiSeq 2000
F2191	GSM2530269	-2.9279562676128648	4.030116358658453	0	LumA	HiSeq 2000
F2192	GSM2530270	-2.0114140608938644	4.032854209445585	0	LumB	HiSeq 2000
F2193	GSM2530271	-2.6325682005841156	4.01368925393566	0	LumA	HiSeq 2000
F2194	GSM2530272	-3.026152789937955	4.032854209445585	0	LumA	HiSeq 2000
F2195	GSM2530273	-1.1828394854117128	4.01368925393566	0	LumB	HiSeq 2000
F2196	GSM2530274	1.3342847446121289	3.9425051334702257	0	Basal	HiSeq 2000
F2197	GSM2530275	-2.492468646730915	3.980835044490075	0	LumA	HiSeq 2000
F2198	GSM2530276	-0.43044926753078266	3.997262149212868	0	Normal	HiSeq 2000
F2199	GSM2530277	-0.696222224570536	4.035592060232717	0	Normal	HiSeq 2000
F2200	GSM2530278	-2.2191552390722395	3.805612594113621	1	LumA	HiSeq 2000
F2201	GSM2530279	-2.0549220146506224	3.9342915811088295	0	LumA	HiSeq 2000
F2202	GSM2530280	-1.9647191842092175	3.8576317590691307	0	Normal	HiSeq 2000
F2203	GSM2530281	-2.2284591849450743	3.808350444900753	0	LumA	HiSeq 2000
F2204	GSM2530282	-1.8534326290097283	3.805612594113621	0	LumA	HiSeq 2000
F2205	GSM2530283	1.3248415991118825	3.808350444900753	0	Basal	HiSeq 2000
F2206	GSM2530284	-1.9759290835404564	3.7782340862423	0	LumA	HiSeq 2000
F2207	GSM2530285	-2.3293359704744834	3.728952772073922	0	LumA	HiSeq 2000
F2208	GSM2530286	-2.8042618511013635	3.704312114989733	0	LumA	HiSeq 2000
F2209	GSM2530287	-3.788004372115661	3.649555099247091	0	LumB	HiSeq 2000
F2210	GSM2530288	-2.7745667751065266	3.6358658453114305	0	LumB	HiSeq 2000
F2211	GSM2530289	-2.7896283289314736	3.592060232717317	0	LumA	HiSeq 2000
F2212	GSM2530290	-3.5900830130124373	3.575633127994524	0	LumA	HiSeq 2000
F2213	GSM2530291	-1.8181707843011183	3.5482546201232035	0	LumB	HiSeq 2000
F2214	GSM2530292	-1.848951467810025	3.575633127994524	0	LumA	HiSeq 2000
F2215	GSM2530293	-3.571900649607567	3.6084873374401094	0	LumA	HiSeq 2000
F2216	GSM2530294	-3.305319428634808	3.572895277207392	0	LumA	HiSeq 2000
F2217	GSM2530295	-2.198377745197755	3.4195756331279945	0	Basal	HiSeq 2000
F2218	GSM2530296	-1.9465012489814821	3.4140999315537304	0	Her2	HiSeq 2000
F2219	GSM2530297	-4.219591264863574	3.4168377823408624	0	LumA	HiSeq 2000
F2220	GSM2530298	-3.4728520689901368	3.4113620807665983	0	LumA	HiSeq 2000
F2221	GSM2530299	-3.645180701440747	3.403148528405202	0	Normal	HiSeq 2000
F2222	GSM2530300	-3.2615044863029894	1.1334702258726899	1	LumA	HiSeq 2000
F2223	GSM2530301	-2.547758440543566	3.378507871321013	0	LumA	HiSeq 2000
F2224	GSM2530302	-1.7210274302066997	3.359342915811088	0	LumB	HiSeq 2000
F2225	GSM2530303	-0.8913466487125005	3.378507871321013	0	LumB	HiSeq 2000
F2226	GSM2530304	-2.204571971643472	3.3155373032169746	0	LumB	HiSeq 2000
F2227	GSM2530305	-2.8524477173400826	3.2826830937713893	0	LumA	HiSeq 2000
F2228	GSM2530306	-1.6115035344601218	3.326488706365503	0	LumB	HiSeq 2000
F2229	GSM2530307	-1.6791539487105913	3.323750855578371	0	Her2	HiSeq 2000
F2230	GSM2530308	-2.0876014954345457	3.299110198494182	0	LumA	HiSeq 2000
F2231	GSM2530309	-2.4355994812902906	3.263518138261465	0	LumA	HiSeq 2000
F2232	GSM2530310	-0.715005757504824	3.266255989048597	0	LumB	NextSeq 500
F2233	GSM2530311	-3.1366230248568403	3.2279260780287475	0	LumA	HiSeq 2000
F2234	GSM2530312	-1.6358860333722096	3.2251882272416155	0	LumA	HiSeq 2000
F2235	GSM2530313	-2.2790879090788714	3.2279260780287475	0	LumA	HiSeq 2000
F2236	GSM2530314	-0.9910407958058057	3.2306639288158796	0	LumB	HiSeq 2000
F2237	GSM2530315	-0.11677715616727465	3.156741957563313	0	Her2	HiSeq 2000
F2238	GSM2530316	-2.2199610597591817	3.1266255989048597	0	LumA	HiSeq 2000
F2239	GSM2530317	-2.08727003417289	3.1293634496919918	0	LumA	HiSeq 2000
F2240	GSM2530318	-2.349946725389214	1.2566735112936345	1	LumA	HiSeq 2000
F2241	GSM2530319	-2.440966148163426	3.058179329226557	0	LumB	HiSeq 2000
F2242	GSM2530320	-4.86377672212162	5.054072553045859	0	LumB	HiSeq 2000
F2243	GSM2530321	-2.8459415135577455	3.0198494182067077	0	LumB	HiSeq 2000
F2244	GSM2530322	-0.8703399913140094	3.0006844626967832	0	Basal	HiSeq 2000
F2245	GSM2530323	-3.5510116645508947	3.02258726899384	0	LumB	HiSeq 2000
F2246	GSM2530324	-0.5517097365743904	2.869267624914442	0	Her2	HiSeq 2000
F2247	GSM2530325	0.10391725222557673	2.9048596851471595	0	Her2	HiSeq 2000
F2248	GSM2530326	-3.5482120021903607	2.8966461327857633	0	LumB	HiSeq 2000
F2249	GSM2530327	-1.1810262787353993	3.0034223134839153	0	Her2	NextSeq 500
F2250	GSM2530328	-3.239616603141459	2.7652292950034223	0	LumA	HiSeq 2000
F2251	GSM2530329	-1.604604029381912	2.746064339493498	0	Basal	HiSeq 2000
F2252	GSM2530330	-4.318576694262723	2.6885694729637235	0	LumA	HiSeq 2000
F2253	GSM2530331	-0.8011564457705322	2.617385352498289	0	Basal	HiSeq 2000
F2254	GSM2530332	-0.26570148032797425	2.6776180698151952	0	Her2	HiSeq 2000
F2255	GSM2530333	-2.4539330238645265	2.631074606433949	0	LumB	HiSeq 2000
F2256	GSM2530334	-2.3252726049025605	2.6776180698151952	0	LumA	HiSeq 2000
F2257	GSM2530335	-2.0334378526693806	2.4996577686516086	0	LumB	HiSeq 2000
F2258	GSM2530336	-2.6999057064931455	2.516084873374401	0	LumB	HiSeq 2000
F2259	GSM2530337	-2.7645015272393514	2.6776180698151952	0	Normal	HiSeq 2000
F2260	GSM2530338	-3.9902807415424366	2.3107460643394937	0	LumA	HiSeq 2000
F2261	GSM2530339	-2.777493348314449	2.321697467488022	0	LumA	HiSeq 2000
F2262	GSM2530340	-4.107168021358416	2.324435318275154	0	LumA	HiSeq 2000
F2263	GSM2530341	-4.073265280666055	2.3408624229979464	0	LumB	HiSeq 2000
F2264	GSM2530342	-1.6006380356428151	2.3436002737850785	0	Basal	HiSeq 2000
F2265	GSM2530343	-3.8853031378915737	2.3627652292950034	0	LumA	HiSeq 2000
F2266	GSM2530344	-4.36625223508797	2.3682409308692676	0	LumA	HiSeq 2000
F2267	GSM2530345	-1.4956547045035165	2.406570841889117	0	LumB	HiSeq 2000
F2268	GSM2530346	-2.989353886246671	2.401095140314853	0	LumA	HiSeq 2000
F2269	GSM2530347	-3.8129420701799774	2.4202600958247777	0	LumA	HiSeq 2000
F2270	GSM2530348	-2.4912534946328173	2.4750171115674195	0	LumA	NextSeq 500
F2271	GSM2530349	-2.220191462893117	2.4777549623545516	0	LumA	HiSeq 2000
F2272	GSM2530350	-3.467159862499841	6.699520876112252	0	LumA	NextSeq 500
F2273	GSM2530351	-1.8468668515295326	6.699520876112252	0	LumB	NextSeq 500
F2274	GSM2530352	-3.873680948496574	6.674880219028063	0	LumA	HiSeq 2000
F2275	GSM2530353	-3.49141041581695	6.674880219028063	0	LumA	NextSeq 500
F2276	GSM2530354	-3.3377444385546102	6.562628336755647	1	LumA	NextSeq 500
F2277	GSM2530355	-2.998769712074129	6.625598904859685	0	LumA	HiSeq 2000
F2278	GSM2530356	-3.4406956920886627	6.620123203285421	0	LumA	HiSeq 2000
F2279	GSM2530357	-0.3716360685438733	1.4702258726899384	1	Basal	HiSeq 2000
F2280	GSM2530358	-1.8527531285572423	6.576317590691307	0	LumB	HiSeq 2000
F2281	GSM2530359	-3.062404688248729	6.5571526351813825	0	LumB	HiSeq 2000
F2282	GSM2530360	-2.6148348708896427	6.5571526351813825	0	LumA	HiSeq 2000
F2283	GSM2530361	-3.3229667283242623	6.537987679671458	0	LumA	HiSeq 2000
F2284	GSM2530362	-3.8688457321624345	6.537987679671458	0	LumA	HiSeq 2000
F2285	GSM2530363	-3.276389922054986	6.535249828884326	0	LumB	HiSeq 2000
F2286	GSM2530364	-2.3973552114206322	6.537987679671458	0	LumA	HiSeq 2000
F2287	GSM2530365	-1.811681359786089	6.5188227241615335	0	LumB	HiSeq 2000
F2288	GSM2530366	-3.2416415759135275	6.5188227241615335	0	LumA	HiSeq 2000
F2289	GSM2530367	-4.093941220186753	6.499657768651608	0	LumA	HiSeq 2000
F2290	GSM2530368	-2.460247439908296	6.499657768651608	0	LumA	HiSeq 2000
F2291	GSM2530369	-2.78332231987119	6.50239561943874	0	LumA	HiSeq 2000
F2292	GSM2530370	-2.1758084431855376	3.8740588637919235	1	LumA	HiSeq 2000
F2293	GSM2530371	1.1049102909576178	2.6694045174537986	1	Basal	HiSeq 2000
F2294	GSM2530372	-2.508127454442978	6.442162902121835	0	LumA	HiSeq 2000
F2295	GSM2530373	-3.763315653396399	1.054072553045859	1	LumA	HiSeq 2000
F2296	GSM2530374	-1.6089403799566342	6.412046543463381	0	LumB	HiSeq 2000
F2297	GSM2530375	-3.5572005688379087	4.309377138945927	1	LumA	HiSeq 2000
F2298	GSM2530376	-3.2359132477452275	6.351813826146475	0	LumA	HiSeq 2000
F2299	GSM2530377	-1.3589285286808384	6.365503080082136	0	Basal	HiSeq 2000
F2300	GSM2530378	-3.006557431482876	6.365503080082136	0	Basal	HiSeq 2000
F2301	GSM2530379	-3.840231455710013	6.351813826146475	0	LumB	HiSeq 2000
F2302	GSM2530380	-2.5638256741996583	6.365503080082136	0	Normal	HiSeq 2000
F2303	GSM2530381	-2.0942590827868544	6.365503080082136	0	Basal	HiSeq 2000
F2304	GSM2530382	-3.5387348845540227	6.365503080082136	0	LumA	HiSeq 2000
F2305	GSM2530383	-2.688882455578068	6.313483915126626	0	Basal	HiSeq 2000
F2306	GSM2530384	-0.8852678310320656	6.313483915126626	0	Her2	HiSeq 2000
F2307	GSM2530385	-2.6888575308854734	6.308008213552362	0	LumA	HiSeq 2000
F2308	GSM2530386	-2.8143633888735797	1.8836413415468858	1	LumB	HiSeq 2000
F2309	GSM2530387	-2.887649367176757	6.250513347022587	0	LumB	NextSeq 500
F2310	GSM2530388	-2.2993621524015317	6.250513347022587	0	LumA	NextSeq 500
F2311	GSM2530389	-1.0398139133633473	2.726899383983573	1	Basal	NextSeq 500
F2312	GSM2530390	-2.1476410015736698	6.231348391512663	0	Normal	HiSeq 2000
F2313	GSM2530391	-2.72135695885713	1.1444216290212184	1	LumB	HiSeq 2000
F2314	GSM2530392	-1.218269173695154	6.231348391512663	0	Basal	HiSeq 2000
F2315	GSM2530393	-3.7596806295410774	6.2121834360027375	0	LumA	HiSeq 2000
F2316	GSM2530394	-3.168426910502938	6.203969883641341	0	LumA	NextSeq 500
F2317	GSM2530395	-3.785251737293186	6.231348391512663	0	LumA	NextSeq 500
F2318	GSM2530396	-2.73377257363333	6.176591375770021	0	LumA	HiSeq 2000
F2319	GSM2530397	-3.096870570769851	3.649555099247091	1	LumA	HiSeq 2000
F2320	GSM2530398	-3.688649413379704	6.157426420260096	0	LumA	NextSeq 500
F2321	GSM2530399	-3.7475922120263396	6.157426420260096	0	LumA	HiSeq 2000
F2322	GSM2530400	-3.3167824254561853	6.143737166324435	0	LumA	HiSeq 2000
F2323	GSM2530401	-3.4746324651472302	6.12457221081451	0	LumA	HiSeq 2000
F2324	GSM2530402	-3.2724834531419176	6.12457221081451	0	LumA	HiSeq 2000
F2325	GSM2530403	-3.863779324530819	0.15331964407939766	1	LumB	HiSeq 2000
F2326	GSM2530404	-4.25966838327817	6.080766598220397	0	LumA	HiSeq 2000
F2327	GSM2530405	-3.335474875068995	6.080766598220397	0	LumB	HiSeq 2000
F2328	GSM2530406	-1.5554653389270456	6.067077344284736	0	LumB	HiSeq 2000
F2329	GSM2530407	-2.4909283844147385	6.0424366872005475	0	LumB	HiSeq 2000
F2330	GSM2530408	-2.4104227891528147	6.0424366872005475	0	LumA	HiSeq 2000
F2331	GSM2530409	-2.427298575822076	6.0041067761806985	0	Her2	NextSeq 500
F2332	GSM2530410	-0.6965470737871983	5.987679671457905	0	LumB	NextSeq 500
F2333	GSM2530411	-2.1456005465071173	5.932922655715264	0	Normal	HiSeq 2000
F2334	GSM2530412	-3.021390268842113	5.982203969883641	0	LumA	HiSeq 2000
F2335	GSM2530413	-3.7944963352198786	5.952087611225188	0	LumA	NextSeq 500
F2336	GSM2530414	-2.2993152727360244	5.796030116358659	0	LumA	HiSeq 2000
F2337	GSM2530415	-5.181512689543294	2.6776180698151952	1	LumB	HiSeq 2000
F2338	GSM2530416	-3.3482015407937986	5.817932922655715	0	LumA	NextSeq 500
F2339	GSM2530417	-2.9648740835998986	5.774127310061601	0	LumA	NextSeq 500
F2340	GSM2530418	-1.749980618005143	5.774127310061601	0	Basal	HiSeq 2000
F2341	GSM2530419	-2.8459795070163043	5.793292265571527	0	LumA	HiSeq 2000
F2342	GSM2530420	-4.316271869093901	5.752224503764545	0	LumA	HiSeq 2000
F2343	GSM2530421	-2.0879023748421353	5.754962354551677	0	LumA	HiSeq 2000
F2344	GSM2530422	-1.8108546509214964	5.73305954825462	0	Normal	HiSeq 2000
F2345	GSM2530423	-4.291463093483839	3.9561943874058865	1	LumA	HiSeq 2000
F2346	GSM2530424	-5.593186842908296	5.716632443531828	0	LumA	HiSeq 2000
F2347	GSM2530425	-3.1174298607058626	5.702943189596167	0	LumA	HiSeq 2000
F2348	GSM2530426	-1.2528388507045094	5.705681040383299	0	LumA	HiSeq 2000
F2349	GSM2530427	-3.129819168600949	5.6974674880219025	0	LumA	HiSeq 2000
F2350	GSM2530428	-2.281461763207275	5.664613278576318	0	LumA	NextSeq 500
F2351	GSM2530429	-1.6631181242033308	5.678302532511978	0	Basal	HiSeq 2000
F2352	GSM2530430	-2.8279296090094825	5.66735112936345	0	LumA	NextSeq 500
F2353	GSM2530431	-1.47472892574384	5.661875427789186	0	LumA	NextSeq 500
F2354	GSM2530432	-3.2521767325509816	5.639972621492129	0	LumA	HiSeq 2000
F2355	GSM2530433	-3.0656803503064696	5.639972621492129	0	LumB	NextSeq 500
F2356	GSM2530434	-2.1404918210308734	5.642710472279261	0	LumB	NextSeq 500
F2357	GSM2530435	-4.399712876437275	5.620807665982204	0	LumA	HiSeq 2000
F2358	GSM2530436	-1.670266777472938	5.598904859685147	0	LumB	HiSeq 2000
F2359	GSM2530437	-3.6273748561598276	5.598904859685147	0	LumB	HiSeq 2000
F2360	GSM2530438	-2.605093394248349	4.372347707049966	1	Normal	HiSeq 2000
F2361	GSM2530439	-2.6978968975657946	4.588637919233402	1	LumA	HiSeq 2000
F2362	GSM2530440	-1.216634562238817	5.579739904175223	0	LumB	HiSeq 2000
F2363	GSM2530441	-1.0491128123744917	5.585215605749487	0	LumB	HiSeq 2000
F2364	GSM2530442	-2.4381311861748567	3.132101300479124	1	Her2	HiSeq 2000
F2365	GSM2530443	-0.959301884049181	3.789185489390828	1	LumB	HiSeq 2000
F2366	GSM2530444	-0.7825328411159841	5.503080082135524	0	Basal	HiSeq 2000
F2367	GSM2530445	-2.2062022276323705	5.44558521560575	0	LumA	HiSeq 2000
F2368	GSM2530446	-1.9920093374915706	5.44558521560575	0	LumA	HiSeq 2000
F2369	GSM2530447	-2.781109675309598	5.4072553045859	0	LumA	HiSeq 2000
F2370	GSM2530448	-1.307822865826552	5.4072553045859	0	LumB	HiSeq 2000
F2371	GSM2530449	-2.2458789018044665	5.409993155373032	0	LumB	HiSeq 2000
F2372	GSM2530450	-2.703663367714883	5.388090349075975	0	LumA	HiSeq 2000
F2373	GSM2530451	-3.321264398844821	5.388090349075975	0	LumA	HiSeq 2000
F2374	GSM2530452	-3.376595704842364	1.5468856947296372	1	LumA	HiSeq 2000
F2375	GSM2530453	-2.620877691375378	5.368925393566051	0	Normal	HiSeq 2000
F2376	GSM2530454	-3.705593813420848	5.371663244353183	0	LumA	HiSeq 2000
F2377	GSM2530455	0.03528151438902748	5.330595482546201	0	LumB	HiSeq 2000
F2378	GSM2530456	-1.256961333993284	5.336071184120465	0	Basal	HiSeq 2000
F2379	GSM2530457	-2.1586647383712303	5.330595482546201	0	LumA	HiSeq 2000
F2380	GSM2530458	-3.8731234712750715	5.3114305270362765	0	LumB	HiSeq 2000
F2381	GSM2530459	-4.3525454441012	5.3114305270362765	0	LumA	HiSeq 2000
F2382	GSM2530460	-2.88731774082058	5.292265571526352	0	LumA	HiSeq 2000
F2383	GSM2530461	-3.441408488618106	5.2731006160164275	0	LumA	HiSeq 2000
F2384	GSM2530462	-3.7725894623912515	5.2731006160164275	0	LumA	HiSeq 2000
F2385	GSM2530463	-3.2359964081439614	5.253935660506502	0	LumA	HiSeq 2000
F2386	GSM2530464	-3.799921274921527	5.256673511293634	0	LumA	HiSeq 2000
F2387	GSM2530465	-2.938084499416482	5.240246406570842	0	Normal	HiSeq 2000
F2388	GSM2530466	-3.122034033734599	5.234770704996578	0	LumB	HiSeq 2000
F2389	GSM2530467	-2.5699401085669047	5.234770704996578	0	Normal	HiSeq 2000
F2390	GSM2530468	-2.6051072069009384	5.234770704996578	0	LumB	HiSeq 2000
F2391	GSM2530469	-2.033171514646716	5.215605749486653	0	LumA	HiSeq 2000
F2392	GSM2530470	-3.4840306634246847	4.574948665297741	1	LumA	HiSeq 2000
F2393	GSM2530471	-3.7894958574253668	5.234770704996578	0	LumB	HiSeq 2000
F2394	GSM2530472	-4.133900863188392	5.19917864476386	0	LumA	HiSeq 2000
F2395	GSM2530473	-3.0530188896954193	5.19917864476386	0	LumA	HiSeq 2000
F2396	GSM2530474	-3.683685178591259	5.19917864476386	0	LumA	HiSeq 2000
F2397	GSM2530475	-2.9273612821147332	5.201916495550993	0	LumA	HiSeq 2000
F2398	GSM2530476	-3.413727602490022	5.092402464065708	0	LumA	HiSeq 2000
F2399	GSM2530477	-4.181552212226597	5.147159479808351	0	LumA	HiSeq 2000
F2400	GSM2530478	-3.240824693422699	5.122518822724161	0	LumB	HiSeq 2000
F2401	GSM2530479	-0.6156851654983039	5.144421629021219	0	Basal	HiSeq 2000
F2402	GSM2530480	-3.169918333631978	5.160848733744011	0	LumB	HiSeq 2000
F2403	GSM2530481	-0.6010046436022767	5.122518822724161	0	Her2	HiSeq 2000
F2404	GSM2530482	-3.6783578546900655	5.007529089664613	0	LumA	HiSeq 2000
F2405	GSM2530483	-0.4264060173482424	5.045859000684462	0	Her2	HiSeq 2000
F2406	GSM2530484	-3.0285863845686087	4.963723477070499	1	LumA	HiSeq 2000
F2407	GSM2530485	-1.4798351158120437	1.45927446954141	1	Her2	NextSeq 500
F2408	GSM2530486	-3.467188054535779	5.106091718001369	0	LumA	HiSeq 2000
F2409	GSM2530487	-2.427790459232231	5.103353867214237	0	LumA	HiSeq 2000
F2410	GSM2530488	-1.7138885549266327	5.045859000684462	0	Normal	HiSeq 2000
F2411	GSM2530489	-2.420780790196024	5.026694045174538	0	Her2	HiSeq 2000
F2412	GSM2530490	-1.0514286240471442	5.026694045174538	0	Basal	HiSeq 2000
F2413	GSM2530491	-3.0339650993889977	5.026694045174538	0	LumA	HiSeq 2000
F2414	GSM2530492	-3.1613937910695133	3.704312114989733	1	LumB	HiSeq 2000
F2415	GSM2530493	-3.4725077291607938	2.9842573579739904	1	LumA	HiSeq 2000
F2416	GSM2530494	-3.4731028892120333	5.0130047912388775	0	LumA	HiSeq 2000
F2417	GSM2530495	-3.6900137388665057	5.018480492813142	0	LumA	HiSeq 2000
F2418	GSM2530496	-2.0602160066333792	4.988364134154689	0	Her2	HiSeq 2000
F2419	GSM2530497	-3.9636576396401964	4.988364134154689	0	LumB	HiSeq 2000
F2420	GSM2530498	-3.683717295729512	4.4955509924709105	1	LumA	HiSeq 2000
F2421	GSM2530499	-2.5843403260407447	4.969199178644764	0	LumB	HiSeq 2000
F2422	GSM2530500	-2.100016516647548	4.91170431211499	0	LumB	HiSeq 2000
F2423	GSM2530501	-0.2825396435981526	2.7816563997262147	1	Normal	HiSeq 2000
F2424	GSM2530502	-2.7491731030697424	4.813141683778234	0	LumA	HiSeq 2000
F2425	GSM2530503	-2.9300461409048397	4.777549623545517	0	LumA	HiSeq 2000
F2426	GSM2530504	-2.9969870120181077	4.758384668035592	0	LumA	HiSeq 2000
F2427	GSM2530505	-2.88578691063277	4.758384668035592	0	LumA	HiSeq 2000
F2428	GSM2530506	-3.0016012617554955	4.739219712525667	0	LumA	HiSeq 2000
F2429	GSM2530507	-3.308237351124196	4.725530458590007	0	LumA	HiSeq 2000
F2430	GSM2530508	-2.6211691591341864	4.700889801505818	0	LumB	HiSeq 2000
F2431	GSM2530509	-2.8314197055775687	4.700889801505818	0	LumB	HiSeq 2000
F2432	GSM2530510	-4.087606083593858	4.720054757015743	0	LumA	HiSeq 2000
F2433	GSM2530511	-4.373060834202489	4.700889801505818	0	LumA	HiSeq 2000
F2434	GSM2530512	-1.8940759295961098	4.684462696783025	0	Her2	HiSeq 2000
F2435	GSM2530513	-1.4252141855968998	4.646132785763176	0	Basal	HiSeq 2000
F2436	GSM2530514	-1.1439843758973696	4.632443531827516	0	LumB	HiSeq 2000
F2437	GSM2530515	-3.693912757374737	4.6242299794661195	0	LumA	HiSeq 2000
F2438	GSM2530516	-2.8124509207113677	4.605065023956194	0	LumA	HiSeq 2000
F2439	GSM2530517	-3.0310308247926443	4.607802874743326	0	LumA	HiSeq 2000
F2440	GSM2530518	-2.187336981029653	4.602327173169062	0	LumA	HiSeq 2000
F2441	GSM2530519	-3.2434004457638865	4.58590006844627	0	LumA	HiSeq 2000
F2442	GSM2530520	-2.3129392370648336	4.602327173169062	0	LumA	HiSeq 2000
F2443	GSM2530521	-1.4040861093238979	3.4524298425735798	1	Basal	HiSeq 2000
F2444	GSM2530522	-1.3754808989248803	4.563997262149213	0	Her2	HiSeq 2000
F2445	GSM2530523	-4.712459294544119	4.544832306639288	0	LumA	HiSeq 2000
F2446	GSM2530524	-3.071718302095428	4.528405201916495	0	LumA	HiSeq 2000
F2447	GSM2530525	-4.164575356761883	4.528405201916495	0	LumB	HiSeq 2000
F2448	GSM2530526	-1.2254992862666103	4.399726214921286	0	Basal	HiSeq 2000
F2449	GSM2530527	-1.7889193464814466	2.086242299794661	1	Basal	HiSeq 2000
F2450	GSM2530528	-0.9861582422453157	4.323066392881588	0	Basal	HiSeq 2000
F2451	GSM2530529	-1.6649621030081563	3.9890485968514717	0	LumA	HiSeq 2000
F2452	GSM2530530	0.3183543262541548	3.9589322381930185	0	Her2	HiSeq 2000
F2453	GSM2530531	-1.1033131102386269	3.6276522929500343	0	LumB	HiSeq 2000
F2454	GSM2530532	-1.6230598573332358	2.6885694729637235	0	Her2	HiSeq 2000
F2455	GSM2530533	0.3492321189953698	3.047227926078029	1	Her2	HiSeq 2000
F2456	GSM2530534	-3.3481313634849874	4.525667351129363	0	LumA	HiSeq 2000
F2457	GSM2530535	-2.890588254536714	4.016427104722792	1	LumB	HiSeq 2000
F2458	GSM2530536	0.25094758433042036	4.506502395619439	0	LumB	HiSeq 2000
F2459	GSM2530537	-4.762620929981968	4.487337440109514	0	LumA	HiSeq 2000
F2460	GSM2530538	-2.803836902378016	4.487337440109514	0	Normal	HiSeq 2000
F2461	GSM2530539	0.07623925699030694	4.487337440109514	0	Basal	HiSeq 2000
F2462	GSM2530540	-3.0075865319920316	4.4490075290896645	0	LumA	HiSeq 2000
F2463	GSM2530541	-0.5913101241751518	4.4490075290896645	0	Her2	HiSeq 2000
F2464	GSM2530542	-4.14972678443114	4.4106776180698155	0	LumA	HiSeq 2000
F2465	GSM2530543	-3.917461671103739	4.4106776180698155	0	LumA	HiSeq 2000
F2466	GSM2530544	-3.613030550920183	4.4106776180698155	0	LumA	HiSeq 2000
F2467	GSM2530545	-1.9072908248754248	4.39151266255989	0	LumB	HiSeq 2000
F2468	GSM2530546	-3.5729711014665853	4.37782340862423	0	LumA	HiSeq 2000
F2469	GSM2530547	-2.17324833316628	4.37782340862423	0	LumA	HiSeq 2000
F2470	GSM2530548	-4.254016114739347	4.372347707049966	0	LumA	HiSeq 2000
F2471	GSM2530549	-1.6076936975769325	4.372347707049966	0	LumB	HiSeq 2000
F2472	GSM2530550	-1.197737494890892	4.372347707049966	0	LumB	HiSeq 2000
F2473	GSM2530551	-2.745541985488616	4.358658453114305	0	LumA	HiSeq 2000
F2474	GSM2530552	-3.1076847610792604	4.353182751540041	0	LumA	HiSeq 2000
F2475	GSM2530553	-2.7882031118410775	1.9904175222450375	1	LumA	HiSeq 2000
F2476	GSM2530554	-3.183299858506285	1.1690622861054072	1	LumA	HiSeq 2000
F2477	GSM2530555	-3.3332587911445115	4.284736481861739	0	LumA	HiSeq 2000
F2478	GSM2530556	-3.198892879310305	4.276522929500342	0	LumA	HiSeq 2000
F2479	GSM2530557	-2.966339830789753	4.276522929500342	0	LumA	HiSeq 2000
F2480	GSM2530558	-3.527983224734963	4.2819986310746065	0	LumA	HiSeq 2000
F2481	GSM2530559	-0.9683809303408715	4.257357973990418	0	Basal	HiSeq 2000
F2482	GSM2530560	-5.338514258892246	4.257357973990418	0	LumA	HiSeq 2000
F2483	GSM2530561	-2.9633577835928984	2.532511978097194	1	LumB	HiSeq 2000
F2484	GSM2530562	-2.1183783328636503	4.240930869267625	0	LumA	HiSeq 2000
F2485	GSM2530563	-2.142353300767686	4.240930869267625	0	LumA	HiSeq 2000
F2486	GSM2530564	-2.9511291289886046	4.26009582477755	0	LumA	HiSeq 2000
F2487	GSM2530565	1.9372425459598204	4.2217659137577	0	Basal	HiSeq 2000
F2488	GSM2530566	-2.574389784713852	4.219028062970568	0	LumA	HiSeq 2000
F2489	GSM2530567	-2.4539133358442826	4.219028062970568	0	LumA	HiSeq 2000
F2490	GSM2530568	-2.3096495461744238	4.199863107460644	0	Her2	HiSeq 2000
F2491	GSM2530569	-2.3195792016634136	4.164271047227926	0	LumA	HiSeq 2000
F2492	GSM2530570	-2.3351649989078713	4.164271047227926	0	LumB	HiSeq 2000
F2493	GSM2530571	-2.421252381205877	4.167008898015058	0	LumB	HiSeq 2000
F2494	GSM2530572	-2.113109470566708	4.172484599589322	0	LumB	HiSeq 2000
F2495	GSM2530573	-4.433022145570384	4.145106091718001	0	LumA	HiSeq 2000
F2496	GSM2530574	-3.219878361428825	4.145106091718001	0	LumA	NextSeq 500
F2497	GSM2530575	-2.975294661316005	4.125941136208077	0	LumA	HiSeq 2000
F2498	GSM2530576	-2.7045365659322615	4.128678986995209	0	LumB	HiSeq 2000
F2499	GSM2530577	-3.0910582185636106	4.112251882272417	0	LumA	HiSeq 2000
F2500	GSM2530578	-2.7922742785404955	4.095824777549623	0	LumA	HiSeq 2000
F2501	GSM2530579	-3.525410677168886	4.068446269678303	0	LumA	HiSeq 2000
F2502	GSM2530580	-2.6780904029054264	4.068446269678303	0	LumB	HiSeq 2000
F2503	GSM2530581	-0.8181077931851275	4.071184120465435	0	LumB	HiSeq 2000
F2504	GSM2530582	-1.9490902623117428	4.032854209445585	0	LumB	HiSeq 2000
F2505	GSM2530583	-3.467292979437615	4.068446269678303	0	LumA	NextSeq 500
F2506	GSM2530584	-3.0530810386494913	0.4161533196440794	1	Normal	HiSeq 2000
F2507	GSM2530585	-2.6946999888527388	4.05201916495551	0	LumA	NextSeq 500
F2508	GSM2530586	-3.625009043531455	4.030116358658453	0	LumA	NextSeq 500
F2509	GSM2530587	-3.3473656961436857	4.05201916495551	0	LumB	HiSeq 2000
F2510	GSM2530588	-2.8204690843750684	3.154004106776181	1	LumA	HiSeq 2000
F2511	GSM2530589	-2.8373329549306088	3.9890485968514717	0	LumA	HiSeq 2000
F2512	GSM2530590	-1.909514980862346	3.978097193702943	0	Basal	HiSeq 2000
F2513	GSM2530591	-2.1897524931170196	3.893223819301848	1	LumA	HiSeq 2000
F2514	GSM2530592	-2.046859806724273	3.9589322381930185	0	LumA	HiSeq 2000
F2515	GSM2530593	-3.3544754711629388	3.920602327173169	0	LumA	HiSeq 2000
F2516	GSM2530594	-2.533007870252263	3.9397672826830936	0	LumA	HiSeq 2000
F2517	GSM2530595	-2.3597158702652545	3.89596167008898	0	LumA	HiSeq 2000
F2518	GSM2530596	-4.254212756468196	1.864476386036961	1	LumA	HiSeq 2000
F2519	GSM2530597	-0.6563098566534417	3.8767967145790556	0	Normal	HiSeq 2000
F2520	GSM2530598	-2.8427332246646655	3.8193018480492813	0	LumA	HiSeq 2000
F2521	GSM2530599	-2.176836255453911	3.8193018480492813	0	Her2	HiSeq 2000
F2522	GSM2530600	-2.340921030271804	3.800136892539357	0	LumA	HiSeq 2000
F2523	GSM2530601	-2.994164382060157	3.780971937029432	0	LumA	HiSeq 2000
F2524	GSM2530602	-1.9009211205491374	3.783709787816564	0	Normal	HiSeq 2000
F2525	GSM2530603	-3.1420300878593435	3.761806981519507	0	LumA	HiSeq 2000
F2526	GSM2530604	-3.558581658697642	3.7508555783709787	0	LumA	HiSeq 2000
F2527	GSM2530605	-1.6963182044271299	3.7316906228610542	0	LumA	HiSeq 2000
F2528	GSM2530606	-2.989608577699143	3.7234770704996576	0	LumA	HiSeq 2000
F2529	GSM2530607	-3.0294896080578377	3.704312114989733	0	Normal	HiSeq 2000
F2530	GSM2530608	-1.6282193331056187	3.592060232717317	0	Her2	HiSeq 2000
F2531	GSM2530609	-4.145238154754826	3.6084873374401094	0	LumA	HiSeq 2000
F2532	GSM2530610	-3.919969440674203	3.646817248459959	0	LumA	HiSeq 2000
F2533	GSM2530611	-3.036633228713993	3.649555099247091	0	LumA	HiSeq 2000
F2534	GSM2530612	-1.6272429885573048	3.649555099247091	0	LumA	HiSeq 2000
F2535	GSM2530613	-3.5014958534645557	3.652292950034223	0	Normal	HiSeq 2000
F2536	GSM2530614	-3.4315080657276016	3.6276522929500343	0	LumA	HiSeq 2000
F2537	GSM2530615	-3.526049125685525	3.6139630390143735	0	Her2	HiSeq 2000
F2538	GSM2530616	-2.959625474074454	3.6084873374401094	0	LumA	HiSeq 2000
F2539	GSM2530617	-1.302521511463185	3.5373032169746748	0	LumB	HiSeq 2000
F2540	GSM2530618	-2.3306728541998925	3.586584531143053	0	LumA	HiSeq 2000
F2541	GSM2530619	-0.7672402200784381	1.5797399041752225	1	LumB	HiSeq 2000
F2542	GSM2530620	-1.995700564420566	3.5482546201232035	0	LumA	HiSeq 2000
F2543	GSM2530621	-3.784269538826526	3.5482546201232035	0	LumB	HiSeq 2000
F2544	GSM2530622	-3.2597223488286637	3.57015742642026	0	LumB	HiSeq 2000
F2545	GSM2530623	-0.6831088520726277	3.5537303216974676	0	Basal	HiSeq 2000
F2546	GSM2530624	-1.0723918261411076	3.5482546201232035	0	LumB	NextSeq 500
F2547	GSM2530625	-2.20604831567597	3.5482546201232035	0	LumA	NextSeq 500
F2548	GSM2530626	-3.501500679542199	3.5290896646132786	0	LumB	HiSeq 2000
F2549	GSM2530627	-3.1603452107884813	3.5290896646132786	0	LumA	HiSeq 2000
F2550	GSM2530628	-4.058026366236344	0.4271047227926078	1	LumA	HiSeq 2000
F2551	GSM2530629	-3.2495447314431676	1.4647501711156743	1	LumA	HiSeq 2000
F2552	GSM2530630	-2.8872425076787893	1.160848733744011	1	LumA	HiSeq 2000
F2553	GSM2530631	-4.610656226164896	3.509924709103354	0	LumA	HiSeq 2000
F2554	GSM2530632	-3.3563386052002473	3.4934976043805612	0	LumA	HiSeq 2000
F2555	GSM2530633	-1.3914609771784803	3.4140999315537304	0	Normal	HiSeq 2000
F2556	GSM2530634	-1.9911180785486309	3.3949349760438055	0	LumB	HiSeq 2000
F2557	GSM2530635	-2.7301033322289516	3.381245722108145	0	LumB	HiSeq 2000
F2558	GSM2530636	-3.1195928217796864	3.356605065023956	0	LumA	HiSeq 2000
F2559	GSM2530637	-3.9402438306613687	3.356605065023956	0	LumB	HiSeq 2000
F2560	GSM2530638	-2.6993623275510843	3.36208076659822	0	LumA	HiSeq 2000
F2561	GSM2530639	-3.5688610278179627	3.3374401095140316	0	LumB	NextSeq 500
F2562	GSM2530640	-4.213400416696861	3.3374401095140316	0	LumA	HiSeq 2000
F2563	GSM2530641	0.8393881011427521	3.3182751540041067	0	Basal	HiSeq 2000
F2564	GSM2530642	-3.9419006564707813	3.3182751540041067	0	LumA	HiSeq 2000
F2565	GSM2530643	-3.8471190588798314	3.3182751540041067	0	LumA	HiSeq 2000
F2566	GSM2530644	-2.5704966890533982	3.3182751540041067	0	Basal	HiSeq 2000
F2567	GSM2530645	-4.382066991536541	3.3045859000684463	0	LumA	HiSeq 2000
F2568	GSM2530646	-3.4604834757231244	2.8774811772758384	1	LumB	HiSeq 2000
F2569	GSM2530647	-4.500275321963049	3.241615331964408	0	LumA	HiSeq 2000
F2570	GSM2530648	-2.1630081971397144	3.2251882272416155	0	LumB	HiSeq 2000
F2571	GSM2530649	-1.302940664732316	3.186858316221766	0	LumA	HiSeq 2000
F2572	GSM2530650	-3.5547317567902765	3.167693360711841	0	LumA	HiSeq 2000
F2573	GSM2530651	-2.1992531692422723	2.6365503080082138	0	LumB	HiSeq 2000
F2574	GSM2530652	-1.1643861974374765	2.5708418891170433	0	LumA	HiSeq 2000
F2575	GSM2530653	-1.8729721033372553	2.4996577686516086	0	LumB	HiSeq 2000
F2576	GSM2530654	-3.455048317424481	2.3846680355920604	0	LumB	HiSeq 2000
F2577	GSM2530655	-1.148753199234615	2.2642026009582477	0	LumB	HiSeq 2000
F2578	GSM2530656	-0.31087245247976103	3.07460643394935	0	LumB	HiSeq 2000
F2579	GSM2530657	-2.112212535409002	3.0718685831622174	0	LumA	HiSeq 2000
F2580	GSM2530658	1.524031823573672	3.077344284736482	0	Basal	HiSeq 2000
F2581	GSM2530659	-1.5535128132594849	3.052703627652293	0	Normal	HiSeq 2000
F2582	GSM2530660	-2.70998227715082	3.0143737166324436	0	LumA	HiSeq 2000
F2583	GSM2530661	-3.5284714548283427	3.0198494182067077	0	LumA	HiSeq 2000
F2584	GSM2530662	-3.268301931456402	2.9979466119096507	0	LumA	HiSeq 2000
F2585	GSM2530663	-3.6871465960968584	2.9979466119096507	0	LumB	NextSeq 500
F2586	GSM2530664	-2.2189470673804816	3.0006844626967832	0	Her2	HiSeq 2000
F2587	GSM2530665	-3.84935375802398	2.8829568788501025	0	LumA	HiSeq 2000
F2588	GSM2530666	-1.3538438708516016	2.841889117043121	0	Her2	HiSeq 2000
F2589	GSM2530667	-2.655136457116742	2.8281998631074607	0	LumA	HiSeq 2000
F2590	GSM2530668	-1.535781616049826	2.8035592060232717	0	LumA	HiSeq 2000
F2591	GSM2530669	-1.9448856797736807	2.784394250513347	0	LumA	HiSeq 2000
F2592	GSM2530670	-2.8645282158858008	2.707734428473648	0	LumA	HiSeq 2000
F2593	GSM2530671	-2.7551700846005147	2.6885694729637235	0	Normal	HiSeq 2000
F2594	GSM2530672	-2.91233881095905	2.6694045174537986	0	LumA	HiSeq 2000
F2595	GSM2530673	-0.6957988417053934	2.209445585215606	1	Her2	HiSeq 2000
F2596	GSM2530674	-3.7901988309669554	2.650239561943874	0	LumA	HiSeq 2000
F2597	GSM2530675	-2.385935348676904	2.729637234770705	0	LumA	HiSeq 2000
F2598	GSM2530676	-2.987444432277398	2.6091718001368926	0	LumB	HiSeq 2000
F2599	GSM2530677	-3.030949949733177	2.631074606433949	0	LumB	NextSeq 500
F2600	GSM2530678	-1.143466437119219	2.631074606433949	0	LumB	NextSeq 500
F2601	GSM2530679	-2.74430298291401	2.631074606433949	0	Normal	HiSeq 2000
F2602	GSM2530680	-2.41558316202369	2.617385352498289	0	LumA	NextSeq 500
F2603	GSM2530681	-2.4484851502335365	2.516084873374401	0	LumA	HiSeq 2000
F2604	GSM2530682	-1.4244615599022996	2.513347022587269	0	Her2	HiSeq 2000
F2605	GSM2530683	-3.7179536726888287	1.6125941136208077	1	LumB	HiSeq 2000
F2606	GSM2530684	-2.149295703259552	2.3819301848049284	0	Normal	HiSeq 2000
F2607	GSM2530685	-2.7898401459336726	2.3627652292950034	0	LumB	HiSeq 2000
F2608	GSM2530686	-2.465335408775294	2.406570841889117	0	LumA	HiSeq 2000
F2609	GSM2530687	-3.011885734634896	2.3682409308692676	0	Basal	NextSeq 500
F2610	GSM2530688	-3.2802915341199212	2.379192334017796	0	LumA	HiSeq 2000
F2611	GSM2530689	-1.083732157897419	2.379192334017796	0	Basal	NextSeq 500
F2612	GSM2530690	-3.8558653652173835	2.3600273785078714	0	LumB	NextSeq 500
F2613	GSM2530691	-2.3841136398954177	2.3819301848049284	0	Her2	NextSeq 500
F2614	GSM2530692	-2.013980201652163	0.5859000684462696	1	Her2	HiSeq 2000
F2615	GSM2530693	-2.558169777527087	2.3600273785078714	0	LumB	HiSeq 2000
F2616	GSM2530694	-3.329267813582658	2.346338124572211	0	LumA	HiSeq 2000
F2617	GSM2530695	-4.000922156981321	2.302532511978097	0	LumA	HiSeq 2000
F2618	GSM2530696	-3.352825400850108	2.2833675564681726	0	LumA	HiSeq 2000
F2619	GSM2530697	-4.575848880065198	6.770704996577686	0	LumB	HiSeq 2000
F2620	GSM2530698	-4.197927942688358	6.759753593429158	0	LumA	HiSeq 2000
F2621	GSM2530699	-0.5570057060597291	6.7734428473648185	0	Basal	HiSeq 2000
F2622	GSM2530700	-3.859502250662537	6.757015742642026	0	LumA	HiSeq 2000
F2623	GSM2530701	-0.6091247670145762	6.767967145790554	0	Basal	HiSeq 2000
F2624	GSM2530702	-1.7830570316745988	6.7323750855578375	0	Normal	HiSeq 2000
F2625	GSM2530703	-3.3423147485378726	6.721423682409308	0	LumA	HiSeq 2000
F2626	GSM2530704	-2.2200800011932014	4.837782340862423	1	LumB	HiSeq 2000
F2627	GSM2530705	-3.500510334713187	6.721423682409308	0	LumA	HiSeq 2000
F2628	GSM2530706	-3.130938345953603	6.715947980835044	0	LumA	HiSeq 2000
F2629	GSM2530707	-3.633259719955126	6.71047227926078	0	LumA	HiSeq 2000
F2630	GSM2530708	-0.5712738600985561	2.3956194387405887	1	Basal	HiSeq 2000
F2631	GSM2530709	-2.6449780464444315	6.7351129363449695	0	LumB	HiSeq 2000
F2632	GSM2530710	-2.0014798354268657	2.1492128678986995	1	Her2	HiSeq 2000
F2633	GSM2530711	-2.8155125930671376	6.7351129363449695	0	LumA	HiSeq 2000
F2634	GSM2530712	-3.573158853987986	5.270362765229295	1	LumA	HiSeq 2000
F2635	GSM2530713	-3.4521168525821655	6.699520876112252	0	LumA	HiSeq 2000
F2636	GSM2530714	1.0447693834480927	6.721423682409308	0	Basal	HiSeq 2000
F2637	GSM2530715	0.5686541777918609	6.674880219028063	0	Basal	HiSeq 2000
F2638	GSM2530716	-3.8206201508072657	6.691307323750856	0	LumA	HiSeq 2000
F2639	GSM2530717	-1.5883799374222072	6.661190965092403	0	Basal	HiSeq 2000
F2640	GSM2530718	-2.574855102373743	6.661190965092403	0	LumA	HiSeq 2000
F2641	GSM2530719	-3.4967021037756183	3.0143737166324436	1	LumB	HiSeq 2000
F2642	GSM2530720	-2.91612977027063	6.6420260095824775	0	LumB	HiSeq 2000
F2643	GSM2530721	-1.8223853001720214	2.3326488706365502	1	Her2	HiSeq 2000
F2644	GSM2530722	-3.6710735952961677	6.655715263518139	0	LumA	HiSeq 2000
F2645	GSM2530723	-3.263688360287398	6.677618069815195	0	Normal	HiSeq 2000
F2646	GSM2530724	-3.6947146852260926	6.661190965092403	0	LumA	HiSeq 2000
F2647	GSM2530725	-1.6939191744517372	6.661190965092403	0	LumA	HiSeq 2000
F2648	GSM2530726	-2.9983449828890603	6.633812457221081	0	LumA	HiSeq 2000
F2649	GSM2530727	-2.010517275724257	6.625598904859685	0	LumA	HiSeq 2000
F2650	GSM2530728	-3.4116078331612676	2.48870636550308	1	LumB	HiSeq 2000
F2651	GSM2530729	-3.2832936452524604	6.639288158795345	0	LumB	HiSeq 2000
F2652	GSM2530730	-2.748026547079748	6.595482546201232	0	LumA	HiSeq 2000
F2653	GSM2530731	-2.2497277173537458	6.595482546201232	0	LumA	HiSeq 2000
F2654	GSM2530732	-4.499917830508571	6.694045174537988	0	LumA	HiSeq 2000
F2655	GSM2530733	-3.483685755936178	6.576317590691307	0	LumA	HiSeq 2000
F2656	GSM2530734	-2.028607681095357	6.581793292265571	0	LumB	HiSeq 2000
F2657	GSM2530735	-3.0371154595022007	6.595482546201232	0	LumA	HiSeq 2000
F2658	GSM2530736	-3.0081947387801984	6.565366187542779	0	LumB	HiSeq 2000
F2659	GSM2530737	-4.007060563290658	6.565366187542779	0	LumB	NextSeq 500
F2660	GSM2530738	-2.26936274102513	6.546201232032854	0	LumB	HiSeq 2000
F2661	GSM2530739	-3.4627329639048106	2.2039698836413417	1	LumA	HiSeq 2000
F2662	GSM2530740	-0.4661800401419047	3.600273785078713	1	LumB	HiSeq 2000
F2663	GSM2530741	-3.837838988257541	6.55441478439425	0	LumA	HiSeq 2000
F2664	GSM2530742	-0.953877110429058	6.54072553045859	0	Her2	HiSeq 2000
F2665	GSM2530743	-3.2566369748421238	6.543463381245722	0	LumA	HiSeq 2000
F2666	GSM2530744	-2.7575299243421645	6.537987679671458	0	LumA	HiSeq 2000
F2667	GSM2530745	-3.102484798969968	6.546201232032854	0	LumA	HiSeq 2000
F2668	GSM2530746	-3.372275162440445	6.54072553045859	0	LumA	NextSeq 500
F2669	GSM2530747	-0.8992037481694889	6.52703627652293	0	LumA	HiSeq 2000
F2670	GSM2530748	-1.9966133673855322	6.496919917864476	0	LumA	NextSeq 500
F2671	GSM2530749	-3.246589249917254	6.485968514715948	0	LumA	NextSeq 500
F2672	GSM2530750	-2.6552709023791676	6.466803559206023	0	LumA	NextSeq 500
F2673	GSM2530751	-2.5263545250501602	6.496919917864476	0	LumA	HiSeq 2000
F2674	GSM2530752	-3.4012962854605013	6.485968514715948	0	LumA	HiSeq 2000
F2675	GSM2530753	-3.475221215302521	6.480492813141684	0	LumA	NextSeq 500
F2676	GSM2530754	-3.485022286764269	6.466803559206023	0	LumA	NextSeq 500
F2677	GSM2530755	0.31650555433717076	1.2867898699520877	1	Basal	HiSeq 2000
F2678	GSM2530756	-3.8804607852682493	6.450376454483231	0	LumA	HiSeq 2000
F2679	GSM2530757	-1.899842292886606	2.4941820670773445	0	Her2	HiSeq 2000
F2680	GSM2530758	-3.3313279839889516	6.447638603696099	0	LumB	HiSeq 2000
F2681	GSM2530759	-1.4231137601213126	6.464065708418891	0	LumA	HiSeq 2000
F2682	GSM2530760	-2.61593748721378	3.890485968514716	1	LumA	HiSeq 2000
F2683	GSM2530761	-3.264488011951556	6.403832991101985	0	LumA	HiSeq 2000
F2684	GSM2530762	-2.204561605166227	2.0177960301163584	1	Her2	HiSeq 2000
F2685	GSM2530763	-1.908811138769013	6.392881587953457	0	LumA	HiSeq 2000
F2686	GSM2530764	-2.8182668949023912	6.38466803559206	0	LumA	HiSeq 2000
F2687	GSM2530765	-3.5722166462417424	6.406570841889117	0	LumA	HiSeq 2000
F2688	GSM2530766	-2.9352891661319775	6.3874058863791925	0	Her2	HiSeq 2000
F2689	GSM2530767	-2.4391630712291406	2.206707734428474	1	LumB	HiSeq 2000
F2690	GSM2530768	-4.49769158106327	6.381930184804928	0	LumA	HiSeq 2000
F2691	GSM2530769	-0.2624397695209039	6.381930184804928	0	LumB	HiSeq 2000
F2692	GSM2530770	-2.596089474251587	6.373716632443532	0	LumA	HiSeq 2000
F2693	GSM2530771	-4.340569671183535	6.316221765913758	0	LumA	NextSeq 500
F2694	GSM2530772	-2.5589310026759295	3.468856947296372	1	Her2	HiSeq 2000
F2695	GSM2530773	1.0169387838313717	6.362765229295003	0	Basal	HiSeq 2000
F2696	GSM2530774	-2.1080905251988145	6.324435318275154	0	Her2	HiSeq 2000
F2697	GSM2530775	-0.8062120438935658	6.365503080082136	0	Her2	HiSeq 2000
F2698	GSM2530776	-2.506294958117707	1.9685147159479808	1	LumA	HiSeq 2000
F2699	GSM2530777	1.3486536484880223	6.33264887063655	0	Basal	HiSeq 2000
F2700	GSM2530778	-2.0610479916275106	6.297056810403833	0	LumB	HiSeq 2000
F2701	GSM2530779	-3.047429833236841	6.30527036276523	0	LumA	HiSeq 2000
F2702	GSM2530780	-2.257816692860332	4.9281314168377826	1	LumB	HiSeq 2000
F2703	GSM2530781	-2.1956027295071108	6.329911019849418	0	LumB	HiSeq 2000
F2704	GSM2530782	-3.905740269461032	6.329911019849418	0	LumA	HiSeq 2000
F2705	GSM2530783	-1.1674074198733704	0.7994524298425736	1	Basal	HiSeq 2000
F2706	GSM2530784	-3.839749021613648	6.269678302532512	0	LumA	HiSeq 2000
F2707	GSM2530785	0.3622870443354187	6.286105407255304	0	Basal	HiSeq 2000
F2708	GSM2530786	-1.020680363590834	6.2587268993839835	0	Normal	HiSeq 2000
F2709	GSM2530787	-0.32698471205159596	6.291581108829569	0	LumB	HiSeq 2000
F2710	GSM2530788	-0.8020373791441763	6.294318959616701	0	Basal	HiSeq 2000
F2711	GSM2530789	-3.3276415293794126	6.26694045174538	0	LumA	HiSeq 2000
F2712	GSM2530790	-0.7510463609435761	6.234086242299795	0	Basal	HiSeq 2000
F2713	GSM2530791	-3.3251553833156535	6.234086242299795	0	LumA	HiSeq 2000
F2714	GSM2530792	-2.5735710845721	6.236824093086927	0	LumA	HiSeq 2000
F2715	GSM2530793	-1.8386466895965783	6.236824093086927	0	Her2	HiSeq 2000
F2716	GSM2530794	-1.2919711422579196	6.239561943874059	0	LumB	HiSeq 2000
F2717	GSM2530795	-1.6566364132891995	6.217659137577002	0	LumB	HiSeq 2000
F2718	GSM2530796	-0.8470310859747572	6.236824093086927	0	Basal	HiSeq 2000
F2719	GSM2530797	-3.7353450153513226	6.291581108829569	0	LumA	HiSeq 2000
F2720	GSM2530798	-4.238172125763815	6.184804928131417	0	LumA	HiSeq 2000
F2721	GSM2530799	-3.7839086836595643	6.182067077344285	0	LumA	HiSeq 2000
F2722	GSM2530800	-2.349897843314074	6.182067077344285	0	LumB	HiSeq 2000
F2723	GSM2530801	-5.494728928322548	6.201232032854209	0	LumA	NextSeq 500
F2724	GSM2530802	-2.164957758453493	6.176591375770021	0	LumB	HiSeq 2000
F2725	GSM2530803	-3.852616021695905	6.1738535249828885	0	LumB	HiSeq 2000
F2726	GSM2530804	-3.2297968925096705	6.182067077344285	0	LumA	HiSeq 2000
F2727	GSM2530805	-3.754442872213785	6.16290212183436	0	LumA	HiSeq 2000
F2728	GSM2530806	-0.9427238171334007	6.154688569472964	0	Normal	HiSeq 2000
F2729	GSM2530807	-0.43230061130753733	6.140999315537303	0	Her2	HiSeq 2000
F2730	GSM2530808	-0.2794910548318277	6.12457221081451	0	LumB	HiSeq 2000
F2731	GSM2530809	-3.6005019447170676	6.157426420260096	0	LumB	HiSeq 2000
F2732	GSM2530810	-2.32968411090061	6.09719370294319	0	Normal	HiSeq 2000
F2733	GSM2530811	-1.7145871906363623	6.12457221081451	0	Her2	HiSeq 2000
F2734	GSM2530812	-2.9954240756261314	6.119096509240246	0	LumA	HiSeq 2000
F2735	GSM2530813	-2.3382167210779032	6.102669404517454	0	LumB	HiSeq 2000
F2736	GSM2530814	-1.0082408483820564	6.121834360027378	0	LumB	HiSeq 2000
F2737	GSM2530815	-3.723751504080405	6.0889801505817935	0	LumA	HiSeq 2000
F2738	GSM2530816	-3.3856510069519015	6.080766598220397	0	LumA	HiSeq 2000
F2739	GSM2530817	-2.680150631797195	6.099931553730322	0	LumA	HiSeq 2000
F2740	GSM2530818	-0.14094021640920254	6.119096509240246	0	LumB	HiSeq 2000
F2741	GSM2530819	-2.905806512132024	6.083504449007529	0	LumA	HiSeq 2000
F2742	GSM2530820	-4.304289001602199	6.067077344284736	0	LumA	HiSeq 2000
F2743	GSM2530821	-2.432198070016418	6.069815195071868	0	Normal	HiSeq 2000
F2744	GSM2530822	-3.1111647718335336	5.831622176591376	1	LumB	HiSeq 2000
F2745	GSM2530823	-2.8455764900481983	6.061601642710472	0	Her2	HiSeq 2000
F2746	GSM2530824	-0.7550450166225381	6.069815195071868	0	LumA	HiSeq 2000
F2747	GSM2530825	-1.4283228429854138	6.047912388774812	0	LumA	HiSeq 2000
F2748	GSM2530826	-2.3097942994184484	6.006844626967831	0	Her2	HiSeq 2000
F2749	GSM2530827	-2.93377209825019	5.993155373032169	0	Normal	HiSeq 2000
F2750	GSM2530828	-2.4265095005341766	5.987679671457905	0	Normal	HiSeq 2000
F2751	GSM2530829	-1.4232960826666186	5.982203969883641	0	LumB	HiSeq 2000
F2752	GSM2530830	-2.4222280268003913	5.943874058863792	0	LumA	HiSeq 2000
F2753	GSM2530831	-3.4377199406157546	5.971252566735113	0	LumA	HiSeq 2000
F2754	GSM2530832	-3.326686278803377	5.971252566735113	0	LumA	HiSeq 2000
F2755	GSM2530833	-3.2392463776738873	3.540041067761807	1	LumA	HiSeq 2000
F2756	GSM2530834	-2.8657206307029184	5.965776865160849	0	LumA	HiSeq 2000
F2757	GSM2530835	-3.1971465120877482	5.930184804928132	0	LumA	HiSeq 2000
F2758	GSM2530836	-3.4219397831811156	5.990417522245037	0	LumA	HiSeq 2000
F2759	GSM2530837	-2.6538340040556214	5.916495550992471	0	Her2	HiSeq 2000
F2760	GSM2530838	-2.971140467529917	5.9110198494182065	0	Her2	HiSeq 2000
F2761	GSM2530839	-2.8181391979888133	6.0041067761806985	0	Normal	HiSeq 2000
F2762	GSM2530840	-1.595521110561924	5.9137577002053385	0	Basal	HiSeq 2000
F2763	GSM2530841	-2.0089642308327185	5.943874058863792	0	Her2	HiSeq 2000
F2764	GSM2530842	-3.4232651938826217	5.916495550992471	0	LumA	HiSeq 2000
F2765	GSM2530843	-2.6483329416145756	5.894592744695414	0	LumA	HiSeq 2000
F2766	GSM2530844	-2.439711749402903	5.9137577002053385	0	LumB	HiSeq 2000
F2767	GSM2530845	-2.1884392083320927	5.8726899383983575	0	LumB	HiSeq 2000
F2768	GSM2530846	-3.0001790326384734	5.8507871321013	0	LumB	HiSeq 2000
F2769	GSM2530847	-3.2882027767744493	5.856262833675565	0	LumA	HiSeq 2000
F2770	GSM2530848	-5.084821340516903	5.716632443531828	0	LumB	HiSeq 2000
F2771	GSM2530849	-3.4468993455941086	5.817932922655715	0	LumA	HiSeq 2000
F2772	GSM2530850	-0.7350182732119143	5.8507871321013	0	Basal	HiSeq 2000
F2773	GSM2530851	-2.4437216621983167	5.8699520876112254	0	Normal	HiSeq 2000
F2774	GSM2530852	-3.8974947657706824	5.817932922655715	0	Basal	HiSeq 2000
F2775	GSM2530853	-1.0190522390935122	4.1067761806981515	1	LumB	HiSeq 2000
F2776	GSM2530854	-4.072759974437792	5.834360027378508	0	Her2	HiSeq 2000
F2777	GSM2530855	-5.213016850649542	5.796030116358659	0	LumB	HiSeq 2000
F2778	GSM2530856	-3.545091062397441	5.771389459274469	0	LumA	HiSeq 2000
F2779	GSM2530857	-4.287275893741461	5.779603011635865	0	LumB	HiSeq 2000
F2780	GSM2530858	-3.8665463728778096	5.776865160848733	0	LumA	HiSeq 2000
F2781	GSM2530859	-3.75011398785114	5.763175906913073	0	Basal	HiSeq 2000
F2782	GSM2530860	1.0650120452151637	2.321697467488022	1	Basal	HiSeq 2000
F2783	GSM2530861	-4.4517978803841896	5.776865160848733	0	LumA	HiSeq 2000
F2784	GSM2530862	-1.03790620391813	5.702943189596167	0	Her2	HiSeq 2000
F2785	GSM2530863	-2.8213633387510115	4.917180013689254	1	LumB	HiSeq 2000
F2786	GSM2530864	-2.224525477348856	5.686516084873374	0	LumA	HiSeq 2000
F2787	GSM2530865	0.8348916284429864	1.8124572210814511	1	Basal	HiSeq 2000
F2788	GSM2530866	-0.7109667046797707	5.69472963723477	0	Her2	HiSeq 2000
F2789	GSM2530867	-2.6779341317327936	5.683778234086242	0	Normal	HiSeq 2000
F2790	GSM2530868	-1.873287537656401	3.9425051334702257	1	LumB	HiSeq 2000
F2791	GSM2530869	-4.155204182418193	5.686516084873374	0	LumB	HiSeq 2000
F2792	GSM2530870	-2.387216819191045	5.713894592744696	0	LumB	HiSeq 2000
F2793	GSM2530871	-1.7044603092386583	5.73305954825462	0	LumA	HiSeq 2000
F2794	GSM2530872	-2.6173322739574862	5.648186173853525	0	LumA	HiSeq 2000
F2795	GSM2530873	-3.4669874801704745	5.639972621492129	0	LumA	HiSeq 2000
F2796	GSM2530874	-4.5487211667628715	5.620807665982204	0	LumA	HiSeq 2000
F2797	GSM2530875	-3.9597357600891496	5.637234770704997	0	LumA	HiSeq 2000
F2798	GSM2530876	-5.309568960544688	5.6591375770020536	0	LumB	HiSeq 2000
F2799	GSM2530877	-4.223809284599319	5.66735112936345	0	LumA	HiSeq 2000
F2800	GSM2530878	-3.8380949251722645	5.607118412046543	0	LumB	HiSeq 2000
F2801	GSM2530879	-2.4305122712264007	5.626283367556468	0	Her2	HiSeq 2000
F2802	GSM2530880	-2.948152040912714	5.598904859685147	0	LumA	HiSeq 2000
F2803	GSM2530881	-3.5753081158857802	5.607118412046543	0	LumA	HiSeq 2000
F2804	GSM2530882	-3.8019192771111645	5.582477754962355	0	LumA	HiSeq 2000
F2805	GSM2530883	-2.907954119060751	5.626283367556468	0	LumB	HiSeq 2000
F2806	GSM2530884	-2.817042754609995	5.604380561259411	0	LumA	HiSeq 2000
F2807	GSM2530885	-2.2132215869718994	5.557837097878165	0	LumA	HiSeq 2000
F2808	GSM2530886	1.4561772394847612	3.351129363449692	1	Basal	HiSeq 2000
F2809	GSM2530887	-2.5244388124311	5.544147843942505	0	LumA	HiSeq 2000
F2810	GSM2530888	-2.9835513591030014	5.566050650239562	0	Basal	HiSeq 2000
F2811	GSM2530889	-1.4245082826783477	5.5249828884325805	0	LumB	HiSeq 2000
F2812	GSM2530890	-2.6050352056517503	3.9342915811088295	1	LumA	HiSeq 2000
F2813	GSM2530891	-2.870731969662204	5.522245037645448	0	LumA	HiSeq 2000
F2814	GSM2530892	2.772718658208718	5.541409993155373	0	Basal	HiSeq 2000
F2815	GSM2530893	-1.049605347846142	5.530458590006845	0	Basal	HiSeq 2000
F2816	GSM2530894	-2.839815347509828	2.2888432580424367	1	LumB	HiSeq 2000
F2817	GSM2530895	-3.2877394635890953	5.5249828884325805	0	LumA	HiSeq 2000
F2818	GSM2530896	-1.8981232970395634	5.519507186858316	0	Basal	HiSeq 2000
F2819	GSM2530897	-2.4178380243593605	5.519507186858316	0	LumB	HiSeq 2000
F2820	GSM2530898	-4.072900287608524	5.522245037645448	0	LumB	HiSeq 2000
F2821	GSM2530899	-2.472994971479799	5.492128678986996	0	LumA	HiSeq 2000
F2822	GSM2530900	-2.1863391884714867	5.51129363449692	0	LumA	HiSeq 2000
F2823	GSM2530901	-3.0901487184575775	5.486652977412731	0	LumA	HiSeq 2000
F2824	GSM2530902	-3.368127034978329	2.628336755646817	0	LumA	HiSeq 2000
F2825	GSM2530903	-2.021195116397733	5.489390828199863	0	LumB	HiSeq 2000
F2826	GSM2530904	-2.9457973983691845	5.467488021902806	0	LumA	HiSeq 2000
F2827	GSM2530905	-3.4012262651080305	5.486652977412731	0	LumA	HiSeq 2000
F2828	GSM2530906	-4.32449863013041	5.467488021902806	0	LumB	HiSeq 2000
F2829	GSM2530907	-3.8487574514859935	5.462012320328542	0	LumA	HiSeq 2000
F2830	GSM2530908	-1.95775500582593	5.412731006160164	0	LumB	HiSeq 2000
F2831	GSM2530909	-3.2966335438920917	5.462012320328542	0	LumA	HiSeq 2000
F2832	GSM2530910	-1.119846587429009	3.1019849418206706	1	LumA	HiSeq 2000
F2833	GSM2530911	-2.810774631153765	5.415468856947296	0	LumA	HiSeq 2000
F2834	GSM2530912	-3.0767987826739183	5.492128678986996	0	LumA	HiSeq 2000
F2835	GSM2530913	-3.6071447527853033	5.426420260095825	0	LumA	HiSeq 2000
F2836	GSM2530914	-3.403985462995888	5.368925393566051	0	LumA	NextSeq 500
F2837	GSM2530915	-4.308675575192619	2.269678302532512	1	LumA	HiSeq 2000
F2838	GSM2530916	-4.624484761520777	5.374401095140315	0	LumA	HiSeq 2000
F2839	GSM2530917	-1.8365117735869219	5.467488021902806	0	LumB	HiSeq 2000
F2840	GSM2530918	-3.362589797733858	5.338809034907597	0	LumA	HiSeq 2000
F2841	GSM2530919	-3.5161186488063323	5.368925393566051	0	LumA	HiSeq 2000
F2842	GSM2530920	-1.8813574443581453	5.415468856947296	0	Her2	HiSeq 2000
F2843	GSM2530921	-2.800364523815289	2.6995208761122518	1	Her2	HiSeq 2000
F2844	GSM2530922	-2.0979219810877408	5.300479123887748	0	LumB	HiSeq 2000
F2845	GSM2530923	-2.518251457487971	5.292265571526352	0	LumB	HiSeq 2000
F2846	GSM2530924	-2.1573421425198527	5.27583846680356	0	LumB	HiSeq 2000
F2847	GSM2530925	-2.794318757301701	5.242984257357974	0	LumA	HiSeq 2000
F2848	GSM2530926	-3.083038479296331	5.281314168377824	0	LumA	HiSeq 2000
F2849	GSM2530927	-2.115968169201356	5.27583846680356	0	Her2	HiSeq 2000
F2850	GSM2530928	-3.322683711828038	5.253935660506502	0	LumA	HiSeq 2000
F2851	GSM2530929	-3.712352820248665	5.23750855578371	0	LumA	HiSeq 2000
F2852	GSM2530930	-4.3410134206775846	3.4250513347022586	1	LumA	HiSeq 2000
F2853	GSM2530931	-2.7319812913470254	5.259411362080766	0	LumB	HiSeq 2000
F2854	GSM2530932	-2.9041654695556964	5.23750855578371	0	Normal	HiSeq 2000
F2855	GSM2530933	-3.4560458622394368	5.256673511293634	0	LumB	HiSeq 2000
F2856	GSM2530934	0.8635884901341514	4.301163586584531	1	Basal	HiSeq 2000
F2857	GSM2530935	-3.3351521240014	5.259411362080766	0	LumA	HiSeq 2000
F2858	GSM2530936	-1.090259987499829	5.256673511293634	0	LumB	HiSeq 2000
F2859	GSM2530937	-2.094284260337977	5.25119780971937	0	Normal	HiSeq 2000
F2860	GSM2530938	-2.271914787907978	5.253935660506502	0	Her2	HiSeq 2000
F2861	GSM2530939	-3.807283441951794	5.253935660506502	0	Basal	HiSeq 2000
F2862	GSM2530940	-3.4189511793904654	5.297741273100616	0	LumA	HiSeq 2000
F2863	GSM2530941	-3.828104188165102	5.242984257357974	0	LumB	HiSeq 2000
F2864	GSM2530942	-3.8631357015214407	5.240246406570842	0	LumA	HiSeq 2000
F2865	GSM2530943	-3.6799279567248417	5.207392197125257	0	LumA	HiSeq 2000
F2866	GSM2530944	-4.242537440983711	5.218343600273785	0	LumA	HiSeq 2000
F2867	GSM2530945	-0.46316789525978574	5.223819301848049	0	Her2	HiSeq 2000
F2868	GSM2530946	-1.9779329448793277	5.201916495550993	0	LumA	HiSeq 2000
F2869	GSM2530947	-3.3746777698626187	3.2799452429842573	1	LumB	HiSeq 2000
F2870	GSM2530948	-2.6546981513331502	5.201916495550993	0	Normal	HiSeq 2000
F2871	GSM2530949	-2.1876788314927276	4.818617385352498	1	Basal	HiSeq 2000
F2872	GSM2530950	-2.475053162926733	5.127994524298426	0	LumB	HiSeq 2000
F2873	GSM2530951	-0.3639016230956014	5.125256673511293	0	Basal	HiSeq 2000
F2874	GSM2530952	-0.4559920022205765	5.111567419575633	0	LumB	HiSeq 2000
F2875	GSM2530953	-2.74343759304285	5.119780971937029	0	LumA	HiSeq 2000
F2876	GSM2530954	0.4111373402942451	5.125256673511293	0	Her2	HiSeq 2000
F2877	GSM2530955	-3.3473221163641727	0.7748117727583846	1	Her2	HiSeq 2000
F2878	GSM2530956	-0.3747777081121636	2.4804928131416837	1	Her2	HiSeq 2000
F2879	GSM2530957	-4.475531617979717	5.089664613278576	0	LumA	HiSeq 2000
F2880	GSM2530958	-3.2969534007437873	5.103353867214237	0	LumB	HiSeq 2000
F2881	GSM2530959	-2.3796468905363364	5.092402464065708	0	LumB	HiSeq 2000
F2882	GSM2530960	-2.7527926974071115	5.070499657768652	0	LumB	HiSeq 2000
F2883	GSM2530961	-4.600192099386482	5.073237508555784	0	LumA	HiSeq 2000
F2884	GSM2530962	-2.3039730674386036	5.089664613278576	0	LumB	HiSeq 2000
F2885	GSM2530963	0.030650152182035782	1.1718001368925393	1	Basal	HiSeq 2000
F2886	GSM2530964	-0.7379160672830656	3.4715947980835042	1	Her2	HiSeq 2000
F2887	GSM2530965	-3.3629477282885185	5.100616016427105	0	LumB	HiSeq 2000
F2888	GSM2530966	-1.8116916841290565	5.048596851471594	0	LumB	HiSeq 2000
F2889	GSM2530967	-3.2768081217825076	2.6694045174537986	1	LumA	HiSeq 2000
F2890	GSM2530968	-3.0295728639556714	5.048596851471594	0	LumB	HiSeq 2000
F2891	GSM2530969	-2.170810383688295	5.0130047912388775	0	LumA	HiSeq 2000
F2892	GSM2530970	-1.5614023824148417	5.0130047912388775	0	LumA	HiSeq 2000
F2893	GSM2530971	-4.0021902058996295	5.100616016427105	0	LumA	HiSeq 2000
F2894	GSM2530972	-2.3129809885983503	5.007529089664613	0	Her2	HiSeq 2000
F2895	GSM2530973	-2.624713895944409	5.0130047912388775	0	Her2	HiSeq 2000
F2896	GSM2530974	-2.176118559465929	5.04312114989733	0	LumA	HiSeq 2000
F2897	GSM2530975	-3.270982538284247	4.991101984941821	0	LumA	HiSeq 2000
F2898	GSM2530976	-3.7660892386033367	5.007529089664613	0	LumB	HiSeq 2000
F2899	GSM2530977	-3.978468361836817	5.026694045174538	0	LumA	HiSeq 2000
F2900	GSM2530978	-3.658247643083576	4.97741273100616	0	LumA	HiSeq 2000
F2901	GSM2530979	-4.6866327559412575	2.187542778918549	1	LumA	HiSeq 2000
F2902	GSM2530980	-2.85583131557338	5.01574264202601	0	LumA	HiSeq 2000
F2903	GSM2530981	-3.506387322538389	4.988364134154689	0	LumA	HiSeq 2000
F2904	GSM2530982	-2.6800225795959585	5.02943189596167	0	LumA	HiSeq 2000
F2905	GSM2530983	-3.2733804564333853	4.97741273100616	0	LumA	HiSeq 2000
F2906	GSM2530984	-2.42651831633487	4.985626283367557	0	Her2	HiSeq 2000
F2907	GSM2530985	-3.248600266787475	4.988364134154689	0	LumB	HiSeq 2000
F2908	GSM2530986	-3.7789497304524944	4.985626283367557	0	LumB	HiSeq 2000
F2909	GSM2530987	-3.361116445195906	4.974674880219028	0	LumA	HiSeq 2000
F2910	GSM2530988	-2.409150170595212	4.933607118412047	0	Normal	HiSeq 2000
F2911	GSM2530989	-3.423534916547006	2.3819301848049284	1	LumA	HiSeq 2000
F2912	GSM2530990	-2.686365533536481	1.3415468856947297	1	LumB	HiSeq 2000
F2913	GSM2530991	-2.1382396735075546	4.939082819986311	0	LumA	HiSeq 2000
F2914	GSM2530992	-3.5433049956082434	4.898015058179329	0	LumA	HiSeq 2000
F2915	GSM2530993	-3.6483044844784875	4.892539356605065	0	LumA	HiSeq 2000
F2916	GSM2530994	-2.9805895773480913	4.876112251882272	0	LumA	HiSeq 2000
F2917	GSM2530995	-2.252747187269237	4.758384668035592	0	Normal	HiSeq 2000
F2918	GSM2530996	-2.918879098362875	4.87337440109514	0	LumB	HiSeq 2000
F2919	GSM2530997	-3.154980549043255	4.930869267624915	0	LumA	HiSeq 2000
F2920	GSM2530998	-2.0688981854164186	4.843258042436688	0	LumA	HiSeq 2000
F2921	GSM2530999	-2.0532386804509923	4.876112251882272	0	Basal	HiSeq 2000
F2922	GSM2531000	-4.286774816434898	2.6365503080082138	1	Her2	HiSeq 2000
F2923	GSM2531001	-2.416504762806692	4.82135523613963	0	LumB	HiSeq 2000
F2924	GSM2531002	-2.7208416350393607	4.7967145790554415	0	LumB	HiSeq 2000
F2925	GSM2531003	-4.241176823683374	4.939082819986311	0	LumA	HiSeq 2000
F2926	GSM2531004	-2.66597365533696	4.777549623545517	0	LumA	HiSeq 2000
F2927	GSM2531005	-3.4030562025815336	3.1950718685831623	1	LumA	HiSeq 2000
F2928	GSM2531006	-1.3912388497752408	4.815879534565366	0	Her2	HiSeq 2000
F2929	GSM2531007	-3.7889204907825675	1.73305954825462	1	LumA	HiSeq 2000
F2930	GSM2531008	-2.655796238936417	4.75564681724846	0	LumB	HiSeq 2000
F2931	GSM2531009	-2.6778763567933415	2.4449007529089664	1	LumA	HiSeq 2000
F2932	GSM2531010	-2.520643868004063	4.802190280629706	0	Basal	HiSeq 2000
F2933	GSM2531011	-3.705812704380356	4.722792607802875	0	LumB	HiSeq 2000
F2934	GSM2531012	-3.239671002044939	4.783025325119781	0	LumA	HiSeq 2000
F2935	GSM2531013	-1.0560454533614727	2.754277891854894	1	Her2	HiSeq 2000
F2936	GSM2531014	-3.9534980460103477	4.700889801505818	0	LumA	HiSeq 2000
F2937	GSM2531015	0.7334427478821044	4.698151950718686	0	Basal	HiSeq 2000
F2938	GSM2531016	-3.675601849650166	3.693360711841205	1	LumA	HiSeq 2000
F2939	GSM2531017	-2.152326091863241	4.75564681724846	0	Basal	HiSeq 2000
F2940	GSM2531018	-2.4088049174581903	4.175222450376454	1	LumB	HiSeq 2000
F2941	GSM2531019	-2.4865122121246643	4.635181382614648	0	LumA	HiSeq 2000
F2942	GSM2531020	-2.054311872038166	4.700889801505818	0	Normal	HiSeq 2000
F2943	GSM2531021	-2.385323779906753	2.5845311430527036	1	LumB	HiSeq 2000
F2944	GSM2531022	-1.7511147550638049	4.662559890485968	0	LumB	HiSeq 2000
F2945	GSM2531023	-1.0938360870077852	4.65160848733744	0	Basal	HiSeq 2000
F2946	GSM2531024	-1.8729856698579934	4.659822039698836	0	Basal	HiSeq 2000
F2947	GSM2531025	-1.4592083755967158	4.643394934976044	0	LumA	HiSeq 2000
F2948	GSM2531026	-2.4480470333841677	4.643394934976044	0	Basal	HiSeq 2000
F2949	GSM2531027	-1.6295958471683543	4.646132785763176	0	LumB	HiSeq 2000
F2950	GSM2531028	-2.818316563701296	4.640657084188912	0	LumA	HiSeq 2000
F2951	GSM2531029	-3.654476479573315	4.643394934976044	0	LumA	HiSeq 2000
F2952	GSM2531030	-0.6592154199489785	4.65160848733744	0	Basal	HiSeq 2000
F2953	GSM2531031	-3.9145644212041866	2.2833675564681726	1	LumA	HiSeq 2000
F2954	GSM2531032	-0.9848223091279772	1.8781656399726214	1	Her2	HiSeq 2000
F2955	GSM2531033	-4.197716991757265	4.610540725530458	0	LumA	HiSeq 2000
F2956	GSM2531034	-3.1886853595558944	4.6269678302532515	0	LumA	HiSeq 2000
F2957	GSM2531035	-4.72352785559425	3.356605065023956	1	LumA	HiSeq 2000
F2958	GSM2531036	-1.9251522209667071	4.112251882272417	0	Her2	HiSeq 2000
F2959	GSM2531037	-1.096168745086247	4.093086926762491	0	Basal	HiSeq 2000
F2960	GSM2531038	0.07877289681453573	4.114989733059549	0	Basal	HiSeq 2000
F2961	GSM2531039	-1.4961175005138725	2.2806297056810405	1	Basal	HiSeq 2000
F2962	GSM2531040	-0.5097045800283663	4.03832991101985	0	Her2	HiSeq 2000
F2963	GSM2531041	1.1879631455642463	4.01368925393566	0	Basal	HiSeq 2000
F2964	GSM2531042	-0.4996328754931132	3.3894592744695413	1	Her2	HiSeq 2000
F2965	GSM2531043	0.5900435952189859	3.917864476386037	0	Basal	HiSeq 2000
F2966	GSM2531044	-0.7094964919492753	3.808350444900753	0	Her2	HiSeq 2000
F2967	GSM2531045	-1.3073799988988093	3.789185489390828	0	LumB	HiSeq 2000
F2968	GSM2531046	-2.778504936006326	3.7234770704996576	0	Normal	HiSeq 2000
F2969	GSM2531047	-1.9637004849109758	3.6878850102669403	0	Normal	HiSeq 2000
F2970	GSM2531048	-0.2970600835396982	3.649555099247091	0	Basal	HiSeq 2000
F2971	GSM2531049	-2.820011770581442	3.6139630390143735	0	LumA	HiSeq 2000
F2972	GSM2531050	-1.551461052214172	3.3182751540041067	0	LumA	HiSeq 2000
F2973	GSM2531051	-3.4166188535729907	3.3182751540041067	0	LumB	HiSeq 2000
F2974	GSM2531052	-1.0483592041195051	3.3018480492813143	0	Her2	HiSeq 2000
F2975	GSM2531053	-3.1541531714805213	3.3073237508555784	0	LumA	HiSeq 2000
F2976	GSM2531054	-3.4594290401583336	3.2306639288158796	0	LumA	HiSeq 2000
F2977	GSM2531055	-1.9358706994092676	4.583162217659138	0	LumB	HiSeq 2000
F2978	GSM2531056	-2.1001671995344613	4.569472963723477	0	LumA	HiSeq 2000
F2979	GSM2531057	-2.4432722341306747	1.7056810403832992	1	LumB	HiSeq 2000
F2980	GSM2531058	-0.058965841697080024	0.2546201232032854	1	Her2	HiSeq 2000
F2981	GSM2531059	-0.4510139553668722	4.569472963723477	0	LumB	HiSeq 2000
F2982	GSM2531060	0.2781046341339569	4.05201916495551	1	Her2	HiSeq 2000
F2983	GSM2531061	-1.9678250707767782	4.544832306639288	0	LumB	HiSeq 2000
F2984	GSM2531062	-3.487701173550509	4.528405201916495	0	LumA	HiSeq 2000
F2985	GSM2531063	-3.4777460376734846	4.542094455852156	0	LumA	HiSeq 2000
F2986	GSM2531064	0.44951134574028856	4.522929500342231	0	Her2	HiSeq 2000
F2987	GSM2531065	-2.501037454638327	4.5338809034907595	0	LumA	HiSeq 2000
F2988	GSM2531066	-3.7648229259560453	4.506502395619439	0	LumB	HiSeq 2000
F2989	GSM2531067	-1.7457963018205298	4.4955509924709105	0	LumA	HiSeq 2000
F2990	GSM2531068	-0.5205066878908252	4.487337440109514	0	Normal	HiSeq 2000
F2991	GSM2531069	-3.1025483649479795	4.487337440109514	0	LumB	NextSeq 500
F2992	GSM2531070	-1.368773662020996	4.506502395619439	0	LumA	HiSeq 2000
F2993	GSM2531071	-2.728882051204001	4.476386036960986	0	LumA	NextSeq 500
F2994	GSM2531072	-3.2635321911406487	4.473648186173854	0	LumB	HiSeq 2000
F2995	GSM2531073	-3.298840817299468	4.490075290896646	0	LumA	HiSeq 2000
F2996	GSM2531074	-1.7998427373356154	4.470910335386721	0	LumB	HiSeq 2000
F2997	GSM2531075	-2.975866059965505	4.427104722792608	0	LumA	HiSeq 2000
F2998	GSM2531076	-3.4191835191565434	4.413415468856948	0	LumA	HiSeq 2000
F2999	GSM2531077	-1.9037371305039357	4.42984257357974	0	LumA	NextSeq 500
F3000	GSM2531078	-3.418131504892167	4.413415468856948	0	LumA	HiSeq 2000
F3001	GSM2531079	-1.020637517592723	4.42984257357974	0	Her2	HiSeq 2000
F3002	GSM2531080	-3.045148304094601	4.388774811772758	0	LumA	HiSeq 2000
F3003	GSM2531081	-3.482037547286863	4.42984257357974	0	LumA	HiSeq 2000
F3004	GSM2531082	-3.319124684263149	4.39151266255989	0	LumB	HiSeq 2000
F3005	GSM2531083	-2.966903345096836	4.388774811772758	0	LumA	HiSeq 2000
F3006	GSM2531084	-0.8001620806156069	1.541409993155373	1	LumB	HiSeq 2000
F3007	GSM2531085	-1.4910169350748128	4.342231348391513	0	Basal	HiSeq 2000
F3008	GSM2531086	-3.8428089147869895	4.358658453114305	0	LumA	HiSeq 2000
F3009	GSM2531087	-3.2101021166422408	4.39151266255989	0	LumA	HiSeq 2000
F3010	GSM2531088	-3.5316294151857814	4.355920602327173	0	LumA	HiSeq 2000
F3011	GSM2531089	-4.2718120037305125	4.42984257357974	0	LumB	HiSeq 2000
F3012	GSM2531090	-1.1895399648446572	4.37782340862423	0	Her2	HiSeq 2000
F3013	GSM2531091	-2.9223999661977866	4.334017796030117	0	Normal	HiSeq 2000
F3014	GSM2531092	-2.6536455277996667	4.323066392881588	0	LumA	HiSeq 2000
F3015	GSM2531093	-2.7893236812344377	4.334017796030117	0	LumB	HiSeq 2000
F3016	GSM2531094	-2.5628248426677867	4.317590691307323	0	LumB	HiSeq 2000
F3017	GSM2531095	-2.827202648679118	4.317590691307323	0	LumB	HiSeq 2000
F3018	GSM2531096	-4.074522140213399	4.301163586584531	0	LumA	HiSeq 2000
F3019	GSM2531097	-0.8222467154047475	4.27378507871321	0	Normal	HiSeq 2000
F3020	GSM2531098	-2.972835752752743	4.284736481861739	0	LumA	HiSeq 2000
F3021	GSM2531099	-2.878448252305751	4.334017796030117	0	LumA	HiSeq 2000
F3022	GSM2531100	-2.4688339638720738	4.295687885010267	0	LumB	HiSeq 2000
F3023	GSM2531101	-1.7676418020249625	4.331279945242985	0	Basal	HiSeq 2000
F3024	GSM2531102	-2.6341677707725166	4.257357973990418	0	LumA	HiSeq 2000
F3025	GSM2531103	-3.6245146839433393	4.26009582477755	0	LumA	HiSeq 2000
F3026	GSM2531104	-2.645522186306835	4.243668720054757	0	LumB	HiSeq 2000
F3027	GSM2531105	-2.998257086243001	4.224503764544832	0	LumA	HiSeq 2000
F3028	GSM2531106	-2.481383142996652	3.4250513347022586	0	LumA	HiSeq 2000
F3029	GSM2531107	-2.1773183519264454	4.20807665982204	0	LumB	HiSeq 2000
F3030	GSM2531108	-2.3393547316537497	4.224503764544832	0	Normal	HiSeq 2000
F3031	GSM2531109	-2.1276730904174364	4.167008898015058	0	LumB	HiSeq 2000
F3032	GSM2531110	-3.230645916635949	4.205338809034908	0	LumB	HiSeq 2000
F3033	GSM2531111	-2.3030120013997335	4.199863107460644	0	LumA	HiSeq 2000
F3034	GSM2531112	-2.9460406162367803	4.180698151950718	0	LumA	HiSeq 2000
F3035	GSM2531113	-4.376493147879961	3.241615331964408	1	LumB	HiSeq 2000
F3036	GSM2531114	-2.474040117079974	4.167008898015058	0	Her2	HiSeq 2000
F3037	GSM2531115	-1.0986898028393837	4.164271047227926	0	Normal	HiSeq 2000
F3038	GSM2531116	-1.8819723133025674	4.161533196440794	0	Her2	HiSeq 2000
F3039	GSM2531117	-3.345274977415592	4.145106091718001	0	LumA	HiSeq 2000
F3040	GSM2531118	-2.821665984961242	4.142368240930869	0	LumB	HiSeq 2000
F3041	GSM2531119	-2.733846020094089	4.131416837782341	0	LumA	HiSeq 2000
F3042	GSM2531120	0.17036704323279434	4.153319644079398	0	Her2	HiSeq 2000
F3043	GSM2531121	-2.6493254308676226	4.142368240930869	0	LumB	HiSeq 2000
F3044	GSM2531122	-4.787511238119352	4.1040383299110195	0	LumA	HiSeq 2000
F3045	GSM2531123	-3.257909433174056	0.9363449691991786	0	LumA	HiSeq 2000
F3046	GSM2531124	-3.0956148897278704	4.112251882272417	0	LumB	HiSeq 2000
F3047	GSM2531125	-3.7457433737340886	4.05201916495551	0	LumA	HiSeq 2000
F3048	GSM2531126	-1.6355840860373239	4.068446269678303	0	Her2	HiSeq 2000
F3049	GSM2531127	-1.9708236621028032	4.057494866529774	0	LumA	HiSeq 2000
F3050	GSM2531128	-1.9509931767636666	4.057494866529774	0	LumB	HiSeq 2000
F3051	GSM2531129	-1.3488383796011176	4.076659822039699	0	Her2	HiSeq 2000
F3052	GSM2531130	-1.8618098194684478	4.05201916495551	0	LumB	HiSeq 2000
F3053	GSM2531131	-2.9805645868990394	4.054757015742642	0	LumB	HiSeq 2000
F3054	GSM2531132	-2.8334467030718855	4.054757015742642	0	LumA	HiSeq 2000
F3055	GSM2531133	-3.1973630549037106	4.049281314168378	0	LumA	HiSeq 2000
F3056	GSM2531134	-1.7870886450184185	4.068446269678303	0	Basal	HiSeq 2000
F3057	GSM2531135	-4.2539057516697145	4.032854209445585	0	Normal	HiSeq 2000
F3058	GSM2531136	-2.553313175954432	4.032854209445585	0	LumB	HiSeq 2000
F3059	GSM2531137	-2.283939315799407	4.032854209445585	0	LumA	HiSeq 2000
F3060	GSM2531138	-1.931592301316634	4.01368925393566	0	LumA	HiSeq 2000
F3061	GSM2531139	-2.7177536796948796	4.030116358658453	0	LumA	HiSeq 2000
F3062	GSM2531140	-1.5851088888524454	3.994524298425736	0	LumA	HiSeq 2000
F3063	GSM2531141	-3.128003468685421	3.997262149212868	0	LumA	HiSeq 2000
F3064	GSM2531142	-1.7582036417963485	4.046543463381246	0	LumB	HiSeq 2000
F3065	GSM2531143	-3.1413429942130926	3.978097193702943	0	LumA	HiSeq 2000
F3066	GSM2531144	-2.3325529458682106	3.978097193702943	0	Her2	HiSeq 2000
F3067	GSM2531145	-0.7698974794641753	3.975359342915811	0	Basal	HiSeq 2000
F3068	GSM2531146	-2.473116261802195	3.978097193702943	0	Normal	HiSeq 2000
F3069	GSM2531147	-3.166589238714162	3.975359342915811	0	LumA	HiSeq 2000
F3070	GSM2531148	-2.0896706965428558	3.9370294318959616	0	LumB	HiSeq 2000
F3071	GSM2531149	-1.5666523150706297	3.972621492128679	0	LumB	HiSeq 2000
F3072	GSM2531150	-1.7879284714063188	3.9561943874058865	0	LumA	HiSeq 2000
F3073	GSM2531151	-3.484663900026712	3.9534565366187544	0	LumA	HiSeq 2000
F3074	GSM2531152	-0.8827148820604431	3.9397672826830936	0	LumB	HiSeq 2000
F3075	GSM2531153	-3.79912614165569	3.9370294318959616	0	LumA	HiSeq 2000
F3076	GSM2531154	-1.491892582507278	3.9397672826830936	0	Her2	NextSeq 500
F3077	GSM2531155	-1.3519221338923106	3.9370294318959616	0	LumB	HiSeq 2000
F3078	GSM2531156	-2.6390357029435156	3.923340177960301	0	LumA	HiSeq 2000
F3079	GSM2531157	-0.08937401330465271	3.9534565366187544	0	Basal	NextSeq 500
F3080	GSM2531158	-2.9138744856180834	3.915126625598905	0	LumA	NextSeq 500
F3081	GSM2531159	-2.4603982514511724	3.9589322381930185	0	LumA	HiSeq 2000
F3082	GSM2531160	-2.1432158241590793	3.912388774811773	0	Normal	NextSeq 500
F3083	GSM2531161	-4.44058333339667	3.915126625598905	0	LumA	HiSeq 2000
F3084	GSM2531162	-2.55462128539062	3.885010266940452	0	LumA	HiSeq 2000
F3085	GSM2531163	-2.641754033108679	3.9041752224503763	0	LumB	HiSeq 2000
F3086	GSM2531164	-1.0516553508362385	3.89596167008898	0	Her2	HiSeq 2000
F3087	GSM2531165	0.10509895809353637	4.035592060232717	0	Her2	HiSeq 2000
F3088	GSM2531166	-0.11516469973986958	3.8412046543463383	0	Her2	NextSeq 500
F3089	GSM2531167	-2.1471809992057547	3.805612594113621	0	LumB	HiSeq 2000
F3090	GSM2531168	-2.9818077553399123	3.800136892539357	0	LumB	HiSeq 2000
F3091	GSM2531169	-4.30043823350758	3.802874743326489	0	LumB	HiSeq 2000
F3092	GSM2531170	-3.0949274574518664	3.7754962354551678	1	LumB	HiSeq 2000
F3093	GSM2531171	-3.1031701694366003	3.789185489390828	0	LumA	HiSeq 2000
F3094	GSM2531172	-0.7736858825708113	3.786447638603696	0	Her2	HiSeq 2000
F3095	GSM2531173	-1.5183567812466672	3.7508555783709787	0	LumA	HiSeq 2000
F3096	GSM2531174	-2.2318061341016477	3.2279260780287475	1	LumA	HiSeq 2000
F3097	GSM2531175	-2.932079949922354	3.759069130732375	0	LumB	HiSeq 2000
F3098	GSM2531176	-3.4103788068726777	1.538672142368241	1	LumB	HiSeq 2000
F3099	GSM2531177	-1.8243124958670056	3.7481177275838466	0	LumB	HiSeq 2000
F3100	GSM2531178	-4.743692574733128	3.7426420260095825	0	LumA	HiSeq 2000
F3101	GSM2531179	-3.204085234482913	3.7426420260095825	0	LumA	HiSeq 2000
F3102	GSM2531180	-3.4365308231080003	3.7399041752224504	0	LumA	HiSeq 2000
F3103	GSM2531181	-2.0703536675995378	3.7426420260095825	0	LumB	HiSeq 2000
F3104	GSM2531182	-3.378324295190108	3.707049965776865	0	LumA	HiSeq 2000
F3105	GSM2531183	-2.9813828106855866	3.682409308692676	0	LumA	HiSeq 2000
F3106	GSM2531184	-4.5780508912569315	3.671457905544148	0	LumB	HiSeq 2000
F3107	GSM2531185	-1.4191786163384992	3.671457905544148	0	Her2	HiSeq 2000
F3108	GSM2531186	-3.84669483282746	3.682409308692676	0	Normal	HiSeq 2000
F3109	GSM2531187	-2.886939866236212	1.1827515400410678	1	LumA	HiSeq 2000
F3110	GSM2531188	-3.208455190038385	0.3723477070499658	1	LumA	HiSeq 2000
F3111	GSM2531189	-0.25000665195939814	3.594798083504449	0	Basal	HiSeq 2000
F3112	GSM2531190	-1.6445318127036583	3.6084873374401094	0	LumA	HiSeq 2000
F3113	GSM2531191	-2.8225841137899828	3.589322381930185	0	Normal	HiSeq 2000
F3114	GSM2531192	-1.3809538746588481	3.575633127994524	0	Basal	HiSeq 2000
F3115	GSM2531193	-2.2844761835811624	3.594798083504449	0	LumA	HiSeq 2000
F3116	GSM2531194	-1.480413432332872	3.583846680355921	0	Basal	HiSeq 2000
F3117	GSM2531195	-2.406138423323468	3.646817248459959	0	LumA	HiSeq 2000
F3118	GSM2531196	-2.7469849718235495	3.589322381930185	0	Normal	HiSeq 2000
F3119	GSM2531197	-1.4664635489989863	0.8323066392881588	1	Basal	HiSeq 2000
F3120	GSM2531198	-0.38564073272601823	3.5537303216974676	0	Basal	HiSeq 2000
F3121	GSM2531199	-3.2392322458992284	3.5482546201232035	0	LumA	HiSeq 2000
F3122	GSM2531200	-2.418616191814384	3.5318275154004106	0	Normal	HiSeq 2000
F3123	GSM2531201	-3.458005038545728	3.515400410677618	0	LumA	HiSeq 2000
F3124	GSM2531202	-3.438330656398542	3.5071868583162216	0	Normal	HiSeq 2000
F3125	GSM2531203	-1.9145616793823033	3.4989733059548254	0	LumB	HiSeq 2000
F3126	GSM2531204	-3.631294778492167	3.490759753593429	0	LumA	HiSeq 2000
F3127	GSM2531205	-3.4833127878866676	3.4962354551676933	0	Her2	HiSeq 2000
F3128	GSM2531206	-3.096632784428769	3.479808350444901	0	LumA	HiSeq 2000
F3129	GSM2531207	-1.8317161378132578	3.433264887063655	0	LumA	HiSeq 2000
F3130	GSM2531208	-2.812226933097617	3.4168377823408624	0	LumB	HiSeq 2000
F3131	GSM2531209	-0.049072905867451104	3.3648186173853527	0	Basal	HiSeq 2000
F3132	GSM2531210	-1.7270982883767418	3.403148528405202	0	LumB	HiSeq 2000
F3133	GSM2531211	-3.6476883732762304	3.3976728268309375	0	LumA	HiSeq 2000
F3134	GSM2531212	-1.9664213332163505	0.8733744010951403	1	Basal	HiSeq 2000
F3135	GSM2531213	-0.5424513709735116	3.381245722108145	0	Basal	HiSeq 2000
F3136	GSM2531214	-3.5475910150699708	3.378507871321013	0	LumA	HiSeq 2000
F3137	GSM2531215	-4.271488261471171	3.375770020533881	0	LumA	HiSeq 2000
F3138	GSM2531216	-2.053533028531224	3.381245722108145	0	LumA	HiSeq 2000
F3139	GSM2531217	-2.8698088751705293	3.36208076659822	0	Basal	HiSeq 2000
F3140	GSM2531218	-1.010629984947038	3.353867214236824	0	LumB	HiSeq 2000
F3141	GSM2531219	-4.341610579964527	3.359342915811088	0	LumA	HiSeq 2000
F3142	GSM2531220	-3.9085675796669075	3.3949349760438055	0	LumA	HiSeq 2000
F3143	GSM2531221	-4.4947506131742765	3.3429158110882957	0	LumB	HiSeq 2000
F3144	GSM2531222	-0.07036291809945257	3.323750855578371	0	LumB	HiSeq 2000
F3145	GSM2531223	-3.2111224881334652	3.3429158110882957	0	LumA	HiSeq 2000
F3146	GSM2531224	-1.6094268249904693	3.323750855578371	0	LumA	HiSeq 2000
F3147	GSM2531225	-2.43274745471112	3.1129363449691994	1	LumA	HiSeq 2000
F3148	GSM2531226	-3.6660349013176496	3.3182751540041067	0	LumA	HiSeq 2000
F3149	GSM2531227	-3.8808584702286364	3.3018480492813143	0	LumA	HiSeq 2000
F3150	GSM2531228	-2.589929774458522	3.3073237508555784	0	LumA	HiSeq 2000
F3151	GSM2531229	-1.1429531858548105	3.3045859000684463	0	LumB	HiSeq 2000
F3152	GSM2531230	-4.995444188556077	1.5359342915811087	1	LumB	HiSeq 2000
F3153	GSM2531231	-0.7319695215843515	3.268993839835729	0	Her2	HiSeq 2000
F3154	GSM2531232	-3.3162012479721943	3.3073237508555784	0	LumB	HiSeq 2000
F3155	GSM2531233	-2.8047232290526	3.3018480492813143	0	LumA	HiSeq 2000
F3156	GSM2531234	-2.9104276685275465	1.431895961670089	1	LumB	HiSeq 2000
F3157	GSM2531235	-2.8718260075470203	3.260780287474333	0	Normal	HiSeq 2000
F3158	GSM2531236	-2.138890182616363	3.1184120465434635	1	LumA	HiSeq 2000
F3159	GSM2531237	-1.3569213070194448	3.2224503764544834	0	LumA	HiSeq 2000
F3160	GSM2531238	-0.16131187576134506	3.2279260780287475	0	Her2	HiSeq 2000
F3161	GSM2531239	-2.152712376413625	3.2087611225188226	0	Normal	HiSeq 2000
F3162	GSM2531240	-0.5062121431353266	3.2060232717316905	0	Normal	HiSeq 2000
F3163	GSM2531241	-2.063701529644962	3.2087611225188226	0	LumA	HiSeq 2000
F3164	GSM2531242	-1.6631885890482316	3.19233401779603	0	LumA	NextSeq 500
F3165	GSM2531243	-2.8659274400772663	3.2060232717316905	0	LumA	HiSeq 2000
F3166	GSM2531244	-0.4428630167012274	3.19233401779603	0	Normal	HiSeq 2000
F3167	GSM2531245	-4.719174663797701	3.19233401779603	0	LumA	HiSeq 2000
F3168	GSM2531246	-3.842367752735049	3.1950718685831623	0	LumA	HiSeq 2000
F3169	GSM2531247	-0.32577818859083824	3.186858316221766	0	LumB	HiSeq 2000
F3170	GSM2531248	-2.3263363643008357	3.156741957563313	0	LumA	HiSeq 2000
F3171	GSM2531249	0.1860524098721164	3.1704312114989732	0	Basal	NextSeq 500
F3172	GSM2531250	-3.5050299541068557	3.19233401779603	0	LumA	HiSeq 2000
F3173	GSM2531251	-1.5136933955646805	3.134839151266256	0	LumB	NextSeq 500
F3174	GSM2531252	-2.682813965546956	3.1293634496919918	0	LumA	NextSeq 500
F3175	GSM2531253	-3.2859507437412	3.1512662559890487	0	LumA	NextSeq 500
F3176	GSM2531254	-3.738765619733271	3.1512662559890487	0	LumB	NextSeq 500
F3177	GSM2531255	-4.031134360358078	3.0910335386721424	0	LumB	NextSeq 500
F3178	GSM2531256	-2.3503354687509237	3.0910335386721424	0	Normal	HiSeq 2000
F3179	GSM2531257	-0.04594712497461468	3.0937713894592744	0	Basal	HiSeq 2000
F3180	GSM2531258	-2.3737865054871476	3.0882956878850103	0	LumA	HiSeq 2000
F3181	GSM2531259	1.045043459710629	1.0075290896646132	1	Her2	HiSeq 2000
F3182	GSM2531260	-2.475183080072186	3.058179329226557	0	Normal	HiSeq 2000
F3183	GSM2531261	-2.6284191396683725	3.0718685831622174	0	LumA	HiSeq 2000
F3184	GSM2531262	-0.21393335210754766	3.19233401779603	0	Basal	HiSeq 2000
F3185	GSM2531263	0.15809524518018273	3.2060232717316905	0	Basal	HiSeq 2000
F3186	GSM2531264	-1.892119323152797	3.1184120465434635	0	Her2	NextSeq 500
F3187	GSM2531265	-0.22250084961849392	2.809034907597536	0	Basal	HiSeq 2000
F3188	GSM2531266	-1.0036411369715845	2.598220396988364	0	LumB	HiSeq 2000
F3189	GSM2531267	-3.3185531345960118	3.060917180013689	0	LumB	HiSeq 2000
F3190	GSM2531268	-1.9604071980925473	3.0718685831622174	0	LumA	HiSeq 2000
F3191	GSM2531269	-5.176769309901322	3.049965776865161	0	LumA	HiSeq 2000
F3192	GSM2531270	-5.687022764760333	3.0882956878850103	0	LumA	HiSeq 2000
F3193	GSM2531271	-3.361553735970346	3.07460643394935	0	LumA	HiSeq 2000
F3194	GSM2531272	-1.9392513357241719	3.0390143737166326	0	Her2	HiSeq 2000
F3195	GSM2531273	-1.8310064623235238	3.049965776865161	0	Her2	HiSeq 2000
F3196	GSM2531274	-1.150448164258211	3.0362765229295	0	Normal	NextSeq 500
F3197	GSM2531275	-3.7319516354946805	3.02258726899384	0	LumB	HiSeq 2000
F3198	GSM2531276	-2.9480153246382517	3.0198494182067077	0	LumA	HiSeq 2000
F3199	GSM2531277	-2.6113196528797777	3.02258726899384	0	Basal	HiSeq 2000
F3200	GSM2531278	-3.9040103835395006	3.0198494182067077	0	LumA	HiSeq 2000
F3201	GSM2531279	-4.728664858647917	3.0034223134839153	0	LumA	HiSeq 2000
F3202	GSM2531280	-3.68132076077198	2.9842573579739904	0	LumB	HiSeq 2000
F3203	GSM2531281	-3.8379013493892247	3.0034223134839153	0	LumA	HiSeq 2000
F3204	GSM2531282	-3.566308004213047	2.954140999315537	0	LumA	HiSeq 2000
F3205	GSM2531283	-3.521853300198474	2.937713894592745	0	LumA	HiSeq 2000
F3206	GSM2531284	-3.767806221071406	2.954140999315537	0	LumB	HiSeq 2000
F3207	GSM2531285	-1.7942677676802443	2.921286789869952	0	Her2	HiSeq 2000
F3208	GSM2531286	-1.3363833680827215	2.9623545516769334	0	Basal	HiSeq 2000
F3209	GSM2531287	-3.6802818610824364	2.926762491444216	0	LumA	HiSeq 2000
F3210	GSM2531288	-2.567703205649818	2.9021218343600275	0	LumA	HiSeq 2000
F3211	GSM2531289	-2.314478544552002	2.9787816563997263	0	LumB	HiSeq 2000
F3212	GSM2531290	-1.8527519264041152	2.869267624914442	0	Her2	HiSeq 2000
F3213	GSM2531291	-0.9873438810875009	2.869267624914442	0	Basal	HiSeq 2000
F3214	GSM2531292	-1.3301120756747422	2.861054072553046	0	LumB	HiSeq 2000
F3215	GSM2531293	-2.3686335452292053	2.847364818617385	0	LumA	HiSeq 2000
F3216	GSM2531294	-3.4714161475874348	2.811772758384668	0	LumA	HiSeq 2000
F3217	GSM2531295	-2.6286001671383947	2.811772758384668	0	LumA	HiSeq 2000
F3218	GSM2531296	-2.4954505041150497	2.7898699520876113	0	LumB	HiSeq 2000
F3219	GSM2531297	-2.298866739618288	2.74880219028063	0	LumA	HiSeq 2000
F3220	GSM2531298	-3.279009132803689	2.8008213552361396	0	LumA	HiSeq 2000
F3221	GSM2531299	-2.8199292040068515	2.732375085557837	0	LumA	HiSeq 2000
F3222	GSM2531300	-4.542287570459302	2.74880219028063	0	LumB	HiSeq 2000
F3223	GSM2531301	-3.617554968779489	2.6967830253251197	0	LumA	HiSeq 2000
F3224	GSM2531302	-2.215433755874941	2.6913073237508556	0	LumB	HiSeq 2000
F3225	GSM2531303	-0.5984454001194327	2.6858316221765914	0	Basal	HiSeq 2000
F3226	GSM2531304	-0.8718673846035603	2.6776180698151952	0	Her2	HiSeq 2000
F3227	GSM2531305	-2.957385868493732	2.6721423682409307	0	LumA	HiSeq 2000
F3228	GSM2531306	-3.3293895844738834	2.6666666666666665	0	LumA	HiSeq 2000
F3229	GSM2531307	-1.4706308477719399	2.639288158795346	0	LumB	HiSeq 2000
F3230	GSM2531308	-3.5705128635052006	2.6721423682409307	0	LumA	HiSeq 2000
F3231	GSM2531309	-2.111382543777368	2.6338124572210813	0	Normal	HiSeq 2000
F3232	GSM2531310	-2.0396464174880826	1.1718001368925393	1	LumB	NextSeq 500
F3233	GSM2531311	-2.6733715852270055	2.614647501711157	0	LumA	HiSeq 2000
F3234	GSM2531312	-3.172626279875532	2.6091718001368926	0	LumA	HiSeq 2000
F3235	GSM2531313	-3.7616617060580855	2.568104038329911	0	LumB	HiSeq 2000
F3236	GSM2531314	-3.3824653922953876	2.5735797399041753	0	LumA	HiSeq 2000
F3237	GSM2531315	-1.1421095018090468	2.5927446954141	0	LumB	HiSeq 2000
F3238	GSM2531316	-2.755603416685578	2.5571526351813825	0	LumA	HiSeq 2000
F3239	GSM2531317	-1.429596315935911	2.532511978097194	0	LumB	HiSeq 2000
F3240	GSM2531318	-2.65857020895831	2.5544147843942504	0	LumB	NextSeq 500
F3241	GSM2531319	-2.1656341267990533	2.5927446954141	0	LumA	HiSeq 2000
F3242	GSM2531320	-1.5777881080512897	2.518822724161533	0	Her2	HiSeq 2000
F3243	GSM2531321	-2.9179463197443702	2.521560574948665	0	LumA	HiSeq 2000
F3244	GSM2531322	-4.080691446114226	2.4969199178644765	0	LumA	HiSeq 2000
F3245	GSM2531323	-2.8482745517704804	2.4941820670773445	0	LumB	NextSeq 500
F3246	GSM2531324	-1.4633122804040235	2.518822724161533	0	LumB	HiSeq 2000
F3247	GSM2531325	0.10385832887816343	2.4421629021218343	0	Basal	HiSeq 2000
F3248	GSM2531326	-3.61487992400372	2.3655030800821355	0	LumA	HiSeq 2000
F3249	GSM2531327	-3.581402954728507	2.4832306639288158	0	LumA	HiSeq 2000
F3250	GSM2531328	-2.0464118095183506	2.4750171115674195	0	Her2	HiSeq 2000
F3251	GSM2531329	-2.2576878614993716	2.4722792607802875	0	LumB	HiSeq 2000
F3252	GSM2531330	-3.2308595300638965	2.4640657084188913	0	LumA	HiSeq 2000
F3253	GSM2531331	-2.8270149246654945	2.425735797399042	0	LumB	HiSeq 2000
F3254	GSM2531332	-0.9153038682052135	2.4804928131416837	0	Basal	HiSeq 2000
F3255	GSM2531333	-3.5652747125603472	2.4202600958247777	0	LumA	HiSeq 2000
F3256	GSM2531334	-3.4647355505591317	2.4202600958247777	0	LumA	HiSeq 2000
F3257	GSM2531335	-2.304106616707204	2.4175222450376452	0	LumA	HiSeq 2000
F3258	GSM2531336	-3.8363288849613912	2.425735797399042	0	LumA	HiSeq 2000
F3259	GSM2531337	-2.280776823736082	2.5735797399041753	0	Normal	HiSeq 2000
F3260	GSM2531338	-3.7682510649179912	2.4722792607802875	0	LumA	HiSeq 2000
F3261	GSM2531339	-3.1276079603288176	2.4202600958247777	0	LumA	HiSeq 2000
F3262	GSM2531340	-2.720576771428471	2.403832991101985	0	LumB	HiSeq 2000
F3263	GSM2531341	-3.8082558213432063	2.3956194387405887	0	Normal	HiSeq 2000
F3264	GSM2531342	-3.1639927515360533	2.3819301848049284	0	LumA	HiSeq 2000
F3265	GSM2531343	-4.186878260193423	2.412046543463381	0	LumB	HiSeq 2000
F3266	GSM2531344	-3.380808845325827	2.3655030800821355	0	LumA	NextSeq 500
F3267	GSM2531345	-2.459015004120123	2.3572895277207393	0	Her2	HiSeq 2000
F3268	GSM2531346	-1.811012997503004	2.401095140314853	0	Her2	HiSeq 2000
F3269	GSM2531347	-3.1762409338470787	2.3436002737850785	0	LumB	HiSeq 2000
F3270	GSM2531348	-4.081315586460681	2.3572895277207393	0	LumA	HiSeq 2000
F3271	GSM2531349	-1.6655350591505997	2.3600273785078714	0	LumB	NextSeq 500
F3272	GSM2531350	-4.880496256951886	2.3107460643394937	0	LumA	HiSeq 2000
F3273	GSM2531351	-4.129849680730832	2.308008213552361	0	LumA	NextSeq 500
